{"type": "FeatureCollection", "features": [{"type": "Feature", "geometry": {"type": "LineString", "coordinates": [[-94.39983, 28.96283], [-94.39957, 28.964], [-94.39927, 28.96628], [-94.39908, 28.9675], [-94.39875, 28.96975], [-94.39862, 28.97102], [-94.3983, 28.9733], [-94.39815, 28.97452], [-94.39782, 28.97683], [-94.39762, 28.97808], [-94.39743, 28.97933], [-94.39705, 28.98185], [-94.3969, 28.98312], [-94.39648, 28.9856], [-94.39627, 28.98693], [-94.39582, 28.98962], [-94.3955, 28.99083], [-94.39505, 28.99342], [-94.3949, 28.99465], [-94.39482, 28.99583], [-94.39467, 28.99808], [-94.39457, 28.99932], [-94.39435, 29.0017], [-94.3942, 29.00293], [-94.39403, 29.0054], [-94.39395, 29.00665], [-94.39382, 29.00918], [-94.39382, 29.01028], [-94.39368, 29.01152], [-94.39348, 29.0141], [-94.39342, 29.01532], [-94.39315, 29.01785], [-94.39308, 29.0191], [-94.39278, 29.02162], [-94.39262, 29.02283], [-94.39232, 29.02528], [-94.39227, 29.02545], [-94.3922, 29.02663], [-94.3918, 29.02868], [-94.39163, 29.02988], [-94.39145, 29.03222], [-94.3913, 29.03335], [-94.39102, 29.0357], [-94.39092, 29.03687], [-94.39077, 29.03798], [-94.39055, 29.04028], [-94.39042, 29.04142], [-94.38975, 29.04372], [-94.38938, 29.0449], [-94.38865, 29.04725], [-94.38827, 29.04845], [-94.38762, 29.05088], [-94.38725, 29.05212], [-94.38692, 29.05332], [-94.38637, 29.05585], [-94.38583, 29.05703], [-94.38425, 29.05948], [-94.38318, 29.06057], [-94.38038, 29.06238], [-94.37895, 29.06322], [-94.37592, 29.0647], [-94.37455, 29.06528], [-94.37288, 29.06583], [-94.36947, 29.06683], [-94.36792, 29.06712], [-94.36448, 29.06708], [-94.36288, 29.06672], [-94.36068, 29.06538], [-94.35942, 29.0644], [-94.35718, 29.06265], [-94.35618, 29.06187], [-94.35505, 29.061], [-94.3527, 29.05905], [-94.35148, 29.05808], [-94.34905, 29.05607], [-94.34795, 29.05508], [-94.34528, 29.05282], [-94.34403, 29.05178], [-94.34162, 29.04973], [-94.34032, 29.04858], [-94.33902, 29.04752], [-94.33657, 29.04547], [-94.33532, 29.04443], [-94.33273, 29.04233], [-94.33147, 29.04123], [-94.3288, 29.0389], [-94.32753, 29.03778], [-94.32503, 29.0356], [-94.32422, 29.03495], [-94.3227, 29.03362], [-94.31992, 29.0313], [-94.31868, 29.03038], [-94.3172, 29.02798], [-94.31727, 29.027], [-94.31787, 29.025], [-94.31832, 29.02412], [-94.31923, 29.02212], [-94.31972, 29.02115], [-94.32023, 29.02012], [-94.32132, 29.018], [-94.32188, 29.01687], [-94.32293, 29.01478], [-94.32355, 29.01373], [-94.32468, 29.01147], [-94.32523, 29.01033], [-94.32633, 29.00808], [-94.32682, 29.0071], [-94.32735, 29.00612], [-94.32835, 29.00415], [-94.32882, 29.0031], [-94.32977, 29.00098], [-94.3303, 28.99977], [-94.33155, 28.99715], [-94.33203, 28.99608], [-94.33252, 28.99503], [-94.33355, 28.99278], [-94.33402, 28.99172], [-94.3352, 28.98955], [-94.33592, 28.9887], [-94.33743, 28.98707], [-94.33817, 28.98628], [-94.3396, 28.98443], [-94.34028, 28.9835], [-94.34098, 28.98265], [-94.34248, 28.98077], [-94.34328, 28.9798], [-94.34497, 28.97778], [-94.3457, 28.9768], [-94.3473, 28.97485], [-94.34803, 28.97385], [-94.34957, 28.97182], [-94.35032, 28.9708], [-94.35125, 28.96965], [-94.35277, 28.96765], [-94.35367, 28.96655], [-94.35525, 28.9646], [-94.35602, 28.96365], [-94.35742, 28.96175], [-94.35818, 28.96067], [-94.35937, 28.95893], [-94.36015, 28.95822], [-94.36077, 28.95737], [-94.36227, 28.9552], [-94.36285, 28.95472], [-94.36427, 28.95263], [-94.36498, 28.95172], [-94.36663, 28.94953], [-94.36737, 28.94857], [-94.36907, 28.94657], [-94.36998, 28.94593], [-94.37088, 28.94542], [-94.37247, 28.9448], [-94.37347, 28.94462], [-94.37513, 28.94462], [-94.37592, 28.94482], [-94.37733, 28.94552], [-94.3779, 28.94605], [-94.3784, 28.94762], [-94.37817, 28.9486], [-94.37787, 28.94957], [-94.3772, 28.95167], [-94.37692, 28.95267], [-94.37625, 28.95497], [-94.37617, 28.95583], [-94.3753, 28.95798], [-94.37498, 28.95905], [-94.37417, 28.96112], [-94.37377, 28.9621], [-94.37355, 28.96333], [-94.373, 28.9655], [-94.37263, 28.9666], [-94.37213, 28.96852], [-94.37183, 28.9695], [-94.37135, 28.97145], [-94.3711, 28.97238], [-94.37048, 28.97432], [-94.37013, 28.9754], [-94.3698, 28.97647], [-94.36927, 28.97808], [-94.36898, 28.97907], [-94.36833, 28.98095], [-94.36802, 28.98185], [-94.36748, 28.98362], [-94.36722, 28.98457], [-94.3669, 28.98558], [-94.36638, 28.9875], [-94.3661, 28.98835], [-94.36555, 28.99033], [-94.36528, 28.99132], [-94.36475, 28.99323], [-94.36453, 28.99418], [-94.36412, 28.99605], [-94.3639, 28.99698], [-94.3637, 28.99795], [-94.36332, 28.99977], [-94.36313, 29.00077], [-94.36272, 29.00273], [-94.36248, 29.00372], [-94.36223, 29.0057], [-94.3621, 29.0066], [-94.36187, 29.00842], [-94.36172, 29.00918], [-94.36167, 29.01005], [-94.36153, 29.01173], [-94.3615, 29.01258], [-94.36142, 29.0143], [-94.36142, 29.01512], [-94.36135, 29.01685], [-94.36133, 29.01773], [-94.36132, 29.01952], [-94.36132, 29.0204], [-94.3613, 29.02118], [-94.3613, 29.023], [-94.36125, 29.02392], [-94.36117, 29.02547], [-94.36117, 29.02635], [-94.3612, 29.02818], [-94.36112, 29.0289], [-94.36097, 29.03078], [-94.36087, 29.03172], [-94.36077, 29.03262], [-94.3606, 29.03448], [-94.36053, 29.03543], [-94.36048, 29.03725], [-94.3604, 29.03783], [-94.36045, 29.03997], [-94.36065, 29.04083], [-94.3603, 29.04273], [-94.3598, 29.04307], [-94.3606, 29.04515], [-94.36012, 29.0465], [-94.3601, 29.04742], [-94.36, 29.04942], [-94.35997, 29.0504], [-94.36, 29.05218], [-94.35997, 29.05312], [-94.36003, 29.0551], [-94.36017, 29.05605], [-94.3603, 29.05707], [-94.36048, 29.05908], [-94.36058, 29.05998], [-94.36083, 29.06203], [-94.36095, 29.06295], [-94.36095, 29.06492], [-94.36072, 29.06612], [-94.3599, 29.06848], [-94.35942, 29.06968], [-94.35875, 29.0709], [-94.35693, 29.07325], [-94.35583, 29.07437], [-94.35315, 29.0763], [-94.3529, 29.07642], [-94.34965, 29.0773], [-94.3481, 29.07732], [-94.34677, 29.07698], [-94.34495, 29.07587], [-94.34443, 29.07513], [-94.34375, 29.0735], [-94.34353, 29.07267], [-94.34307, 29.07072], [-94.34283, 29.06975], [-94.34233, 29.06773], [-94.3421, 29.06667], [-94.34192, 29.0657], [-94.34147, 29.06352], [-94.3413, 29.06245], [-94.34082, 29.06023], [-94.34068, 29.05922], [-94.34037, 29.05693], [-94.34025, 29.05577], [-94.33987, 29.05343], [-94.33963, 29.05243], [-94.33928, 29.05123], [-94.33872, 29.04872], [-94.33848, 29.04752], [-94.33795, 29.04525], [-94.33772, 29.04403], [-94.33748, 29.04162], [-94.33737, 29.04042], [-94.33727, 29.038], [-94.33713, 29.03662], [-94.33702, 29.0352], [-94.33688, 29.03258], [-94.33682, 29.03133], [-94.33668, 29.0289], [-94.33662, 29.0275], [-94.3365, 29.0251], [-94.33643, 29.0242], [-94.33623, 29.02143], [-94.33617, 29.02013], [-94.33605, 29.01882], [-94.33595, 29.01638], [-94.33583, 29.0149], [-94.3355, 29.01247], [-94.33538, 29.01115], [-94.3351, 29.00852], [-94.33508, 29.00718], [-94.33483, 29.00417], [-94.33468, 29.00308], [-94.33457, 29.0018], [-94.3343, 28.99878], [-94.33422, 28.99743], [-94.33402, 28.99495], [-94.33388, 28.99362], [-94.33367, 28.99112], [-94.3334, 28.98957], [-94.33357, 28.98673], [-94.33397, 28.9854], [-94.33442, 28.98432], [-94.33525, 28.98225], [-94.33575, 28.98087], [-94.33693, 28.97882], [-94.33768, 28.97788], [-94.33907, 28.97605], [-94.33983, 28.97508], [-94.34138, 28.97312], [-94.34228, 28.97205], [-94.34302, 28.97098], [-94.3446, 28.96895], [-94.34535, 28.9679], [-94.34708, 28.96563], [-94.34788, 28.96458], [-94.34927, 28.96275], [-94.35008, 28.9617], [-94.351, 28.9605], [-94.3526, 28.95835], [-94.35343, 28.95725], [-94.35505, 28.95492], [-94.35582, 28.95383], [-94.35747, 28.95162], [-94.35827, 28.95055], [-94.3599, 28.94833], [-94.36067, 28.94727], [-94.36143, 28.9462], [-94.36322, 28.94383], [-94.36403, 28.94275], [-94.36583, 28.94037], [-94.3666, 28.93932], [-94.36832, 28.93698], [-94.36927, 28.9356], [-94.37093, 28.93345], [-94.3717, 28.93232], [-94.37237, 28.93113], [-94.3745, 28.92868], [-94.3755, 28.92827], [-94.37713, 28.92858], [-94.37783, 28.92895], [-94.37933, 28.92967], [-94.38013, 28.93013], [-94.38157, 28.93172], [-94.38187, 28.93262], [-94.38182, 28.93362], [-94.3811, 28.9357], [-94.38073, 28.93673], [-94.37993, 28.93888], [-94.37957, 28.93993], [-94.37868, 28.94242], [-94.37845, 28.94342], [-94.37813, 28.94547], [-94.37798, 28.94653], [-94.37782, 28.9476], [-94.37753, 28.94968], [-94.37732, 28.95072], [-94.37705, 28.95268], [-94.37693, 28.95375], [-94.37663, 28.95588], [-94.37653, 28.95697], [-94.37627, 28.95938], [-94.37615, 28.96065], [-94.37598, 28.96185], [-94.37575, 28.96398], [-94.37568, 28.96487], [-94.37545, 28.96693], [-94.37532, 28.96797], [-94.37508, 28.97003], [-94.37502, 28.97103], [-94.3748, 28.9733], [-94.3747, 28.97433], [-94.37462, 28.97538], [-94.37438, 28.97762], [-94.3743, 28.97865], [-94.37418, 28.98075], [-94.3741, 28.98183], [-94.37398, 28.98398], [-94.37392, 28.98503], [-94.37375, 28.98712], [-94.37367, 28.98817], [-94.37362, 28.98922], [-94.37347, 28.99113], [-94.3734, 28.99233], [-94.3733, 28.99442], [-94.37327, 28.99518], [-94.37315, 28.99725], [-94.3731, 28.99832], [-94.37305, 28.99937], [-94.37293, 29.00145], [-94.37287, 29.00252], [-94.37272, 29.0047], [-94.37288, 29.00578], [-94.37313, 29.00793], [-94.37327, 29.00902], [-94.37353, 29.01113], [-94.37365, 29.0122], [-94.37375, 29.01327], [-94.37393, 29.0154], [-94.37407, 29.01645], [-94.37427, 29.0186], [-94.37435, 29.01967], [-94.37452, 29.02182], [-94.37458, 29.02288], [-94.37477, 29.02498], [-94.3748, 29.02603], [-94.37488, 29.02707], [-94.37503, 29.02913], [-94.3751, 29.03017], [-94.37523, 29.0322], [-94.3753, 29.0333], [-94.37543, 29.03518], [-94.37548, 29.03622], [-94.37567, 29.03822], [-94.37575, 29.03925], [-94.37583, 29.04027], [-94.37605, 29.04228], [-94.37605, 29.0433], [-94.37637, 29.04518], [-94.37658, 29.04612], [-94.37708, 29.04783], [-94.37723, 29.04842], [-94.37772, 29.05017], [-94.37792, 29.0511], [-94.37818, 29.052], [-94.37913, 29.05398], [-94.37925, 29.05498], [-94.37812, 29.05678], [-94.37703, 29.05743], [-94.37407, 29.05768], [-94.3728, 29.05728], [-94.37058, 29.05563], [-94.36995, 29.0546], [-94.36972, 29.0534], [-94.3702, 29.0511], [-94.37068, 29.04973], [-94.37207, 29.04682], [-94.3735, 29.04557], [-94.37792, 29.0425], [-94.38023, 29.04133], [-94.38545, 29.03968], [-94.38828, 29.03887], [-94.39118, 29.03885], [-94.39625, 29.04003], [-94.39887, 29.041], [-94.40428, 29.04312], [-94.40687, 29.04415], [-94.41155, 29.04593], [-94.41383, 29.0468], [-94.41822, 29.04842], [-94.42052, 29.0493], [-94.42297, 29.05027], [-94.42788, 29.05238], [-94.4299, 29.05312], [-94.43462, 29.05242], [-94.43722, 29.05197], [-94.44278, 29.05115], [-94.4457, 29.05075], [-94.44608, 29.05068], [-94.45213, 29.05055], [-94.45502, 29.0513], [-94.4608, 29.05293], [-94.46365, 29.0538], [-94.46955, 29.0556], [-94.47225, 29.05637], [-94.47723, 29.05783], [-94.47955, 29.0585], [-94.48147, 29.05902], [-94.48548, 29.05995], [-94.48722, 29.06047], [-94.48982, 29.06203], [-94.49095, 29.06285], [-94.4932, 29.0643], [-94.49425, 29.06503], [-94.49633, 29.0665], [-94.49733, 29.06723], [-94.49838, 29.06793], [-94.50018, 29.06927], [-94.5014, 29.07005], [-94.50343, 29.07133], [-94.5044, 29.07203], [-94.50628, 29.07328], [-94.50763, 29.07363], [-94.51067, 29.07432], [-94.51232, 29.07465], [-94.51435, 29.07503], [-94.51773, 29.076], [-94.5194, 29.0767], [-94.52258, 29.07825], [-94.5241, 29.07905], [-94.52732, 29.08087], [-94.52912, 29.08182], [-94.53277, 29.0844], [-94.5347, 29.08602]]}, "properties": {"mmsi": "538003321", "name": "EVERGLADES", "vessel_type": "tanker", "n_points": 721, "n_points_full": 1027, "max_gap_minutes": 12.0}}, {"type": "Feature", "geometry": {"type": "LineString", "coordinates": [[-94.21905, 28.98502], [-94.21843, 28.98546], [-94.21717, 28.9864], [-94.21653, 28.98683], [-94.21531, 28.98774], [-94.21465, 28.98815], [-94.21349, 28.98897], [-94.21276, 28.98938], [-94.21152, 28.9902], [-94.211, 28.99054], [-94.20966, 28.99136], [-94.20913, 28.99168], [-94.20859, 28.99213], [-94.20732, 28.99292], [-94.20667, 28.99331], [-94.20541, 28.99424], [-94.20484, 28.99473], [-94.2036, 28.99568], [-94.20296, 28.99616], [-94.20159, 28.99711], [-94.20094, 28.99753], [-94.19974, 28.99841], [-94.19912, 28.99887], [-94.1977, 28.99978], [-94.19711, 29.00012], [-94.19672, 29.00019], [-94.19655, 28.99905], [-94.1972, 28.99776], [-94.20014, 28.99393], [-94.20209, 28.99182], [-94.20627, 28.9875], [-94.20855, 28.98513], [-94.21336, 28.98003], [-94.21572, 28.97752], [-94.22048, 28.97254], [-94.22264, 28.97085], [-94.2255, 28.96919], [-94.23154, 28.96759], [-94.23496, 28.96721], [-94.24195, 28.96663], [-94.24557, 28.96637], [-94.25252, 28.9661], [-94.25611, 28.96592], [-94.26317, 28.96569], [-94.26776, 28.96561], [-94.27493, 28.96555], [-94.27851, 28.96551], [-94.282, 28.96544], [-94.28901, 28.96521], [-94.29309, 28.96517], [-94.29946, 28.96518], [-94.30215, 28.96509], [-94.3062, 28.96487], [-94.30781, 28.96482], [-94.31061, 28.96421], [-94.31155, 28.96386], [-94.31287, 28.96327], [-94.31337, 28.96285], [-94.31428, 28.96187], [-94.3146, 28.96141], [-94.31483, 28.961], [-94.31513, 28.96004], [-94.31519, 28.95948], [-94.31513, 28.95844], [-94.31507, 28.95796], [-94.31456, 28.9571], [-94.31419, 28.95666], [-94.31342, 28.95586], [-94.31308, 28.95557], [-94.31215, 28.95501], [-94.31168, 28.95481], [-94.31145, 28.95474], [-94.31033, 28.95444], [-94.30971, 28.95435], [-94.3083, 28.95445], [-94.30758, 28.95452], [-94.30623, 28.95471], [-94.30552, 28.95485], [-94.30393, 28.9552], [-94.30331, 28.9554], [-94.30182, 28.95584], [-94.30098, 28.95611], [-94.30025, 28.95642], [-94.2987, 28.95694], [-94.29768, 28.95723], [-94.29595, 28.95771], [-94.29505, 28.9579], [-94.29342, 28.95832], [-94.29253, 28.95856], [-94.29077, 28.95892], [-94.28993, 28.95909], [-94.28815, 28.95932], [-94.28725, 28.95944], [-94.28635, 28.95954], [-94.28437, 28.95985], [-94.28346, 28.96005], [-94.28154, 28.96038], [-94.28058, 28.96053], [-94.27866, 28.96082], [-94.27783, 28.96093], [-94.2759, 28.96123], [-94.27491, 28.96132], [-94.27298, 28.9616], [-94.27204, 28.96176], [-94.27001, 28.96205], [-94.26911, 28.96214], [-94.26822, 28.96227], [-94.26697, 28.96249], [-94.2659, 28.96272], [-94.26408, 28.96312], [-94.26311, 28.96338], [-94.26128, 28.96382], [-94.26042, 28.96401], [-94.25864, 28.96436], [-94.25777, 28.96451], [-94.25608, 28.96484], [-94.25524, 28.96504], [-94.25429, 28.96528], [-94.25238, 28.96561], [-94.25129, 28.96581], [-94.24956, 28.96615], [-94.24857, 28.96634], [-94.24666, 28.9667], [-94.24585, 28.96692], [-94.2437, 28.96739], [-94.24267, 28.96765], [-94.24065, 28.96808], [-94.23969, 28.96833], [-94.23875, 28.96852], [-94.2368, 28.96889], [-94.23587, 28.96907], [-94.2337, 28.96949], [-94.2328, 28.9697], [-94.23101, 28.97014], [-94.23005, 28.9703], [-94.22802, 28.97088], [-94.2271, 28.97116], [-94.22522, 28.97172], [-94.22419, 28.972], [-94.22219, 28.97255], [-94.22125, 28.97286], [-94.22024, 28.97315], [-94.21767, 28.97389], [-94.21671, 28.97415], [-94.21489, 28.97457], [-94.21395, 28.9748], [-94.21187, 28.97521], [-94.21095, 28.97543], [-94.20902, 28.97593], [-94.2078, 28.9763], [-94.20593, 28.97687], [-94.20492, 28.97711], [-94.20386, 28.97732], [-94.20173, 28.97784], [-94.20073, 28.97816], [-94.19881, 28.97879], [-94.19784, 28.97911], [-94.19572, 28.97988], [-94.19474, 28.9802], [-94.19286, 28.98071], [-94.1919, 28.98098], [-94.1899, 28.98165], [-94.18877, 28.98198], [-94.18779, 28.98224], [-94.18569, 28.9828], [-94.18471, 28.98314], [-94.18282, 28.98376], [-94.18196, 28.98402], [-94.18025, 28.98461], [-94.17933, 28.98492], [-94.1775, 28.9855], [-94.1766, 28.98574], [-94.1749, 28.98618], [-94.17406, 28.9862], [-94.17297, 28.98558], [-94.17293, 28.98476], [-94.1735, 28.9839], [-94.17652, 28.98217], [-94.17873, 28.98151], [-94.18426, 28.98062], [-94.18746, 28.98036], [-94.19395, 28.97948], [-94.19679, 28.97905], [-94.20352, 28.97805], [-94.20691, 28.9776], [-94.21404, 28.97657], [-94.21743, 28.97607], [-94.22077, 28.97557], [-94.22744, 28.97453], [-94.2308, 28.97405], [-94.23718, 28.97356], [-94.24046, 28.97315], [-94.24682, 28.97248], [-94.25066, 28.97209], [-94.25857, 28.97132], [-94.2619, 28.97092], [-94.26876, 28.97019], [-94.27227, 28.96981], [-94.27566, 28.96947], [-94.28306, 28.96861], [-94.28645, 28.96828], [-94.29327, 28.96758], [-94.29668, 28.96722], [-94.30359, 28.9667], [-94.30747, 28.96639], [-94.31516, 28.96572], [-94.3185, 28.96551], [-94.32404, 28.96445], [-94.32615, 28.9638], [-94.32794, 28.96335], [-94.33016, 28.96257], [-94.33064, 28.96241], [-94.33172, 28.96195], [-94.33201, 28.96159], [-94.33202, 28.96075], [-94.33188, 28.96031], [-94.33153, 28.95935], [-94.33125, 28.95888], [-94.33049, 28.95807], [-94.33006, 28.9577], [-94.32918, 28.957], [-94.32867, 28.95667], [-94.32815, 28.95633], [-94.3269, 28.95568], [-94.3263, 28.95547], [-94.32496, 28.95508], [-94.3243, 28.9549], [-94.32289, 28.95466], [-94.32217, 28.95457], [-94.32068, 28.95464], [-94.3199, 28.95471], [-94.31813, 28.95502], [-94.31726, 28.95526], [-94.31635, 28.95557], [-94.3145, 28.95625], [-94.31359, 28.95667], [-94.31181, 28.9576], [-94.31091, 28.95809], [-94.30919, 28.9591], [-94.30834, 28.95952], [-94.30663, 28.96035], [-94.30588, 28.96064], [-94.30419, 28.96146], [-94.30342, 28.9618], [-94.30266, 28.96213], [-94.30109, 28.9627], [-94.30053, 28.96286], [-94.2991, 28.96337], [-94.29837, 28.96358], [-94.2969, 28.96394], [-94.29611, 28.96414], [-94.29485, 28.9645], [-94.29412, 28.96466], [-94.29257, 28.96505], [-94.29183, 28.96524], [-94.2904, 28.96562], [-94.28975, 28.96582], [-94.28904, 28.96607], [-94.28768, 28.96656], [-94.287, 28.9668], [-94.28545, 28.96727], [-94.28478, 28.96743], [-94.28359, 28.96783], [-94.28291, 28.96804], [-94.28151, 28.96834], [-94.28079, 28.96845], [-94.27941, 28.96881], [-94.27868, 28.96895], [-94.27793, 28.96913], [-94.2766, 28.96948], [-94.27592, 28.96964], [-94.27447, 28.96994], [-94.27385, 28.97009], [-94.2726, 28.97041], [-94.27195, 28.97058], [-94.27063, 28.97091], [-94.26999, 28.97105], [-94.26865, 28.9714], [-94.26788, 28.97154], [-94.26727, 28.97171], [-94.26598, 28.97209], [-94.2658, 28.97215], [-94.2646, 28.97253], [-94.26399, 28.97272], [-94.26285, 28.97304], [-94.26227, 28.9732], [-94.26095, 28.9735], [-94.26019, 28.97364], [-94.25876, 28.97381], [-94.25809, 28.97387], [-94.25669, 28.97409], [-94.25604, 28.9742], [-94.25546, 28.97431], [-94.25416, 28.9746], [-94.25343, 28.97478], [-94.25206, 28.97503], [-94.25142, 28.9751], [-94.24994, 28.9753], [-94.24925, 28.97536], [-94.2478, 28.97556], [-94.24698, 28.97565], [-94.24569, 28.9758], [-94.24506, 28.97585], [-94.24439, 28.97593], [-94.24307, 28.97604], [-94.24235, 28.9761], [-94.2409, 28.9761], [-94.2402, 28.97614], [-94.23877, 28.97619], [-94.23795, 28.9762], [-94.23665, 28.97622], [-94.23603, 28.97618], [-94.23433, 28.97611], [-94.23367, 28.97607], [-94.23303, 28.97608], [-94.23209, 28.97611], [-94.23141, 28.97611], [-94.23004, 28.97609], [-94.22937, 28.97607], [-94.22784, 28.97607], [-94.22707, 28.97609], [-94.22559, 28.97615], [-94.22512, 28.97597], [-94.22534, 28.97508], [-94.22629, 28.97465], [-94.22792, 28.97448], [-94.23208, 28.97555], [-94.2352, 28.97669], [-94.24153, 28.97898], [-94.24496, 28.98011], [-94.25254, 28.98275], [-94.25609, 28.9842], [-94.26365, 28.98745], [-94.26703, 28.98924], [-94.27443, 28.9932], [-94.27792, 28.99491], [-94.28466, 28.99863], [-94.28789, 29.0007], [-94.29109, 29.00274], [-94.29756, 29.00696], [-94.30081, 29.00895], [-94.30725, 29.01305], [-94.31043, 29.0151], [-94.31593, 29.01869], [-94.31893, 29.02099], [-94.32491, 29.02556], [-94.32793, 29.02786], [-94.33392, 29.0324], [-94.33689, 29.03473], [-94.34041, 29.03741], [-94.34707, 29.04243], [-94.35065, 29.04491], [-94.35744, 29.0497], [-94.36125, 29.05245], [-94.36906, 29.05795], [-94.37307, 29.06069], [-94.3807, 29.06618], [-94.3843, 29.06913], [-94.39172, 29.07526], [-94.39528, 29.07848], [-94.39853, 29.08196], [-94.40437, 29.08953], [-94.40708, 29.09337], [-94.41065, 29.10175], [-94.41148, 29.1058], [-94.41203, 29.11538], [-94.41194, 29.11988], [-94.41179, 29.12902], [-94.41168, 29.13358], [-94.41148, 29.14264], [-94.41142, 29.14712], [-94.41205, 29.156], [-94.41327, 29.16054], [-94.41482, 29.16464], [-94.41796, 29.173], [-94.4199, 29.17703], [-94.42621, 29.1842], [-94.42972, 29.18735], [-94.43712, 29.19338], [-94.44103, 29.1961], [-94.44905, 29.20161], [-94.45318, 29.2044], [-94.4612, 29.20987], [-94.46514, 29.21263], [-94.46919, 29.21549], [-94.4772, 29.22099], [-94.48117, 29.22368], [-94.48926, 29.22928], [-94.48963, 29.22953], [-94.49753, 29.2351], [-94.50156, 29.23784], [-94.50927, 29.24315], [-94.51324, 29.24596], [-94.52084, 29.25126], [-94.52479, 29.25403], [-94.52887, 29.25683], [-94.53647, 29.26211], [-94.54069, 29.2647], [-94.54879, 29.26997], [-94.55272, 29.27261], [-94.56074, 29.27793], [-94.56437, 29.28041], [-94.57185, 29.28552], [-94.57539, 29.28797], [-94.58223, 29.29195], [-94.58576, 29.29377], [-94.59239, 29.29711], [-94.59589, 29.29841], [-94.59952, 29.29942], [-94.60654, 29.30099], [-94.61034, 29.30185], [-94.61788, 29.30371], [-94.62171, 29.30545], [-94.62966, 29.30953], [-94.63376, 29.31162], [-94.64145, 29.31587], [-94.64572, 29.31831], [-94.65484, 29.32364], [-94.65916, 29.32598], [-94.66367, 29.32838], [-94.67152, 29.33261], [-94.67592, 29.3348], [-94.68439, 29.33919], [-94.68903, 29.34086], [-94.6988, 29.34343], [-94.70386, 29.34436], [-94.70991, 29.34549], [-94.71485, 29.34641], [-94.72434, 29.34558], [-94.72935, 29.34522], [-94.73437, 29.34482], [-94.74419, 29.34423], [-94.74876, 29.344], [-94.75718, 29.34351], [-94.76139, 29.34332], [-94.76882, 29.34334], [-94.77191, 29.34388], [-94.77851, 29.34629], [-94.78115, 29.34778], [-94.7863, 29.35209], [-94.78897, 29.35468], [-94.7916, 29.35728], [-94.79747, 29.36264], [-94.80014, 29.36535], [-94.80403, 29.37213], [-94.80526, 29.3756], [-94.80904, 29.38266], [-94.81106, 29.38638], [-94.81489, 29.39442], [-94.81691, 29.39847], [-94.82071, 29.40679], [-94.82277, 29.4103], [-94.82698, 29.41804], [-94.82911, 29.42197], [-94.83093, 29.42558], [-94.83481, 29.43353], [-94.83686, 29.43751], [-94.8406, 29.44508], [-94.84243, 29.44872], [-94.84612, 29.4569], [-94.84794, 29.46083], [-94.85223, 29.46828], [-94.85427, 29.47206], [-94.85698, 29.47748], [-94.85899, 29.48128], [-94.86122, 29.48562], [-94.86539, 29.49356], [-94.86809, 29.49745], [-94.87374, 29.50491], [-94.8765, 29.50847], [-94.88151, 29.51557], [-94.88443, 29.51862], [-94.88975, 29.52558], [-94.89242, 29.52902], [-94.89821, 29.5364], [-94.90102, 29.54016], [-94.90378, 29.54375], [-94.90957, 29.55119], [-94.91244, 29.5551], [-94.91769, 29.56248], [-94.92014, 29.56596], [-94.9251, 29.57176], [-94.92774, 29.57497], [-94.932, 29.58054], [-94.93368, 29.58309], [-94.93748, 29.58792], [-94.93977, 29.59037], [-94.944, 29.59564], [-94.94634, 29.59847], [-94.94874, 29.60134], [-94.95271, 29.6072], [-94.95415, 29.61065], [-94.95699, 29.61771], [-94.95835, 29.62149], [-94.96117, 29.62903], [-94.96267, 29.63287], [-94.96566, 29.64068], [-94.96719, 29.64472], [-94.97016, 29.6527], [-94.97168, 29.65688]]}, "properties": {"mmsi": "636021786", "name": "SFL CONDUCTOR", "vessel_type": "cargo", "n_points": 728, "n_points_full": 1100, "max_gap_minutes": 12.0}}, {"type": "Feature", "geometry": {"type": "LineString", "coordinates": [[-93.52027, 28.61568], [-93.52698, 28.61963], [-93.53933, 28.62692], [-93.55502, 28.63613], [-93.56338, 28.641], [-93.59403, 28.65838], [-93.59865, 28.66092], [-93.60432, 28.6642], [-93.60828, 28.66647], [-93.63517, 28.68165], [-93.64312, 28.68622], [-93.65518, 28.69383], [-93.66718, 28.70147], [-93.67038, 28.70367], [-93.67532, 28.70673], [-93.67968, 28.70947], [-93.68503, 28.71312], [-93.69278, 28.71787], [-93.69708, 28.72078], [-93.70318, 28.72448], [-93.71072, 28.72952], [-93.71468, 28.73188], [-93.72393, 28.7379], [-93.73325, 28.74385], [-93.73708, 28.74615], [-93.74158, 28.74878], [-93.747, 28.75235], [-93.75088, 28.75467], [-93.75537, 28.75735], [-93.7617, 28.76075], [-93.76578, 28.76262], [-93.77142, 28.76582], [-93.77845, 28.7691], [-93.78418, 28.7722], [-93.79487, 28.77718], [-93.79898, 28.77938], [-93.80305, 28.78122], [-93.80787, 28.7834], [-93.8126, 28.78588], [-93.81683, 28.78797], [-93.82288, 28.79073], [-93.82708, 28.79283], [-93.83182, 28.79522], [-93.8367, 28.79748], [-93.84037, 28.79922], [-93.84575, 28.80202], [-93.85058, 28.80438], [-93.85805, 28.80745], [-93.86292, 28.80973], [-93.86855, 28.81172], [-93.87368, 28.81295], [-93.87743, 28.81423], [-93.88183, 28.81562], [-93.8857, 28.81645], [-93.8908, 28.81803], [-93.8972, 28.8199], [-93.9011, 28.82083], [-93.90618, 28.82262], [-93.91138, 28.82398], [-93.91595, 28.82492], [-93.9206, 28.82628], [-93.92585, 28.82748], [-93.93118, 28.82855], [-93.93507, 28.82977], [-93.93967, 28.83097], [-93.94425, 28.83212], [-93.94888, 28.83318], [-93.9535, 28.83423], [-93.95813, 28.83545], [-93.96287, 28.83653], [-93.9688, 28.83785], [-93.97402, 28.83922], [-93.97867, 28.84027], [-93.98407, 28.84142], [-93.98862, 28.84257], [-93.99397, 28.84377], [-93.99935, 28.84493], [-94.0041, 28.84607], [-94.01012, 28.84745], [-94.01477, 28.84845], [-94.01948, 28.8495], [-94.02417, 28.85057], [-94.02892, 28.85167], [-94.0336, 28.8527], [-94.0383, 28.85377], [-94.04283, 28.85477], [-94.04757, 28.85575], [-94.0535, 28.85703], [-94.05952, 28.85842], [-94.0668, 28.85993], [-94.0734, 28.86145], [-94.07807, 28.86248], [-94.08212, 28.86333], [-94.09013, 28.8651], [-94.09548, 28.86633], [-94.10023, 28.86732], [-94.10487, 28.8683], [-94.10962, 28.86942], [-94.1149, 28.87058], [-94.11632, 28.8709], [-94.12092, 28.87193], [-94.12555, 28.87293], [-94.13028, 28.87402], [-94.13563, 28.87528], [-94.1403, 28.87632], [-94.14497, 28.87738], [-94.15037, 28.87865], [-94.15557, 28.8797], [-94.16023, 28.88082], [-94.16492, 28.88198], [-94.16952, 28.88298], [-94.17482, 28.88423], [-94.17945, 28.88542], [-94.1847, 28.8865], [-94.18938, 28.8876], [-94.19388, 28.88878], [-94.19858, 28.88975], [-94.20327, 28.8908], [-94.20843, 28.89218], [-94.21368, 28.89325], [-94.2183, 28.89427], [-94.22302, 28.89538], [-94.22738, 28.89593], [-94.23228, 28.89698], [-94.2368, 28.89817], [-94.24138, 28.89867], [-94.24523, 28.89938], [-94.24903, 28.90032], [-94.25333, 28.9009], [-94.25718, 28.90138], [-94.26087, 28.90208], [-94.26507, 28.90295], [-94.26893, 28.90367], [-94.27265, 28.9043], [-94.27647, 28.90508], [-94.28017, 28.90587], [-94.2845, 28.90665], [-94.28887, 28.90755], [-94.2942, 28.90875], [-94.2986, 28.90962], [-94.30237, 28.91035], [-94.30672, 28.91128], [-94.31053, 28.91207], [-94.31438, 28.91278], [-94.31823, 28.91357], [-94.32263, 28.91448], [-94.3265, 28.91523], [-94.33035, 28.91597], [-94.33202, 28.91628], [-94.33638, 28.9172], [-94.34027, 28.918], [-94.34403, 28.91877], [-94.34833, 28.91965], [-94.35213, 28.92045], [-94.35593, 28.92128], [-94.35972, 28.92207], [-94.36357, 28.92285], [-94.36728, 28.92365], [-94.371, 28.9245], [-94.37543, 28.92548], [-94.37917, 28.92625], [-94.38398, 28.9273], [-94.38778, 28.92808], [-94.3916, 28.92887], [-94.3953, 28.9297], [-94.39845, 28.93038], [-94.40215, 28.93117], [-94.40568, 28.93188], [-94.40878, 28.93253], [-94.41237, 28.93328], [-94.417, 28.93428], [-94.42055, 28.93502], [-94.42407, 28.93575], [-94.42753, 28.93647], [-94.43055, 28.93712], [-94.43415, 28.93793], [-94.43758, 28.93868], [-94.44202, 28.93963], [-94.4455, 28.9404], [-94.44903, 28.94117], [-94.45348, 28.94213], [-94.45688, 28.94288], [-94.46033, 28.94362], [-94.46385, 28.94432], [-94.46732, 28.94502], [-94.47077, 28.94577], [-94.47422, 28.94652], [-94.47748, 28.9476], [-94.48067, 28.94883], [-94.48397, 28.95002], [-94.48725, 28.95115], [-94.49043, 28.95237], [-94.4937, 28.95367], [-94.49687, 28.95493], [-94.49962, 28.95607], [-94.50283, 28.95737], [-94.50612, 28.95865], [-94.50923, 28.95988], [-94.51197, 28.96103], [-94.51378, 28.96182], [-94.5167, 28.96305], [-94.51955, 28.96425], [-94.52288, 28.96567], [-94.52487, 28.9665], [-94.527, 28.96738], [-94.52892, 28.96815], [-94.5306, 28.96893], [-94.5321, 28.96975], [-94.53345, 28.97053], [-94.53458, 28.97128], [-94.53548, 28.97197], [-94.53608, 28.97248], [-94.5363, 28.97272], [-94.53637, 28.97278], [-94.53628, 28.97268], [-94.53612, 28.97253], [-94.53587, 28.97233], [-94.5352, 28.97192], [-94.53455, 28.97158], [-94.53425, 28.97142], [-94.53418, 28.97153], [-94.53418, 28.9716], [-94.53418, 28.97155], [-94.53418, 28.97153], [-94.53412, 28.97153], [-94.53402, 28.97162], [-94.53392, 28.97177], [-94.53382, 28.97185], [-94.53377, 28.97187], [-94.53385, 28.97183], [-94.53405, 28.97172], [-94.53415, 28.9716], [-94.53415, 28.97153], [-94.53407, 28.97157], [-94.53398, 28.97173], [-94.53378, 28.97188], [-94.5338, 28.97183], [-94.53398, 28.97177], [-94.53418, 28.97165], [-94.53438, 28.97138], [-94.53437, 28.97137], [-94.53428, 28.97142], [-94.5342, 28.97155], [-94.53412, 28.9716], [-94.5341, 28.97152], [-94.53428, 28.97152], [-94.53443, 28.97142]]}, "properties": {"mmsi": "229988000", "name": "CMA CGM TAGE", "vessel_type": "cargo", "n_points": 247, "n_points_full": 378, "max_gap_minutes": 15.0}}, {"type": "Feature", "geometry": {"type": "LineString", "coordinates": [[-93.50031, 28.6093], [-93.50437, 28.61193], [-93.50939, 28.61548], [-93.51162, 28.6169], [-93.51757, 28.62049], [-93.52057, 28.62235], [-93.52538, 28.62547], [-93.52993, 28.62808], [-93.53275, 28.63006], [-93.53668, 28.63271], [-93.54542, 28.64092], [-93.5512, 28.6466], [-93.55335, 28.64873], [-93.56479, 28.66002], [-93.5737, 28.66918], [-93.57765, 28.67308], [-93.58018, 28.67546], [-93.58358, 28.67876], [-93.60411, 28.69882], [-93.60816, 28.70267], [-93.61067, 28.70492], [-93.61736, 28.71078], [-93.62016, 28.71291], [-93.62387, 28.71587], [-93.62782, 28.71918], [-93.63199, 28.72218], [-93.63439, 28.72394], [-93.63707, 28.72552], [-93.64121, 28.72801], [-93.64548, 28.73051], [-93.65346, 28.73464], [-93.65624, 28.73607], [-93.65984, 28.73793], [-93.66259, 28.73931], [-93.6654, 28.74069], [-93.66823, 28.74213], [-93.67152, 28.74379], [-93.67472, 28.74537], [-93.67756, 28.74684], [-93.68435, 28.75038], [-93.68879, 28.75252], [-93.70109, 28.75861], [-93.70558, 28.76086], [-93.71002, 28.76315], [-93.71279, 28.76459], [-93.71554, 28.76605], [-93.71986, 28.76832], [-93.72304, 28.76988], [-93.72697, 28.77201], [-93.73043, 28.77384], [-93.73318, 28.77522], [-93.73603, 28.77666], [-93.74158, 28.77971], [-93.74436, 28.78119], [-93.74743, 28.78278], [-93.75017, 28.78426], [-93.75289, 28.78575], [-93.75561, 28.7872], [-93.75833, 28.78862], [-93.76435, 28.79189], [-93.76798, 28.79381], [-93.77314, 28.79655], [-93.77635, 28.79823], [-93.77907, 28.79976], [-93.7819, 28.80132], [-93.78478, 28.80285], [-93.78759, 28.80423], [-93.79039, 28.80579], [-93.79316, 28.80732], [-93.79605, 28.80879], [-93.79883, 28.81023], [-93.80205, 28.81192], [-93.80484, 28.81333], [-93.80767, 28.81483], [-93.81127, 28.81674], [-93.81448, 28.81841], [-93.81808, 28.82033], [-93.82101, 28.82183], [-93.82389, 28.82327], [-93.82677, 28.82481], [-93.82962, 28.82635], [-93.83255, 28.82786], [-93.83527, 28.82938], [-93.83809, 28.83086], [-93.84096, 28.83237], [-93.84256, 28.83325], [-93.84547, 28.8348], [-93.8483, 28.83629], [-93.85132, 28.8378], [-93.85432, 28.8393], [-93.85724, 28.84073], [-93.86019, 28.84224], [-93.86339, 28.84398], [-93.86639, 28.84547], [-93.86975, 28.84711], [-93.87314, 28.84885], [-93.87646, 28.85057], [-93.87899, 28.85184], [-93.88189, 28.8533], [-93.88486, 28.85475], [-93.88791, 28.85626], [-93.89076, 28.8577], [-93.89374, 28.85922], [-93.8976, 28.86115], [-93.90062, 28.86265], [-93.90351, 28.86411], [-93.90654, 28.86561], [-93.90946, 28.86715], [-93.9129, 28.86889], [-93.9162, 28.87057], [-93.91925, 28.87204], [-93.92213, 28.87359], [-93.9256, 28.87536], [-93.92861, 28.87679], [-93.93151, 28.87842], [-93.93447, 28.88017], [-93.93772, 28.88215], [-93.94061, 28.88402], [-93.94347, 28.8858], [-93.94632, 28.88753], [-93.94908, 28.88923], [-93.95202, 28.89098], [-93.95531, 28.89302], [-93.9581, 28.89473], [-93.96093, 28.8965], [-93.96374, 28.89824], [-93.96658, 28.8999], [-93.96949, 28.90163], [-93.97316, 28.90391], [-93.97595, 28.90572], [-93.97872, 28.90743], [-93.98204, 28.90932], [-93.98535, 28.9113], [-93.98816, 28.91311], [-93.99096, 28.91491], [-93.99219, 28.9158], [-93.99541, 28.91781], [-93.99825, 28.91951], [-94.00112, 28.92126], [-94.00476, 28.92353], [-94.00808, 28.92559], [-94.01101, 28.92731], [-94.01387, 28.92905], [-94.01677, 28.93092], [-94.01966, 28.93272], [-94.02298, 28.93473], [-94.02584, 28.93652], [-94.02834, 28.93807], [-94.0312, 28.93981], [-94.03413, 28.9416], [-94.03699, 28.94335], [-94.03984, 28.9451], [-94.04319, 28.94714], [-94.04608, 28.94893], [-94.04854, 28.95048], [-94.05178, 28.95249], [-94.05467, 28.95433], [-94.05751, 28.95613], [-94.06037, 28.95787], [-94.06326, 28.95952], [-94.06628, 28.96127], [-94.0691, 28.96305], [-94.07232, 28.9651], [-94.07522, 28.96692], [-94.07811, 28.96876], [-94.08096, 28.97059], [-94.08378, 28.97235], [-94.08663, 28.97406], [-94.08951, 28.9758], [-94.09242, 28.9776], [-94.09569, 28.97964], [-94.09845, 28.98143], [-94.1016, 28.98332], [-94.10459, 28.9849], [-94.10749, 28.98659], [-94.11033, 28.98817], [-94.11392, 28.99024], [-94.11674, 28.99188], [-94.11953, 28.99346], [-94.12237, 28.99502], [-94.12486, 28.99643], [-94.12765, 28.99806], [-94.13042, 28.99964], [-94.1332, 29.00126], [-94.13563, 29.00264], [-94.13847, 29.00427], [-94.13931, 29.00476], [-94.14215, 29.00637], [-94.14498, 29.00798], [-94.14782, 29.00958], [-94.1502, 29.01095], [-94.15302, 29.01259], [-94.15552, 29.01399], [-94.15833, 29.01549], [-94.1612, 29.01708], [-94.16401, 29.01865], [-94.16681, 29.02019], [-94.16967, 29.02169], [-94.17254, 29.02332], [-94.1754, 29.02491], [-94.17824, 29.02646], [-94.18116, 29.02812], [-94.18395, 29.02965], [-94.18684, 29.03123], [-94.18974, 29.03287], [-94.19261, 29.03446], [-94.19552, 29.03609], [-94.19835, 29.03761], [-94.20094, 29.039], [-94.20378, 29.04057], [-94.20668, 29.04218], [-94.20963, 29.04376], [-94.21263, 29.04539], [-94.21553, 29.04696], [-94.21839, 29.04857], [-94.22144, 29.05007], [-94.22444, 29.05144], [-94.22751, 29.0529], [-94.2306, 29.05436], [-94.23364, 29.05572], [-94.23671, 29.05709], [-94.23974, 29.05851], [-94.24281, 29.05992], [-94.24582, 29.06128], [-94.24894, 29.06271], [-94.25205, 29.06414], [-94.25513, 29.06546], [-94.25817, 29.06691], [-94.26109, 29.06842], [-94.26406, 29.07005], [-94.26703, 29.0716], [-94.27008, 29.07318], [-94.27308, 29.07472], [-94.27561, 29.07608], [-94.27858, 29.0776], [-94.28155, 29.07907], [-94.28441, 29.0807], [-94.2872, 29.08261], [-94.28996, 29.08447], [-94.29264, 29.08625], [-94.29545, 29.08812], [-94.29825, 29.08992], [-94.30101, 29.09174], [-94.30378, 29.09352], [-94.30653, 29.09533], [-94.3093, 29.09719], [-94.31197, 29.09896], [-94.31474, 29.10075], [-94.31752, 29.10261], [-94.3199, 29.10416], [-94.32309, 29.10624], [-94.32584, 29.10805], [-94.32855, 29.10986], [-94.3313, 29.11167], [-94.33407, 29.1135], [-94.33682, 29.11528], [-94.33962, 29.11712], [-94.34233, 29.11885], [-94.34476, 29.12041], [-94.34752, 29.12225], [-94.35029, 29.12406], [-94.3531, 29.12587], [-94.35618, 29.12793], [-94.35864, 29.12948], [-94.3614, 29.13133], [-94.36413, 29.13315], [-94.36693, 29.13496], [-94.36978, 29.13684], [-94.37249, 29.13868], [-94.37526, 29.14049], [-94.37806, 29.14238], [-94.38086, 29.14419], [-94.38357, 29.14597], [-94.38631, 29.14783], [-94.38924, 29.14954], [-94.39212, 29.1512], [-94.39492, 29.15295], [-94.39769, 29.15471], [-94.40054, 29.15645], [-94.40327, 29.1581], [-94.40612, 29.15982], [-94.40896, 29.16153], [-94.41165, 29.16322], [-94.41454, 29.16495], [-94.41733, 29.16651], [-94.42015, 29.16828], [-94.42275, 29.17013], [-94.42525, 29.17218], [-94.42749, 29.17434], [-94.42961, 29.17665], [-94.43081, 29.17799], [-94.43294, 29.18024], [-94.43505, 29.18261], [-94.43715, 29.18495], [-94.43927, 29.18729], [-94.4414, 29.18966], [-94.4435, 29.19203], [-94.44551, 29.19433], [-94.44762, 29.19675], [-94.44976, 29.19915], [-94.45185, 29.20148], [-94.45359, 29.20338], [-94.45542, 29.20548], [-94.45712, 29.20752], [-94.45885, 29.20951], [-94.46053, 29.21142], [-94.46238, 29.2135], [-94.46383, 29.21509], [-94.4651, 29.21657], [-94.46621, 29.21793], [-94.46724, 29.21911], [-94.46823, 29.22029], [-94.46914, 29.22143], [-94.47013, 29.22264], [-94.47103, 29.2236], [-94.47205, 29.22442], [-94.4731, 29.22512], [-94.47419, 29.22581], [-94.47526, 29.22652], [-94.47637, 29.22723], [-94.47745, 29.22797], [-94.47836, 29.22857], [-94.47943, 29.22932], [-94.4805, 29.23005], [-94.48154, 29.23079], [-94.48262, 29.23152], [-94.48389, 29.23237], [-94.48497, 29.23308], [-94.48602, 29.23388], [-94.48698, 29.23451], [-94.48806, 29.23522], [-94.4892, 29.23596], [-94.49001, 29.23738], [-94.49161, 29.23918], [-94.49423, 29.23954], [-94.49584, 29.23767], [-94.49746, 29.23566], [-94.49935, 29.23364], [-94.5011, 29.23196], [-94.50322, 29.22992], [-94.50532, 29.2279], [-94.50761, 29.22574], [-94.50971, 29.22378], [-94.51244, 29.22133], [-94.51564, 29.21905], [-94.51881, 29.21688], [-94.51983, 29.21379], [-94.51837, 29.2112], [-94.51555, 29.20901], [-94.51192, 29.20646], [-94.50862, 29.20423], [-94.50575, 29.20215], [-94.50231, 29.19953], [-94.49964, 29.1975], [-94.49692, 29.19543], [-94.49423, 29.19335], [-94.49156, 29.19126], [-94.48878, 29.18916], [-94.48614, 29.18712], [-94.48349, 29.18508], [-94.48115, 29.18324], [-94.47848, 29.1812], [-94.47573, 29.17902], [-94.47304, 29.17697], [-94.47029, 29.17489], [-94.46768, 29.17279], [-94.465, 29.17067], [-94.46228, 29.16857], [-94.45962, 29.16641], [-94.45691, 29.16442], [-94.45333, 29.1619], [-94.45063, 29.16], [-94.44858, 29.1578], [-94.44589, 29.15656], [-94.44297, 29.1558], [-94.43991, 29.15503], [-94.43639, 29.15416], [-94.43354, 29.15293], [-94.43124, 29.15201], [-94.42928, 29.15168], [-94.42756, 29.15154], [-94.42562, 29.15169], [-94.42391, 29.15241], [-94.42273, 29.15377], [-94.4229, 29.15553], [-94.42402, 29.1576], [-94.42579, 29.15979], [-94.42818, 29.16183], [-94.43069, 29.16404], [-94.43325, 29.16628], [-94.43588, 29.16862], [-94.43861, 29.17093], [-94.44128, 29.17325], [-94.44404, 29.17563], [-94.44441, 29.17593], [-94.44719, 29.17833], [-94.44949, 29.1803], [-94.45215, 29.18261], [-94.45489, 29.18503], [-94.45754, 29.18735], [-94.46024, 29.1897], [-94.46297, 29.19206], [-94.46564, 29.19434], [-94.46835, 29.19667], [-94.47103, 29.19898], [-94.47369, 29.20132], [-94.47638, 29.20362], [-94.47909, 29.20599], [-94.48171, 29.20825], [-94.48393, 29.21023], [-94.48665, 29.21256], [-94.48924, 29.21483], [-94.49195, 29.21709], [-94.49466, 29.21943], [-94.4974, 29.22182], [-94.50003, 29.2241], [-94.50266, 29.22639], [-94.5053, 29.22864], [-94.50799, 29.23096], [-94.51026, 29.23291], [-94.51296, 29.23509], [-94.51568, 29.23732], [-94.51799, 29.23918], [-94.52066, 29.2413], [-94.5233, 29.24356], [-94.52558, 29.2455], [-94.52826, 29.24773], [-94.53096, 29.25003], [-94.53327, 29.25195], [-94.53596, 29.25417], [-94.53863, 29.25646], [-94.54093, 29.25838], [-94.54364, 29.26067], [-94.54631, 29.26306], [-94.54904, 29.26528], [-94.5519, 29.26747], [-94.55466, 29.26971], [-94.55738, 29.27197], [-94.56027, 29.27403], [-94.5628, 29.2758], [-94.56569, 29.27784], [-94.56861, 29.27987], [-94.57155, 29.28196], [-94.57445, 29.28402], [-94.57748, 29.28611], [-94.5803, 29.28827], [-94.58322, 29.29029]]}, "properties": {"mmsi": "229479000", "name": "CMA CGM VERACRUZ", "vessel_type": "cargo", "n_points": 447, "n_points_full": 737, "max_gap_minutes": 11.2}}, {"type": "Feature", "geometry": {"type": "LineString", "coordinates": [[-93.50548, 28.61747], [-93.51203, 28.62167], [-93.5161, 28.62428], [-93.5217, 28.62788], [-93.52525, 28.63017], [-93.52887, 28.63248], [-93.53243, 28.63477], [-93.536, 28.6371], [-93.54, 28.63962], [-93.54363, 28.64182], [-93.5478, 28.64435], [-93.5525, 28.64723], [-93.55613, 28.64947], [-93.56033, 28.65207], [-93.56495, 28.65488], [-93.56967, 28.6578], [-93.57282, 28.6597], [-93.57698, 28.66218], [-93.58105, 28.66462], [-93.58735, 28.66845], [-93.59048, 28.67035], [-93.5941, 28.67253], [-93.59773, 28.67473], [-93.60043, 28.67635], [-93.60403, 28.6785], [-93.60873, 28.68145], [-93.61225, 28.68368], [-93.61632, 28.6864], [-93.61992, 28.6887], [-93.62443, 28.69165], [-93.62797, 28.69405], [-93.63202, 28.69677], [-93.63652, 28.6997], [-93.64007, 28.70197], [-93.64405, 28.70455], [-93.64762, 28.70692], [-93.65213, 28.70992], [-93.65575, 28.71232], [-93.65923, 28.71452], [-93.6628, 28.71688], [-93.66673, 28.71947], [-93.67183, 28.72278], [-93.67538, 28.72512], [-93.67897, 28.72745], [-93.68238, 28.72968], [-93.68602, 28.7321], [-93.68902, 28.73408], [-93.69458, 28.7376], [-93.69823, 28.73988], [-93.7033, 28.74317], [-93.70683, 28.74543], [-93.71042, 28.74772], [-93.71505, 28.75065], [-93.71958, 28.75362], [-93.72317, 28.75595], [-93.73295, 28.76215], [-93.73643, 28.7644], [-93.74013, 28.76677], [-93.74423, 28.7694], [-93.74783, 28.77163], [-93.75253, 28.77452], [-93.75672, 28.77718], [-93.7603, 28.7794], [-93.76553, 28.78265], [-93.77025, 28.7856], [-93.77488, 28.78853], [-93.7785, 28.79082], [-93.78427, 28.79435], [-93.78837, 28.79688], [-93.79203, 28.7992], [-93.79627, 28.80185], [-93.79985, 28.80407], [-93.80455, 28.80702], [-93.80813, 28.8093], [-93.81192, 28.81158], [-93.81558, 28.81382], [-93.82027, 28.81675], [-93.82495, 28.81967], [-93.82858, 28.82193], [-93.83227, 28.82418], [-93.83637, 28.82668], [-93.8401, 28.829], [-93.84378, 28.83128], [-93.84733, 28.83345], [-93.851, 28.83572], [-93.8547, 28.838], [-93.85882, 28.84052], [-93.86248, 28.84272], [-93.86618, 28.845], [-93.86983, 28.84725], [-93.87403, 28.84978], [-93.87755, 28.85195], [-93.88175, 28.8545], [-93.88537, 28.85673], [-93.88957, 28.8593], [-93.8942, 28.86207], [-93.89983, 28.86563], [-93.90448, 28.86863], [-93.90802, 28.87085], [-93.91155, 28.87305], [-93.91502, 28.8752], [-93.91857, 28.87737], [-93.922, 28.87955], [-93.92597, 28.88212], [-93.92933, 28.8843], [-93.93268, 28.88652], [-93.93612, 28.88873], [-93.93943, 28.89088], [-93.94293, 28.89317], [-93.94635, 28.89538], [-93.9498, 28.89763], [-93.95312, 28.89978], [-93.95653, 28.90207], [-93.95997, 28.90433], [-93.96342, 28.90653], [-93.96677, 28.90865], [-93.9678, 28.90932], [-93.97138, 28.91153], [-93.9747, 28.9137], [-93.9782, 28.91593], [-93.98165, 28.9182], [-93.98498, 28.92038], [-93.98848, 28.92253], [-93.99188, 28.9247], [-93.9953, 28.92693], [-93.99868, 28.92912], [-94.00267, 28.9316], [-94.00603, 28.93378], [-94.00897, 28.93573], [-94.01235, 28.93788], [-94.01582, 28.94013], [-94.01927, 28.94233], [-94.02265, 28.94442], [-94.02603, 28.94657], [-94.02935, 28.9487], [-94.03275, 28.95088], [-94.0361, 28.95307], [-94.03945, 28.9552], [-94.04282, 28.95728], [-94.04608, 28.95935], [-94.0494, 28.96147], [-94.05277, 28.96362], [-94.05608, 28.96572], [-94.0599, 28.96812], [-94.06323, 28.97015], [-94.06668, 28.9721], [-94.0702, 28.97398], [-94.07372, 28.97598], [-94.07712, 28.97793], [-94.08065, 28.97992], [-94.0841, 28.9819], [-94.08748, 28.98377], [-94.09102, 28.98573], [-94.0944, 28.98765], [-94.09795, 28.98958], [-94.10135, 28.99153], [-94.10485, 28.99353], [-94.10828, 28.99543], [-94.11178, 28.99755], [-94.1151, 28.99967], [-94.1185, 29.00175], [-94.12187, 29.00378], [-94.1252, 29.00603], [-94.12855, 29.00827], [-94.13142, 29.01013], [-94.1347, 29.01228], [-94.138, 29.01448], [-94.14128, 29.01668], [-94.14275, 29.01765], [-94.14603, 29.01977], [-94.14937, 29.02197], [-94.15265, 29.02407], [-94.15602, 29.02635], [-94.1589, 29.02822], [-94.16225, 29.03042], [-94.16518, 29.03232], [-94.16853, 29.03435], [-94.17207, 29.03653], [-94.17538, 29.03868], [-94.17883, 29.04073], [-94.18222, 29.04285], [-94.18573, 29.04507], [-94.18913, 29.04713], [-94.19262, 29.04933], [-94.19598, 29.05142], [-94.19948, 29.05355], [-94.2029, 29.0556], [-94.20638, 29.05785], [-94.2097, 29.05993], [-94.2131, 29.06203], [-94.21662, 29.06422], [-94.21995, 29.06625], [-94.22387, 29.06878], [-94.22733, 29.07095], [-94.23075, 29.07308], [-94.23367, 29.07492], [-94.237, 29.07705], [-94.24032, 29.07918], [-94.24372, 29.08137], [-94.24712, 29.08347], [-94.2506, 29.08563], [-94.25393, 29.0877], [-94.25748, 29.08988], [-94.26092, 29.09198], [-94.26437, 29.09412], [-94.26783, 29.09627], [-94.27132, 29.09835], [-94.27498, 29.10033], [-94.27847, 29.10225], [-94.28218, 29.10428], [-94.28573, 29.10623], [-94.28938, 29.10823], [-94.29297, 29.1102], [-94.2965, 29.11223], [-94.3, 29.1142], [-94.30357, 29.11623], [-94.30717, 29.11828], [-94.3107, 29.12028], [-94.31432, 29.12232], [-94.31788, 29.12433], [-94.32038, 29.12573], [-94.3239, 29.12773], [-94.32743, 29.12973], [-94.33092, 29.13168], [-94.3344, 29.13368], [-94.33802, 29.13563], [-94.34142, 29.13758], [-94.34502, 29.13953], [-94.34845, 29.1415], [-94.35207, 29.14355], [-94.35553, 29.14547], [-94.35913, 29.1474], [-94.3626, 29.14935], [-94.3662, 29.15122], [-94.37027, 29.15343], [-94.3739, 29.1553], [-94.37747, 29.15713], [-94.38103, 29.15905], [-94.38462, 29.16088], [-94.38822, 29.16272], [-94.3918, 29.16448], [-94.39533, 29.16635], [-94.3984, 29.16792], [-94.402, 29.16975], [-94.40558, 29.17162], [-94.40922, 29.17348], [-94.41275, 29.1753], [-94.41635, 29.17712], [-94.4197, 29.17803], [-94.4232, 29.17777], [-94.42673, 29.17673], [-94.43075, 29.17527], [-94.43458, 29.17383], [-94.43872, 29.17228], [-94.44278, 29.17142], [-94.44692, 29.17115], [-94.45173, 29.17093], [-94.45602, 29.1707], [-94.46022, 29.17073], [-94.46455, 29.17082], [-94.46873, 29.17092], [-94.47307, 29.17102], [-94.47727, 29.17085], [-94.48162, 29.17063], [-94.48592, 29.17042], [-94.49005, 29.17018], [-94.4945, 29.16993], [-94.49868, 29.16972], [-94.50368, 29.16952], [-94.508, 29.1693], [-94.51242, 29.1691], [-94.5167, 29.16907], [-94.51847, 29.16913], [-94.52278, 29.1693], [-94.527, 29.1694], [-94.53125, 29.16955], [-94.53543, 29.16975], [-94.5398, 29.16997], [-94.54405, 29.17012], [-94.5483, 29.1703], [-94.55252, 29.1704], [-94.5568, 29.16997], [-94.561, 29.16948], [-94.56467, 29.16907], [-94.56897, 29.16847], [-94.5727, 29.16793], [-94.57697, 29.16735], [-94.58125, 29.1667], [-94.58532, 29.16613], [-94.5889, 29.16555], [-94.59215, 29.16503], [-94.59518, 29.16472], [-94.59792, 29.16477], [-94.60035, 29.1651], [-94.60258, 29.16557], [-94.60485, 29.16603], [-94.60695, 29.16647], [-94.60915, 29.16692], [-94.61125, 29.16737], [-94.61332, 29.16782], [-94.6154, 29.16827], [-94.61747, 29.16875], [-94.61947, 29.1692], [-94.62157, 29.16968], [-94.62357, 29.1701], [-94.62558, 29.17055], [-94.62763, 29.17102], [-94.62967, 29.17147], [-94.63155, 29.17188], [-94.63275, 29.17235], [-94.63362, 29.17272], [-94.63395, 29.17273], [-94.63398, 29.17257], [-94.63395, 29.17243], [-94.63392, 29.17233], [-94.63395, 29.17222], [-94.63405, 29.17187], [-94.63422, 29.17133], [-94.63442, 29.17093]]}, "properties": {"mmsi": "636021448", "name": "MSC LONG BEACH VI", "vessel_type": "cargo", "n_points": 319, "n_points_full": 475, "max_gap_minutes": 9.0}}, {"type": "Feature", "geometry": {"type": "LineString", "coordinates": [[-93.51466, 28.62057], [-93.53505, 28.63409], [-93.53822, 28.63618], [-93.54539, 28.64102], [-93.55455, 28.64705], [-93.56312, 28.65261], [-93.56848, 28.65612], [-93.5851, 28.66683], [-93.63117, 28.69665], [-93.64635, 28.70636], [-93.72951, 28.7611], [-93.74518, 28.77238], [-93.75973, 28.78203], [-93.76744, 28.78684], [-93.77033, 28.78874], [-93.77379, 28.79095], [-93.77718, 28.79303], [-93.78096, 28.79532], [-93.78439, 28.79746], [-93.78862, 28.8], [-93.79416, 28.8034], [-93.79717, 28.80523], [-93.79976, 28.80679], [-93.80365, 28.80917], [-93.808, 28.81179], [-93.81196, 28.81416], [-93.81534, 28.81631], [-93.81843, 28.81809], [-93.82238, 28.8205], [-93.82499, 28.82207], [-93.8298, 28.82496], [-93.83293, 28.82681], [-93.83727, 28.82946], [-93.84076, 28.83156], [-93.84383, 28.83341], [-93.84682, 28.83527], [-93.85033, 28.83743], [-93.85338, 28.83931], [-93.85644, 28.84127], [-93.85945, 28.84316], [-93.86291, 28.84534], [-93.86849, 28.84894], [-93.872, 28.8511], [-93.87586, 28.85348], [-93.88018, 28.85621], [-93.88363, 28.8584], [-93.88753, 28.86084], [-93.89145, 28.86327], [-93.89453, 28.8652], [-93.89835, 28.86765], [-93.90229, 28.87015], [-93.90527, 28.872], [-93.90835, 28.87393], [-93.91139, 28.87582], [-93.91531, 28.87827], [-93.91831, 28.88012], [-93.92138, 28.88201], [-93.92524, 28.88445], [-93.92824, 28.88634], [-93.93121, 28.88818], [-93.93464, 28.89036], [-93.93764, 28.89223], [-93.94056, 28.89407], [-93.94355, 28.89594], [-93.94743, 28.89827], [-93.95125, 28.90067], [-93.95426, 28.90252], [-93.95729, 28.90442], [-93.96029, 28.90625], [-93.9633, 28.90805], [-93.96677, 28.91015], [-93.97017, 28.91223], [-93.97322, 28.91413], [-93.97623, 28.91595], [-93.97922, 28.91783], [-93.98229, 28.91968], [-93.98537, 28.92157], [-93.98882, 28.92368], [-93.9918, 28.9255], [-93.99484, 28.92734], [-93.99786, 28.9292], [-94.00139, 28.93137], [-94.00434, 28.93313], [-94.00739, 28.93499], [-94.0104, 28.93686], [-94.01382, 28.93902], [-94.01688, 28.94089], [-94.01987, 28.94269], [-94.02289, 28.9445], [-94.02552, 28.94612], [-94.02678, 28.94688], [-94.02984, 28.94874], [-94.03288, 28.95056], [-94.03634, 28.9527], [-94.03981, 28.95478], [-94.04279, 28.95659], [-94.04586, 28.95842], [-94.04931, 28.9605], [-94.05233, 28.96229], [-94.05537, 28.96407], [-94.05839, 28.9659], [-94.06142, 28.96773], [-94.06409, 28.96929], [-94.06713, 28.97112], [-94.07011, 28.97292], [-94.07323, 28.97474], [-94.07624, 28.97656], [-94.07927, 28.97838], [-94.08231, 28.98024], [-94.08529, 28.98206], [-94.08828, 28.98387], [-94.09132, 28.98569], [-94.09439, 28.98751], [-94.09747, 28.98933], [-94.10049, 28.99114], [-94.1035, 28.99294], [-94.10703, 28.995], [-94.11006, 28.99678], [-94.11311, 28.99856], [-94.11697, 29.00088], [-94.12008, 29.00275], [-94.12307, 29.00454], [-94.12615, 29.00643], [-94.12922, 29.00828], [-94.13184, 29.0098], [-94.13495, 29.01161], [-94.13804, 29.01348], [-94.14105, 29.0153], [-94.14418, 29.01714], [-94.14764, 29.01922], [-94.15074, 29.02102], [-94.15386, 29.02284], [-94.15691, 29.02472], [-94.15998, 29.02658], [-94.16309, 29.02839], [-94.16622, 29.03025], [-94.16926, 29.03208], [-94.17235, 29.03386], [-94.17552, 29.03569], [-94.17861, 29.03752], [-94.18174, 29.03937], [-94.18396, 29.04068], [-94.18714, 29.04253], [-94.1916, 29.04509], [-94.19463, 29.04709], [-94.1976, 29.04912], [-94.20062, 29.05115], [-94.20362, 29.05316], [-94.20621, 29.05486], [-94.2092, 29.05687], [-94.21217, 29.05882], [-94.21521, 29.06085], [-94.21859, 29.06313], [-94.22164, 29.06519], [-94.22464, 29.06725], [-94.22758, 29.06922], [-94.23061, 29.0713], [-94.2336, 29.07328], [-94.23656, 29.07532], [-94.23951, 29.07738], [-94.24204, 29.07915], [-94.245, 29.08114], [-94.24753, 29.08283], [-94.25048, 29.08485], [-94.25345, 29.08681], [-94.25639, 29.08885], [-94.25936, 29.09089], [-94.26229, 29.09291], [-94.26536, 29.09501], [-94.26876, 29.09729], [-94.27217, 29.09968], [-94.27522, 29.10179], [-94.27821, 29.10389], [-94.28116, 29.10596], [-94.28418, 29.10807], [-94.28715, 29.11016], [-94.29011, 29.11222], [-94.29306, 29.11425], [-94.296, 29.11626], [-94.29956, 29.11866], [-94.30261, 29.1205], [-94.30574, 29.12244], [-94.30876, 29.12432], [-94.31189, 29.12625], [-94.315, 29.12818], [-94.31809, 29.13012], [-94.32116, 29.13201], [-94.32386, 29.13366], [-94.3274, 29.13588], [-94.33044, 29.13778], [-94.33359, 29.1397], [-94.33668, 29.14158], [-94.33931, 29.14319], [-94.34242, 29.14506], [-94.34545, 29.14693], [-94.349, 29.14911], [-94.35204, 29.15098], [-94.35517, 29.15288], [-94.35825, 29.15465], [-94.36142, 29.15648], [-94.36446, 29.15826], [-94.36765, 29.16009], [-94.3708, 29.16192], [-94.37395, 29.16375], [-94.3771, 29.16562], [-94.37982, 29.16718], [-94.38294, 29.16889], [-94.38615, 29.17071], [-94.38934, 29.17246], [-94.39247, 29.17424], [-94.39565, 29.17604], [-94.39877, 29.17781], [-94.40191, 29.1796], [-94.40503, 29.18133], [-94.40821, 29.18317], [-94.41136, 29.1849], [-94.41447, 29.1867], [-94.41762, 29.18854], [-94.42075, 29.1904], [-94.42386, 29.19217], [-94.42698, 29.19397], [-94.42996, 29.19583], [-94.43262, 29.19752], [-94.43565, 29.19933], [-94.43914, 29.20143], [-94.44167, 29.20318], [-94.44256, 29.20537], [-94.44298, 29.20775], [-94.44332, 29.20991], [-94.44361, 29.21187], [-94.44387, 29.2137], [-94.4441, 29.21539], [-94.4443, 29.21693], [-94.44446, 29.21843], [-94.44463, 29.21973], [-94.44479, 29.22127], [-94.44495, 29.22277], [-94.44503, 29.22424], [-94.44536, 29.22565], [-94.44595, 29.22694], [-94.44679, 29.22794], [-94.44777, 29.229], [-94.44878, 29.23005], [-94.44998, 29.23133], [-94.45056, 29.23193], [-94.45181, 29.23323], [-94.45285, 29.23429], [-94.4538, 29.23532], [-94.4547, 29.23629], [-94.45544, 29.23709], [-94.45602, 29.23764], [-94.45625, 29.23782], [-94.45627, 29.2377], [-94.45618, 29.23741], [-94.45592, 29.23682], [-94.45553, 29.23621], [-94.45516, 29.23641], [-94.45502, 29.23643], [-94.45482, 29.23659], [-94.45485, 29.23667], [-94.45491, 29.23659], [-94.45497, 29.23651], [-94.45502, 29.23652], [-94.45495, 29.23651], [-94.45489, 29.23658], [-94.45483, 29.23657], [-94.45477, 29.23663], [-94.45476, 29.23667]]}, "properties": {"mmsi": "238045000", "name": "AP REVELIN", "vessel_type": "cargo", "n_points": 268, "n_points_full": 506, "max_gap_minutes": 33.5}}, {"type": "Feature", "geometry": {"type": "LineString", "coordinates": [[-93.59803, 28.67387], [-93.60191, 28.67612], [-93.60604, 28.67861], [-93.60945, 28.68057], [-93.61273, 28.68244], [-93.61599, 28.68431], [-93.61925, 28.68622], [-93.62245, 28.68817], [-93.62613, 28.69037], [-93.6294, 28.69228], [-93.63258, 28.69423], [-93.63775, 28.69735], [-93.64099, 28.6993], [-93.6442, 28.70115], [-93.64743, 28.70308], [-93.65162, 28.70553], [-93.65486, 28.70743], [-93.65864, 28.70964], [-93.66226, 28.71196], [-93.66552, 28.714], [-93.67112, 28.71734], [-93.67491, 28.71948], [-93.67815, 28.72141], [-93.68242, 28.72402], [-93.68569, 28.72601], [-93.68896, 28.72799], [-93.69422, 28.73121], [-93.69747, 28.73323], [-93.70187, 28.73581], [-93.70566, 28.73799], [-93.70897, 28.7399], [-93.71278, 28.74215], [-93.71658, 28.74436], [-93.71987, 28.74626], [-93.72314, 28.74821], [-93.72685, 28.75037], [-93.73062, 28.7526], [-93.73388, 28.75452], [-93.73708, 28.75642], [-93.74039, 28.75831], [-93.74364, 28.76021], [-93.74686, 28.76207], [-93.7502, 28.76396], [-93.75388, 28.76611], [-93.75768, 28.76831], [-93.76231, 28.77099], [-93.77262, 28.7772], [-93.77851, 28.78076], [-93.78356, 28.78379], [-93.79454, 28.79028], [-93.79966, 28.79324], [-93.8029, 28.79514], [-93.80845, 28.79843], [-93.81259, 28.80091], [-93.81807, 28.80424], [-93.82128, 28.80628], [-93.82445, 28.80837], [-93.82813, 28.81077], [-93.83172, 28.81316], [-93.83544, 28.81558], [-93.83955, 28.8183], [-93.84373, 28.82109], [-93.84688, 28.82318], [-93.85009, 28.82529], [-93.85338, 28.82741], [-93.85653, 28.82947], [-93.85972, 28.83157], [-93.86336, 28.83402], [-93.86736, 28.83671], [-93.87061, 28.83879], [-93.87376, 28.84087], [-93.8774, 28.84329], [-93.88065, 28.84543], [-93.88384, 28.84746], [-93.88793, 28.85007], [-93.89119, 28.85224], [-93.89389, 28.85403], [-93.89704, 28.85601], [-93.90022, 28.85807], [-93.90384, 28.86044], [-93.90751, 28.86285], [-93.91245, 28.86613], [-93.91603, 28.86848], [-93.92066, 28.87146], [-93.92423, 28.87387], [-93.92748, 28.87601], [-93.93021, 28.87785], [-93.93345, 28.87994], [-93.93671, 28.88204], [-93.94002, 28.88418], [-93.94367, 28.88657], [-93.94737, 28.88895], [-93.95062, 28.89106], [-93.95393, 28.89321], [-93.95802, 28.89596], [-93.96128, 28.8981], [-93.96547, 28.9009], [-93.96866, 28.90308], [-93.97335, 28.90616], [-93.97706, 28.90858], [-93.98127, 28.91135], [-93.98462, 28.91355], [-93.98969, 28.91693], [-93.99253, 28.9188], [-93.99663, 28.92156], [-93.99984, 28.92374], [-94.00356, 28.92621], [-94.00755, 28.92889], [-94.01067, 28.931], [-94.01372, 28.93301], [-94.01752, 28.93551], [-94.02044, 28.93752], [-94.02428, 28.94009], [-94.02715, 28.94194], [-94.03037, 28.9441], [-94.03368, 28.94634], [-94.03611, 28.94797], [-94.03898, 28.94976], [-94.04185, 28.95158], [-94.04473, 28.95349], [-94.04761, 28.95534], [-94.05092, 28.95732], [-94.05388, 28.95914], [-94.05724, 28.96125], [-94.06135, 28.96387], [-94.06422, 28.96561], [-94.06761, 28.96767], [-94.0709, 28.96967], [-94.07387, 28.97143], [-94.07668, 28.97315], [-94.0796, 28.97492], [-94.0825, 28.97659], [-94.08621, 28.97875], [-94.08745, 28.97949], [-94.09034, 28.98128], [-94.09314, 28.98303], [-94.09605, 28.98479], [-94.09892, 28.9865], [-94.10173, 28.98821], [-94.10454, 28.99], [-94.10777, 28.99199], [-94.1109, 28.99395], [-94.11366, 28.99571], [-94.11682, 28.9977], [-94.11962, 28.99942], [-94.12236, 29.00114], [-94.12517, 29.00288], [-94.12766, 29.00445], [-94.13044, 29.0062], [-94.13325, 29.00795], [-94.13608, 29.00974], [-94.13854, 29.01109], [-94.14131, 29.01249], [-94.14372, 29.01398], [-94.14586, 29.01525], [-94.14796, 29.01626], [-94.14991, 29.01757], [-94.15195, 29.01874], [-94.15414, 29.02009], [-94.15646, 29.02148], [-94.15892, 29.02293], [-94.16154, 29.02437], [-94.16427, 29.02585], [-94.16707, 29.02743], [-94.17019, 29.02924], [-94.17313, 29.03086], [-94.17645, 29.03278], [-94.17932, 29.03458], [-94.18223, 29.03647], [-94.18512, 29.03829], [-94.18757, 29.03989], [-94.19051, 29.04185], [-94.19344, 29.04379], [-94.19688, 29.04599], [-94.20061, 29.04842], [-94.20369, 29.05041], [-94.20659, 29.05236], [-94.20996, 29.05462], [-94.21289, 29.05656], [-94.21636, 29.05887], [-94.2193, 29.06079], [-94.22229, 29.0628], [-94.22561, 29.06506], [-94.22858, 29.06707], [-94.23109, 29.06876], [-94.23391, 29.07074], [-94.23673, 29.07276], [-94.23955, 29.07475], [-94.24234, 29.07667], [-94.2448, 29.07836], [-94.24765, 29.08036], [-94.25044, 29.08227], [-94.25326, 29.08429], [-94.25603, 29.08627], [-94.25878, 29.08825], [-94.26237, 29.09076], [-94.26516, 29.09276], [-94.26794, 29.09471], [-94.27084, 29.09673], [-94.27372, 29.09873], [-94.2766, 29.10075], [-94.27942, 29.10273], [-94.28237, 29.10481], [-94.28488, 29.10658], [-94.28781, 29.10865], [-94.29073, 29.11071], [-94.29368, 29.11276], [-94.29663, 29.11475], [-94.29966, 29.11683], [-94.30262, 29.1189], [-94.30553, 29.12092], [-94.30853, 29.12301], [-94.31113, 29.12475], [-94.31408, 29.12666], [-94.31712, 29.12861], [-94.32009, 29.1305], [-94.32314, 29.13247], [-94.32609, 29.1344], [-94.32868, 29.13615], [-94.33169, 29.13804], [-94.33525, 29.14013], [-94.33844, 29.14197], [-94.34153, 29.14376], [-94.34468, 29.14559], [-94.34788, 29.14742], [-94.35099, 29.14917], [-94.35418, 29.15098], [-94.3573, 29.1528], [-94.36036, 29.15461], [-94.36341, 29.1564], [-94.36657, 29.15828], [-94.37008, 29.16034], [-94.37308, 29.16212], [-94.37606, 29.16387], [-94.3791, 29.16564], [-94.38119, 29.16687], [-94.38481, 29.16904], [-94.38761, 29.17072], [-94.39036, 29.17236], [-94.39299, 29.17393], [-94.39603, 29.17567], [-94.39875, 29.17714], [-94.40177, 29.1788], [-94.40445, 29.18014], [-94.40714, 29.18136], [-94.40957, 29.18296], [-94.41193, 29.18441], [-94.41443, 29.18592], [-94.41722, 29.18758], [-94.41962, 29.18908], [-94.42229, 29.19072], [-94.42481, 29.19218], [-94.42729, 29.1937], [-94.42988, 29.19525], [-94.43249, 29.19674], [-94.43495, 29.19826], [-94.43732, 29.19965], [-94.43925, 29.2008], [-94.4414, 29.20211], [-94.44313, 29.20316], [-94.4451, 29.20437], [-94.44699, 29.20557], [-94.44888, 29.20675], [-94.45056, 29.20786], [-94.45231, 29.20896], [-94.45403, 29.21005], [-94.45567, 29.2111], [-94.45731, 29.21214], [-94.45894, 29.21319], [-94.46048, 29.21423], [-94.46203, 29.21529], [-94.46358, 29.21633], [-94.4651, 29.21734], [-94.46664, 29.2184], [-94.46806, 29.21958], [-94.46948, 29.22067], [-94.47069, 29.22168], [-94.47187, 29.22299], [-94.47304, 29.22438], [-94.47414, 29.2257], [-94.47531, 29.22711], [-94.4764, 29.22844], [-94.47753, 29.22977], [-94.47865, 29.2311], [-94.47973, 29.23241], [-94.48063, 29.23347], [-94.48161, 29.23467], [-94.48176, 29.23485], [-94.48273, 29.23603], [-94.48368, 29.23719], [-94.48458, 29.23832], [-94.48534, 29.23932], [-94.48618, 29.24041], [-94.48709, 29.2415], [-94.48784, 29.24256], [-94.48862, 29.24356], [-94.48953, 29.24442], [-94.49038, 29.24522], [-94.4912, 29.24603], [-94.49196, 29.24675], [-94.49281, 29.24734], [-94.49363, 29.24793], [-94.49431, 29.24859], [-94.49496, 29.24927], [-94.49569, 29.24986], [-94.49636, 29.25045], [-94.49698, 29.25101], [-94.4975, 29.25149], [-94.49786, 29.25185], [-94.49801, 29.25202], [-94.49792, 29.25201], [-94.49771, 29.25193], [-94.49746, 29.25183], [-94.49688, 29.25151], [-94.4961, 29.25169], [-94.49592, 29.25206], [-94.49582, 29.25236], [-94.49576, 29.25265], [-94.49578, 29.25275], [-94.49579, 29.25261], [-94.4958, 29.25243], [-94.49581, 29.25229], [-94.49583, 29.25229], [-94.49583, 29.25234], [-94.49578, 29.25235], [-94.49582, 29.25231], [-94.49585, 29.25233], [-94.49585, 29.25239], [-94.49582, 29.25241], [-94.49582, 29.25241], [-94.49582, 29.25243], [-94.49582, 29.25246], [-94.49581, 29.25241], [-94.4958, 29.25238], [-94.4958, 29.25233], [-94.49585, 29.25227], [-94.49584, 29.25218], [-94.49591, 29.25209], [-94.4959, 29.25206], [-94.49594, 29.25207], [-94.49591, 29.25203], [-94.49598, 29.25193], [-94.49604, 29.25184], [-94.49608, 29.25177], [-94.49611, 29.25172], [-94.4961, 29.25172], [-94.49612, 29.25173], [-94.49609, 29.25176], [-94.49604, 29.25181], [-94.49602, 29.25183], [-94.496, 29.25188], [-94.49605, 29.25189], [-94.49606, 29.2518], [-94.49613, 29.25173], [-94.49619, 29.25163], [-94.49618, 29.25161], [-94.49613, 29.25173], [-94.49603, 29.25182], [-94.49602, 29.25193], [-94.49599, 29.25193], [-94.49607, 29.25183], [-94.49607, 29.25179], [-94.49603, 29.25182], [-94.49605, 29.25183], [-94.49607, 29.25179], [-94.49611, 29.25176], [-94.49614, 29.25168], [-94.49622, 29.25158], [-94.49622, 29.2516], [-94.49617, 29.25162], [-94.49613, 29.2517], [-94.49618, 29.25168], [-94.49623, 29.25161], [-94.49624, 29.25155], [-94.49624, 29.25158], [-94.49623, 29.25158], [-94.49619, 29.25162], [-94.49622, 29.25163], [-94.49623, 29.2516], [-94.49623, 29.25157], [-94.49626, 29.25155], [-94.49627, 29.25154], [-94.49634, 29.2515], [-94.49635, 29.25145], [-94.49644, 29.2514], [-94.49645, 29.25139], [-94.49645, 29.2514], [-94.49642, 29.25141], [-94.49648, 29.25139], [-94.49649, 29.25135], [-94.49652, 29.25134], [-94.49649, 29.2513], [-94.49652, 29.25133], [-94.49651, 29.2513], [-94.49654, 29.25132], [-94.49651, 29.25133], [-94.49654, 29.25131], [-94.49656, 29.25128], [-94.49658, 29.25131], [-94.49657, 29.25133], [-94.49654, 29.2513], [-94.4966, 29.25129], [-94.49662, 29.25126], [-94.49662, 29.25124], [-94.49661, 29.25128], [-94.4966, 29.25128], [-94.49659, 29.25125], [-94.49659, 29.25126], [-94.49659, 29.25124], [-94.49664, 29.25123], [-94.49666, 29.2512], [-94.49667, 29.25119], [-94.49668, 29.25119], [-94.49664, 29.2512], [-94.49658, 29.25122], [-94.49657, 29.25128], [-94.49669, 29.25121], [-94.49672, 29.25118], [-94.49678, 29.25115], [-94.49676, 29.25113], [-94.4968, 29.25115], [-94.49676, 29.25111], [-94.49678, 29.25113], [-94.49683, 29.25109], [-94.49697, 29.25106], [-94.49693, 29.25103], [-94.49693, 29.25103], [-94.49692, 29.25105], [-94.49692, 29.25105], [-94.49689, 29.25108], [-94.49682, 29.25109], [-94.49679, 29.25112], [-94.49677, 29.25109], [-94.49684, 29.25107], [-94.49691, 29.25107], [-94.49693, 29.25108], [-94.4969, 29.25107], [-94.49687, 29.25109], [-94.49685, 29.2511], [-94.49682, 29.25107], [-94.49683, 29.25111], [-94.49683, 29.25108], [-94.49685, 29.25108], [-94.49679, 29.25114], [-94.49673, 29.25118], [-94.49666, 29.25119], [-94.49668, 29.25119], [-94.49668, 29.25118], [-94.49666, 29.25122], [-94.49662, 29.25123], [-94.49661, 29.25123], [-94.4966, 29.25125], [-94.4966, 29.25127], [-94.49656, 29.25126], [-94.49655, 29.25127], [-94.49653, 29.25128], [-94.49653, 29.25127]]}, "properties": {"mmsi": "563077200", "name": "HARMONICS", "vessel_type": "tanker", "n_points": 457, "n_points_full": 635, "max_gap_minutes": 12.0}}, {"type": "Feature", "geometry": {"type": "LineString", "coordinates": [[-94.41061, 28.41974], [-94.41056, 28.46107], [-94.40868, 28.51659], [-94.40851, 28.52196], [-94.40827, 28.53306], [-94.40783, 28.54076], [-94.4074, 28.54543], [-94.40656, 28.55701], [-94.40487, 28.58215], [-94.40441, 28.58891], [-94.40394, 28.59566], [-94.40305, 28.60915], [-94.40214, 28.62268], [-94.40179, 28.62754], [-94.40136, 28.63445], [-94.40084, 28.64189], [-94.4005, 28.65046], [-94.40027, 28.66773], [-94.40022, 28.67567], [-94.40022, 28.68305], [-94.40017, 28.69601], [-94.40014, 28.7022], [-94.4001, 28.70783], [-94.40006, 28.71217], [-94.40003, 28.71837], [-94.40006, 28.72267], [-94.40021, 28.72761], [-94.40031, 28.73187], [-94.40046, 28.73624], [-94.40068, 28.7418], [-94.40088, 28.74621], [-94.40106, 28.75055], [-94.40135, 28.75605], [-94.40154, 28.76044], [-94.40178, 28.76476], [-94.40197, 28.76965], [-94.4022, 28.77403], [-94.40254, 28.78198], [-94.40273, 28.78689], [-94.40293, 28.79125], [-94.40319, 28.79678], [-94.40336, 28.80103], [-94.40357, 28.80532], [-94.40387, 28.81087], [-94.40428, 28.8183], [-94.40452, 28.82263], [-94.40475, 28.8271], [-94.40504, 28.83138], [-94.40531, 28.83567], [-94.40567, 28.8407], [-94.4059, 28.84498], [-94.40619, 28.84936], [-94.40647, 28.85363], [-94.40681, 28.85797], [-94.40716, 28.86294], [-94.40742, 28.86736], [-94.40781, 28.87294], [-94.40813, 28.87724], [-94.40844, 28.88168], [-94.40874, 28.88598], [-94.40903, 28.89041], [-94.40917, 28.89472], [-94.40917, 28.89908], [-94.40915, 28.90413], [-94.40917, 28.90834], [-94.40927, 28.91269], [-94.40932, 28.91585], [-94.40936, 28.92011], [-94.40945, 28.92448], [-94.40949, 28.92821], [-94.40958, 28.93253], [-94.40963, 28.93702], [-94.40971, 28.94195], [-94.40976, 28.94638], [-94.40985, 28.95069], [-94.4099, 28.95508], [-94.40995, 28.95892], [-94.41003, 28.96322], [-94.41005, 28.96776], [-94.41009, 28.97278], [-94.41017, 28.97712], [-94.41025, 28.9821], [-94.41026, 28.98663], [-94.41032, 28.99104], [-94.41039, 28.99537], [-94.41042, 28.99987], [-94.41049, 29.00421], [-94.41052, 29.00863], [-94.41057, 29.01374], [-94.41063, 29.01814], [-94.41068, 29.02255], [-94.41074, 29.02695], [-94.41083, 29.03198], [-94.41091, 29.03694], [-94.41096, 29.0414], [-94.411, 29.04576], [-94.41103, 29.04987], [-94.41106, 29.05445], [-94.41099, 29.05921], [-94.41132, 29.0624], [-94.41162, 29.06515], [-94.4119, 29.06775], [-94.41211, 29.07015], [-94.41226, 29.07206], [-94.41242, 29.07417], [-94.41254, 29.07614], [-94.41251, 29.07809], [-94.41246, 29.07993], [-94.4124, 29.08146], [-94.41225, 29.08318], [-94.41215, 29.08481], [-94.41202, 29.08642], [-94.41198, 29.08811], [-94.41193, 29.08993], [-94.41193, 29.09192], [-94.41198, 29.09398], [-94.412, 29.09609], [-94.41204, 29.09767], [-94.4121, 29.09987], [-94.41214, 29.10183], [-94.41221, 29.10413], [-94.41233, 29.10645], [-94.41246, 29.10915], [-94.4126, 29.11154], [-94.41277, 29.11389], [-94.41287, 29.11625], [-94.41259, 29.11874], [-94.41156, 29.12105], [-94.41033, 29.12305], [-94.40877, 29.12522], [-94.40658, 29.12713], [-94.40413, 29.129], [-94.40216, 29.13097], [-94.40049, 29.13264], [-94.39862, 29.13457], [-94.39677, 29.1364], [-94.39492, 29.13823], [-94.39329, 29.13986], [-94.39146, 29.1417], [-94.39042, 29.14363], [-94.39031, 29.1456], [-94.3908, 29.14741], [-94.39155, 29.14922], [-94.39236, 29.15073], [-94.39382, 29.1524], [-94.39533, 29.15369], [-94.39735, 29.15531], [-94.39904, 29.1569], [-94.40043, 29.15844], [-94.40171, 29.15996], [-94.40284, 29.1614], [-94.40381, 29.1628], [-94.40453, 29.16402], [-94.40515, 29.16522], [-94.40564, 29.16611], [-94.40614, 29.16678], [-94.4067, 29.16725], [-94.40753, 29.16735], [-94.40812, 29.16722], [-94.40861, 29.16678], [-94.4091, 29.16631], [-94.40971, 29.16571], [-94.41065, 29.16501], [-94.41144, 29.16454], [-94.41237, 29.1642], [-94.41321, 29.16418], [-94.41391, 29.16433], [-94.41467, 29.16465], [-94.41554, 29.16511], [-94.41616, 29.16547], [-94.41719, 29.16604], [-94.41819, 29.16664], [-94.41917, 29.16738], [-94.42008, 29.16819], [-94.4209, 29.16911], [-94.42174, 29.17008], [-94.42255, 29.17107], [-94.42338, 29.17212], [-94.42418, 29.17315], [-94.42499, 29.17425], [-94.42586, 29.17529], [-94.42675, 29.17632], [-94.42749, 29.17724], [-94.42841, 29.17842], [-94.42955, 29.17978], [-94.43077, 29.18124], [-94.43209, 29.18287], [-94.43346, 29.18456], [-94.43491, 29.18633], [-94.43638, 29.1882], [-94.43783, 29.19002], [-94.43938, 29.19195], [-94.44092, 29.19393], [-94.44239, 29.19586], [-94.44466, 29.19817], [-94.44732, 29.20016], [-94.45015, 29.20221], [-94.45299, 29.20423], [-94.45589, 29.20631], [-94.45883, 29.20844], [-94.46135, 29.21022], [-94.46416, 29.2123], [-94.46716, 29.21448], [-94.47002, 29.21658], [-94.47294, 29.21871], [-94.47558, 29.22063], [-94.47846, 29.22271], [-94.48121, 29.22474], [-94.48409, 29.22686], [-94.48656, 29.22865], [-94.48941, 29.23076], [-94.49185, 29.23256], [-94.49496, 29.23474], [-94.49802, 29.23657], [-94.50061, 29.23816], [-94.50343, 29.23992], [-94.50656, 29.24178], [-94.51015, 29.24382], [-94.51326, 29.24558], [-94.5163, 29.24733], [-94.51941, 29.24915], [-94.52242, 29.25094]]}, "properties": {"mmsi": "563043900", "name": "PINZA", "vessel_type": "tanker", "n_points": 222, "n_points_full": 564, "max_gap_minutes": 15.0}}, {"type": "Feature", "geometry": {"type": "LineString", "coordinates": [[-94.40701, 28.07508], [-94.40988, 28.1156], [-94.41325, 28.15111], [-94.41381, 28.15563], [-94.41281, 28.17101], [-94.41122, 28.19058], [-94.41098, 28.1956], [-94.41066, 28.20101], [-94.41044, 28.20409], [-94.40925, 28.21853], [-94.40882, 28.22738], [-94.40822, 28.2327], [-94.40779, 28.23927], [-94.40754, 28.24246], [-94.40608, 28.26249], [-94.40556, 28.26807], [-94.40541, 28.27935], [-94.40627, 28.30168], [-94.40696, 28.3159], [-94.40721, 28.32239], [-94.40738, 28.32701], [-94.40758, 28.33148], [-94.40773, 28.33642], [-94.40807, 28.34455], [-94.40831, 28.3501], [-94.40843, 28.3533], [-94.40864, 28.35745], [-94.40864, 28.36155], [-94.40842, 28.36795], [-94.40841, 28.3729], [-94.40796, 28.38647], [-94.40801, 28.39161], [-94.40797, 28.39438], [-94.40799, 28.40144], [-94.408, 28.40478], [-94.40787, 28.409], [-94.40786, 28.41224], [-94.40785, 28.4156], [-94.40767, 28.41979], [-94.40761, 28.42411], [-94.4076, 28.43202], [-94.40755, 28.43626], [-94.40754, 28.44052], [-94.4073, 28.45516], [-94.40733, 28.45896], [-94.40728, 28.46365], [-94.40732, 28.46702], [-94.4073, 28.47281], [-94.4073, 28.48138], [-94.40726, 28.48561], [-94.40734, 28.48944], [-94.40732, 28.49382], [-94.40734, 28.49758], [-94.40722, 28.50242], [-94.40715, 28.50771], [-94.40718, 28.51108], [-94.40715, 28.51544], [-94.40714, 28.51978], [-94.40715, 28.52318], [-94.40709, 28.52615], [-94.40698, 28.52949], [-94.40693, 28.53382], [-94.40696, 28.5392], [-94.40693, 28.54255], [-94.40685, 28.54785], [-94.40677, 28.5512], [-94.40661, 28.55888], [-94.4066, 28.56264], [-94.40659, 28.56648], [-94.40663, 28.57215], [-94.40661, 28.57606], [-94.40645, 28.58125], [-94.40638, 28.58648], [-94.40631, 28.5898], [-94.40628, 28.59401], [-94.40625, 28.59746], [-94.40617, 28.60166], [-94.40611, 28.60506], [-94.40593, 28.6107], [-94.40589, 28.61593], [-94.40582, 28.62028], [-94.40573, 28.62455], [-94.40561, 28.63093], [-94.40561, 28.63431], [-94.4056, 28.63861], [-94.40553, 28.64206], [-94.40547, 28.64543], [-94.40539, 28.64929], [-94.40541, 28.65272], [-94.40536, 28.65626], [-94.40516, 28.66012], [-94.40511, 28.6635], [-94.405, 28.67408], [-94.40498, 28.67745], [-94.40481, 28.68088], [-94.40474, 28.68419], [-94.40449, 28.68998], [-94.40449, 28.69328], [-94.40429, 28.69713], [-94.40423, 28.701], [-94.40421, 28.70438], [-94.40411, 28.70771], [-94.40399, 28.7106], [-94.40391, 28.71498], [-94.4037, 28.71979], [-94.40363, 28.72409], [-94.4035, 28.72738], [-94.40339, 28.73168], [-94.40323, 28.73601], [-94.40309, 28.74135], [-94.40293, 28.7451], [-94.40284, 28.74849], [-94.4027, 28.7528], [-94.40257, 28.75608], [-94.40243, 28.75937], [-94.4024, 28.76225], [-94.40217, 28.767], [-94.40203, 28.77023], [-94.40193, 28.77357], [-94.40171, 28.78015], [-94.40162, 28.7839], [-94.40157, 28.7883], [-94.40154, 28.7917], [-94.40147, 28.79555], [-94.40133, 28.79892], [-94.40108, 28.80278], [-94.40099, 28.80661], [-94.40092, 28.81047], [-94.40069, 28.8138], [-94.4005, 28.81808], [-94.40041, 28.82153], [-94.40031, 28.82491], [-94.40015, 28.82868], [-94.40011, 28.83216], [-94.39992, 28.83556], [-94.39984, 28.83885], [-94.39969, 28.8427], [-94.39961, 28.84608], [-94.3995, 28.84951], [-94.39958, 28.85335], [-94.39963, 28.85669], [-94.39965, 28.86014], [-94.39974, 28.86359], [-94.3999, 28.86691], [-94.40004, 28.87025], [-94.40023, 28.87711], [-94.40028, 28.88053], [-94.40039, 28.88396], [-94.40057, 28.88737], [-94.40065, 28.89127], [-94.4007, 28.89476], [-94.40072, 28.8982], [-94.40075, 28.90163], [-94.40085, 28.90459], [-94.40094, 28.90899], [-94.40095, 28.91186], [-94.40097, 28.91581], [-94.401, 28.9192], [-94.40101, 28.92264], [-94.40112, 28.92607], [-94.40109, 28.92952], [-94.40114, 28.93303], [-94.40117, 28.93695], [-94.40117, 28.94046], [-94.40119, 28.94401], [-94.40123, 28.94745], [-94.40129, 28.95093], [-94.40139, 28.95436], [-94.40133, 28.95789], [-94.40135, 28.96131], [-94.40141, 28.96489], [-94.40144, 28.97183], [-94.40142, 28.97531], [-94.40145, 28.97879], [-94.40154, 28.98235], [-94.40151, 28.98579], [-94.40159, 28.98929], [-94.40163, 28.99279], [-94.40165, 28.99632], [-94.40167, 29.00036], [-94.40166, 29.00395], [-94.40165, 29.00749], [-94.40164, 29.0111], [-94.40158, 29.01455], [-94.40169, 29.01805], [-94.40166, 29.02153], [-94.40161, 29.02509], [-94.40166, 29.02866], [-94.4017, 29.03212], [-94.40176, 29.03565], [-94.40179, 29.03919], [-94.40181, 29.04272], [-94.40185, 29.04617], [-94.4019, 29.04972], [-94.40194, 29.05324], [-94.40203, 29.05675], [-94.4021, 29.06025], [-94.40221, 29.06725], [-94.40227, 29.07121], [-94.4023, 29.07485], [-94.40255, 29.07829], [-94.40266, 29.08168], [-94.40292, 29.08466], [-94.40316, 29.08816], [-94.40349, 29.09152], [-94.40375, 29.09505], [-94.40402, 29.09853], [-94.40433, 29.10202], [-94.40463, 29.10553], [-94.40498, 29.10906], [-94.40524, 29.11255], [-94.40551, 29.11614], [-94.40582, 29.11963], [-94.40607, 29.12329], [-94.40639, 29.12683], [-94.4067, 29.13029], [-94.40699, 29.13389], [-94.4073, 29.13742], [-94.40761, 29.141], [-94.40793, 29.14448], [-94.40821, 29.14755], [-94.40901, 29.15096], [-94.41021, 29.15418], [-94.41199, 29.15725], [-94.4164, 29.16299], [-94.41853, 29.16537], [-94.42101, 29.16799], [-94.42377, 29.17039], [-94.42647, 29.1728], [-94.42901, 29.1747], [-94.43188, 29.17675], [-94.43488, 29.17889], [-94.43783, 29.18105], [-94.44077, 29.18323], [-94.44372, 29.18539], [-94.44669, 29.18754], [-94.44968, 29.18975], [-94.45259, 29.19185], [-94.45557, 29.19404], [-94.45863, 29.19623], [-94.46156, 29.19848], [-94.46462, 29.20069], [-94.46762, 29.20283], [-94.4707, 29.20503], [-94.47371, 29.20722], [-94.4767, 29.20937], [-94.47934, 29.21125], [-94.48227, 29.21337], [-94.48539, 29.2156], [-94.48826, 29.21785], [-94.49361, 29.22215], [-94.49659, 29.22448], [-94.4995, 29.22681], [-94.50239, 29.22908], [-94.50538, 29.23146], [-94.50578, 29.23181], [-94.5083, 29.2343], [-94.51086, 29.23762], [-94.51245, 29.24061], [-94.51363, 29.24347], [-94.51502, 29.24671], [-94.51638, 29.24991], [-94.51774, 29.25314], [-94.51918, 29.25636], [-94.5205, 29.25952], [-94.52179, 29.26263], [-94.52322, 29.26615], [-94.52445, 29.26913], [-94.5258, 29.27212], [-94.52728, 29.27496], [-94.52868, 29.27764], [-94.53009, 29.28032], [-94.53143, 29.28294], [-94.53276, 29.28551], [-94.53409, 29.28808], [-94.53526, 29.29032], [-94.53791, 29.29552], [-94.53932, 29.29824], [-94.54088, 29.30081], [-94.54235, 29.30313], [-94.54379, 29.3054], [-94.54511, 29.30751], [-94.54643, 29.30954], [-94.54813, 29.31116], [-94.55022, 29.31234], [-94.55244, 29.31303], [-94.55482, 29.31354], [-94.55688, 29.31399], [-94.55834, 29.31432], [-94.55975, 29.3146], [-94.56086, 29.31465], [-94.56192, 29.31465], [-94.56276, 29.31467], [-94.56337, 29.31459], [-94.56362, 29.31444], [-94.56369, 29.31423], [-94.56365, 29.31398], [-94.56354, 29.31369], [-94.56346, 29.3134], [-94.56335, 29.31307], [-94.56328, 29.31272], [-94.56321, 29.31238], [-94.5632, 29.31221], [-94.56305, 29.31233], [-94.56292, 29.31245], [-94.56281, 29.31256], [-94.5627, 29.31268], [-94.56264, 29.31272], [-94.56266, 29.31268], [-94.56276, 29.31256], [-94.56288, 29.31242], [-94.56295, 29.31233], [-94.56294, 29.31232], [-94.56289, 29.31241], [-94.56281, 29.31252], [-94.56274, 29.31258], [-94.56269, 29.31263], [-94.56273, 29.31258], [-94.56286, 29.31246], [-94.56296, 29.31232], [-94.56305, 29.31226], [-94.56304, 29.31227], [-94.56298, 29.31234], [-94.56289, 29.31242], [-94.56285, 29.31244], [-94.56284, 29.31246], [-94.56284, 29.31246], [-94.56282, 29.31249], [-94.5628, 29.31256], [-94.5627, 29.31265], [-94.56268, 29.31268], [-94.56269, 29.31265], [-94.56271, 29.31261], [-94.56274, 29.31259], [-94.56274, 29.31257], [-94.56275, 29.31255], [-94.56278, 29.31255], [-94.56276, 29.31256], [-94.56274, 29.31256], [-94.56275, 29.31258], [-94.56274, 29.3126], [-94.56273, 29.31257], [-94.56279, 29.31251], [-94.56281, 29.31247], [-94.56283, 29.31245], [-94.56283, 29.31245], [-94.5628, 29.31251], [-94.56274, 29.31259], [-94.56271, 29.3126], [-94.56272, 29.3126], [-94.56275, 29.31256], [-94.56279, 29.3125], [-94.56286, 29.31246], [-94.56291, 29.31242], [-94.56294, 29.31236], [-94.56293, 29.31237], [-94.56288, 29.31242], [-94.56284, 29.31247], [-94.56281, 29.3125], [-94.56278, 29.3125], [-94.56281, 29.31249], [-94.56283, 29.31246], [-94.56287, 29.31243], [-94.56291, 29.31238], [-94.56293, 29.31235], [-94.56294, 29.31237], [-94.5629, 29.3124], [-94.56284, 29.31245], [-94.56283, 29.31249], [-94.56282, 29.31248], [-94.56285, 29.31247], [-94.56287, 29.31241], [-94.56289, 29.31237], [-94.56289, 29.31239], [-94.56285, 29.31242], [-94.56283, 29.31243], [-94.56281, 29.31244], [-94.56283, 29.31246], [-94.56287, 29.31245], [-94.56288, 29.31239], [-94.56293, 29.31235], [-94.5629, 29.31236], [-94.56287, 29.31242], [-94.56284, 29.31245], [-94.56282, 29.31247], [-94.56284, 29.31245], [-94.56285, 29.31244], [-94.56286, 29.31243], [-94.56286, 29.31243], [-94.56285, 29.31245], [-94.56284, 29.31246], [-94.56284, 29.31246], [-94.56286, 29.31243], [-94.56289, 29.31239], [-94.56291, 29.31235], [-94.56291, 29.31237], [-94.56287, 29.31239], [-94.56283, 29.31245], [-94.56279, 29.31249], [-94.56283, 29.31247], [-94.56303, 29.31228], [-94.56304, 29.31225], [-94.56283, 29.31247], [-94.56288, 29.31244], [-94.56306, 29.31224], [-94.56305, 29.31227], [-94.56298, 29.31233], [-94.56305, 29.31227], [-94.56287, 29.31241], [-94.56299, 29.31233], [-94.56304, 29.31228], [-94.56297, 29.3123], [-94.56293, 29.31236], [-94.56289, 29.31238], [-94.56289, 29.31239], [-94.56297, 29.31231], [-94.56294, 29.31232], [-94.56281, 29.31247], [-94.56289, 29.31241], [-94.56293, 29.31237], [-94.56284, 29.31243], [-94.56282, 29.31247], [-94.56288, 29.3124], [-94.56291, 29.31232], [-94.56287, 29.3124], [-94.56286, 29.31243], [-94.56291, 29.31237], [-94.56295, 29.31232], [-94.56292, 29.31236], [-94.56293, 29.31235], [-94.56289, 29.31238], [-94.56292, 29.31236], [-94.56296, 29.31233], [-94.56302, 29.31229], [-94.56297, 29.31229], [-94.56291, 29.3124], [-94.56294, 29.31237], [-94.56294, 29.31235], [-94.56293, 29.31234], [-94.56296, 29.31232], [-94.56303, 29.31228], [-94.56302, 29.31227], [-94.56297, 29.31232], [-94.56295, 29.31235], [-94.56295, 29.31235], [-94.56294, 29.31234], [-94.56313, 29.3122], [-94.56311, 29.31219], [-94.56293, 29.31242], [-94.56278, 29.31257], [-94.56295, 29.31241], [-94.56306, 29.31224], [-94.56301, 29.3123], [-94.56284, 29.31244], [-94.56299, 29.31233], [-94.56317, 29.31216], [-94.56311, 29.31221], [-94.56289, 29.31239], [-94.56293, 29.31238], [-94.563, 29.31229], [-94.56302, 29.31228], [-94.56305, 29.31226], [-94.56304, 29.31226], [-94.563, 29.31238], [-94.56326, 29.31249], [-94.56383, 29.31268], [-94.56408, 29.31296], [-94.56426, 29.31331], [-94.56437, 29.31369], [-94.56441, 29.31413], [-94.56435, 29.3146], [-94.56424, 29.31509], [-94.56428, 29.31549], [-94.56448, 29.3157], [-94.56478, 29.31565], [-94.56513, 29.31531], [-94.56543, 29.31474], [-94.56562, 29.31396], [-94.56585, 29.31309], [-94.56621, 29.31228], [-94.56662, 29.31157], [-94.56704, 29.31098], [-94.5675, 29.3103], [-94.56801, 29.3095], [-94.56849, 29.30858], [-94.56937, 29.30736], [-94.57334, 29.30466], [-94.57614, 29.30312], [-94.57956, 29.30238], [-94.58262, 29.30257], [-94.58644, 29.30298], [-94.59014, 29.30341], [-94.59377, 29.3039], [-94.59741, 29.30458], [-94.60093, 29.30559], [-94.60455, 29.30656], [-94.60799, 29.30756], [-94.61149, 29.30859], [-94.61508, 29.3096], [-94.61821, 29.31046]]}, "properties": {"mmsi": "271045704", "name": "CHEMICAL ATLANTIK", "vessel_type": "tanker", "n_points": 519, "n_points_full": 793, "max_gap_minutes": 23.4}}, {"type": "Feature", "geometry": {"type": "LineString", "coordinates": [[-94.41165, 28.44833], [-94.41161, 28.4524], [-94.41159, 28.45733], [-94.41146, 28.46088], [-94.41132, 28.46531], [-94.41115, 28.46931], [-94.41093, 28.47287], [-94.41075, 28.47641], [-94.41058, 28.4799], [-94.41032, 28.48502], [-94.41012, 28.48851], [-94.40986, 28.49259], [-94.40969, 28.49605], [-94.40956, 28.49965], [-94.40937, 28.50314], [-94.40906, 28.50773], [-94.40884, 28.51124], [-94.40832, 28.51861], [-94.40809, 28.52225], [-94.40775, 28.5282], [-94.40761, 28.53174], [-94.40741, 28.5363], [-94.40722, 28.54032], [-94.40716, 28.54336], [-94.40705, 28.5469], [-94.40699, 28.54993], [-94.40689, 28.55342], [-94.40681, 28.55704], [-94.40677, 28.56], [-94.40675, 28.56355], [-94.40676, 28.567], [-94.40674, 28.57045], [-94.40674, 28.574], [-94.40672, 28.57805], [-94.40686, 28.58257], [-94.40695, 28.58604], [-94.40712, 28.58956], [-94.40731, 28.5936], [-94.40739, 28.59718], [-94.40752, 28.60114], [-94.40765, 28.60421], [-94.40787, 28.60928], [-94.40806, 28.61281], [-94.40822, 28.6164], [-94.40837, 28.62055], [-94.4086, 28.62416], [-94.40898, 28.62765], [-94.40918, 28.62969], [-94.40954, 28.63325], [-94.40986, 28.63679], [-94.41042, 28.64179], [-94.41082, 28.64587], [-94.41123, 28.64989], [-94.41162, 28.65341], [-94.41197, 28.65689], [-94.41247, 28.66091], [-94.4129, 28.66502], [-94.41323, 28.6686], [-94.41347, 28.67217], [-94.41374, 28.67575], [-94.41388, 28.67982], [-94.41395, 28.6835], [-94.414, 28.68712], [-94.41405, 28.69078], [-94.41413, 28.69434], [-94.41415, 28.69791], [-94.41425, 28.70153], [-94.4142, 28.70517], [-94.41415, 28.70932], [-94.41413, 28.713], [-94.41412, 28.71658], [-94.41414, 28.72077], [-94.4141, 28.7253], [-94.4141, 28.7285], [-94.41407, 28.73203], [-94.41406, 28.73609], [-94.41406, 28.7398], [-94.41401, 28.74345], [-94.4139, 28.74691], [-94.41387, 28.75047], [-94.41381, 28.7541], [-94.41384, 28.75763], [-94.41383, 28.76179], [-94.41382, 28.76592], [-94.41373, 28.76953], [-94.41368, 28.77306], [-94.41373, 28.77713], [-94.41368, 28.78076], [-94.41361, 28.78484], [-94.41357, 28.78841], [-94.41357, 28.79148], [-94.41353, 28.795], [-94.41346, 28.79864], [-94.41347, 28.80217], [-94.41344, 28.80582], [-94.41343, 28.80937], [-94.41347, 28.81299], [-94.41343, 28.81767], [-94.41348, 28.82118], [-94.41341, 28.82482], [-94.41328, 28.82847], [-94.41317, 28.83252], [-94.41303, 28.83616], [-94.413, 28.83922], [-94.41295, 28.84278], [-94.41291, 28.8463], [-94.41282, 28.84987], [-94.41274, 28.85391], [-94.41268, 28.85741], [-94.41259, 28.86096], [-94.4125, 28.86415], [-94.41242, 28.86771], [-94.41236, 28.87128], [-94.41236, 28.87481], [-94.4123, 28.87844], [-94.41226, 28.882], [-94.41214, 28.88567], [-94.41207, 28.88932], [-94.41201, 28.89299], [-94.41196, 28.89668], [-94.41188, 28.89989], [-94.41174, 28.90347], [-94.41163, 28.90664], [-94.41155, 28.91039], [-94.41136, 28.9146], [-94.41123, 28.91827], [-94.41123, 28.92147], [-94.41123, 28.9251], [-94.41129, 28.92884], [-94.41138, 28.93254], [-94.41148, 28.93573], [-94.41156, 28.93951], [-94.41166, 28.94316], [-94.41182, 28.94684], [-94.41196, 28.95056], [-94.41209, 28.95424], [-94.41221, 28.95748], [-94.41238, 28.96136], [-94.41248, 28.9651], [-94.41261, 28.96886], [-94.41271, 28.97273], [-94.41282, 28.97656], [-94.41289, 28.9803], [-94.413, 28.98413], [-94.41316, 28.98796], [-94.4133, 28.99177], [-94.41346, 28.9956], [-94.41355, 28.99941], [-94.41369, 29.00212], [-94.41377, 29.00586], [-94.41388, 29.00966], [-94.41397, 29.01346], [-94.4141, 29.01719], [-94.41418, 29.02099], [-94.4143, 29.02473], [-94.41446, 29.02851], [-94.41461, 29.03238], [-94.41477, 29.03672], [-94.41488, 29.04049], [-94.41498, 29.04437], [-94.41505, 29.0477], [-94.41514, 29.05136], [-94.41524, 29.0551], [-94.41531, 29.05832], [-94.41544, 29.062], [-94.41556, 29.06573], [-94.41566, 29.06936], [-94.41579, 29.07288], [-94.41596, 29.07655], [-94.4161, 29.08004], [-94.41621, 29.08367], [-94.41636, 29.08731], [-94.41648, 29.09091], [-94.41659, 29.09446], [-94.41668, 29.09806], [-94.41676, 29.10167], [-94.41687, 29.10526], [-94.41676, 29.1089], [-94.41638, 29.11259], [-94.41584, 29.11622], [-94.41505, 29.11973], [-94.41419, 29.12345], [-94.41338, 29.1271], [-94.4126, 29.13059], [-94.41189, 29.13391], [-94.41123, 29.1371], [-94.41073, 29.14014], [-94.41024, 29.14322], [-94.40974, 29.14618], [-94.40924, 29.14918], [-94.40873, 29.15207], [-94.40825, 29.15492], [-94.40772, 29.15789], [-94.40716, 29.1607], [-94.4066, 29.16358], [-94.40605, 29.16639], [-94.40553, 29.16916], [-94.40524, 29.17163], [-94.40627, 29.1737], [-94.40751, 29.17583], [-94.40848, 29.17747], [-94.4099, 29.1799], [-94.4116, 29.1826], [-94.41319, 29.18539], [-94.41465, 29.18826], [-94.41599, 29.1909], [-94.41724, 29.19345], [-94.41851, 29.19606], [-94.41974, 29.19847], [-94.42104, 29.20099], [-94.42227, 29.20345], [-94.42347, 29.20583], [-94.42473, 29.20834], [-94.42597, 29.21078], [-94.42717, 29.21319], [-94.42838, 29.21561], [-94.4296, 29.21803], [-94.43082, 29.22048], [-94.43201, 29.22289], [-94.43315, 29.22523], [-94.43437, 29.2277], [-94.43544, 29.23005], [-94.43637, 29.23255], [-94.43705, 29.23475], [-94.43741, 29.23694], [-94.43768, 29.23934], [-94.43769, 29.24165], [-94.43751, 29.24396], [-94.4371, 29.24611], [-94.43656, 29.24783], [-94.43595, 29.24973], [-94.43499, 29.25171], [-94.43426, 29.25322], [-94.43348, 29.25481], [-94.43277, 29.25615], [-94.43197, 29.25766], [-94.43119, 29.25912], [-94.43036, 29.26061], [-94.42952, 29.26204], [-94.42874, 29.26339], [-94.42786, 29.26463], [-94.42733, 29.26557], [-94.42708, 29.26644], [-94.42704, 29.26724], [-94.42711, 29.2681], [-94.4274, 29.2689], [-94.42788, 29.26965], [-94.42842, 29.27041], [-94.42895, 29.27123], [-94.42957, 29.27198], [-94.43027, 29.27278], [-94.43105, 29.27368], [-94.43165, 29.27442], [-94.43215, 29.27508], [-94.43276, 29.27578], [-94.4333, 29.27636], [-94.43399, 29.27705], [-94.43467, 29.27771], [-94.43526, 29.2782], [-94.43565, 29.27854], [-94.43598, 29.27892], [-94.43636, 29.27934], [-94.43686, 29.27971], [-94.43725, 29.27994], [-94.4375, 29.2802], [-94.43768, 29.28041], [-94.43778, 29.28051], [-94.43774, 29.28051], [-94.43713, 29.28033], [-94.43664, 29.27991], [-94.4367, 29.28002], [-94.43615, 29.27994], [-94.43565, 29.2799], [-94.43545, 29.27994], [-94.43539, 29.27971], [-94.43543, 29.27961], [-94.43536, 29.27958], [-94.43538, 29.27959], [-94.43538, 29.27966], [-94.43533, 29.27972], [-94.43531, 29.27981], [-94.43533, 29.27973], [-94.43538, 29.27965], [-94.43537, 29.27961], [-94.43537, 29.27961], [-94.43536, 29.27961], [-94.43537, 29.27962], [-94.43534, 29.27973], [-94.43531, 29.27982], [-94.43533, 29.27977], [-94.43537, 29.27961], [-94.43536, 29.27959], [-94.43537, 29.27968], [-94.43529, 29.27977], [-94.4353, 29.27985], [-94.43543, 29.27977], [-94.43544, 29.27962], [-94.43539, 29.27954], [-94.43534, 29.27964], [-94.43531, 29.27978], [-94.43537, 29.27984], [-94.43546, 29.27972], [-94.43544, 29.2796], [-94.43542, 29.27953], [-94.43541, 29.27957], [-94.43543, 29.27959], [-94.43545, 29.27953], [-94.43543, 29.27952], [-94.43541, 29.27955], [-94.43551, 29.27951], [-94.43572, 29.27923], [-94.43574, 29.279], [-94.43576, 29.27899], [-94.43563, 29.27917], [-94.43548, 29.27936], [-94.43542, 29.27948], [-94.43554, 29.27943], [-94.43559, 29.27927], [-94.43558, 29.2792], [-94.43551, 29.27926], [-94.43552, 29.27937], [-94.43556, 29.27933], [-94.43564, 29.27917], [-94.43571, 29.27907], [-94.43567, 29.27907], [-94.43562, 29.27916], [-94.43563, 29.27915], [-94.43578, 29.27905], [-94.43586, 29.27895], [-94.43592, 29.27879], [-94.43588, 29.27886], [-94.43572, 29.27906], [-94.43558, 29.27919], [-94.43568, 29.27921], [-94.43576, 29.27907], [-94.43582, 29.27898], [-94.43574, 29.27896], [-94.43568, 29.27913], [-94.43551, 29.27929], [-94.43551, 29.27939], [-94.43565, 29.27926], [-94.43577, 29.27908], [-94.43584, 29.27891], [-94.43585, 29.27888], [-94.43572, 29.27908], [-94.43559, 29.27929], [-94.43554, 29.27931], [-94.4357, 29.27916], [-94.4359, 29.27893], [-94.43593, 29.27878], [-94.43592, 29.27883], [-94.43581, 29.27891], [-94.4357, 29.27901], [-94.43574, 29.27904], [-94.43578, 29.27896], [-94.43581, 29.27891], [-94.43579, 29.27891], [-94.43584, 29.27893], [-94.43585, 29.27886], [-94.43587, 29.27884], [-94.43583, 29.27888], [-94.43579, 29.27892], [-94.43576, 29.27896], [-94.43581, 29.27897], [-94.43579, 29.27895], [-94.43579, 29.27893], [-94.43573, 29.27896], [-94.43577, 29.27904], [-94.43575, 29.27903], [-94.43583, 29.27894], [-94.43587, 29.27888], [-94.43585, 29.27888], [-94.43585, 29.27889], [-94.43587, 29.27887], [-94.43588, 29.27892], [-94.43584, 29.27886], [-94.43594, 29.27884], [-94.43595, 29.27872], [-94.43598, 29.27882], [-94.4359, 29.27879], [-94.43591, 29.27883], [-94.43594, 29.27879], [-94.43601, 29.27875], [-94.43603, 29.27869], [-94.43603, 29.27865], [-94.43608, 29.27865], [-94.43609, 29.27866], [-94.43605, 29.2787], [-94.43597, 29.27874], [-94.43597, 29.27877], [-94.43601, 29.27868], [-94.4361, 29.27864], [-94.4361, 29.27864], [-94.43607, 29.27866], [-94.43606, 29.27867], [-94.43605, 29.27862], [-94.43608, 29.27868], [-94.436, 29.27877], [-94.43597, 29.27872], [-94.43616, 29.27867], [-94.43634, 29.27851], [-94.43647, 29.2784], [-94.43643, 29.27842], [-94.43627, 29.27853], [-94.43611, 29.27863], [-94.43604, 29.27867], [-94.43604, 29.27868], [-94.43604, 29.27867], [-94.43602, 29.27869], [-94.43604, 29.27869], [-94.43613, 29.27864], [-94.43618, 29.27855], [-94.43623, 29.2785], [-94.43624, 29.27854], [-94.43618, 29.27855], [-94.43609, 29.2786], [-94.43604, 29.27868], [-94.43597, 29.27872], [-94.43597, 29.27875], [-94.4361, 29.27867], [-94.43627, 29.27853], [-94.43634, 29.27845], [-94.43622, 29.27859], [-94.43603, 29.27873], [-94.43597, 29.27874], [-94.43608, 29.27869], [-94.43624, 29.27855], [-94.43627, 29.27852], [-94.43613, 29.27861], [-94.43603, 29.27866], [-94.4361, 29.27868], [-94.43622, 29.27857], [-94.43636, 29.27845], [-94.4363, 29.27853], [-94.4361, 29.27868], [-94.43594, 29.27878], [-94.43602, 29.27877], [-94.43615, 29.27865], [-94.43619, 29.27854], [-94.4361, 29.27869], [-94.43588, 29.27883]]}, "properties": {"mmsi": "538005118", "name": "STI FONTVIEILLE", "vessel_type": "tanker", "n_points": 441, "n_points_full": 660, "max_gap_minutes": 6.3}}, {"type": "Feature", "geometry": {"type": "LineString", "coordinates": [[-94.41184, 28.88096], [-94.41199, 28.88478], [-94.41211, 28.88809], [-94.41222, 28.8915], [-94.41234, 28.89439], [-94.41245, 28.89824], [-94.4125, 28.90159], [-94.41253, 28.90502], [-94.41259, 28.90832], [-94.41268, 28.91178], [-94.41279, 28.91524], [-94.41281, 28.91856], [-94.41286, 28.92199], [-94.41295, 28.92548], [-94.41302, 28.9284], [-94.41313, 28.93188], [-94.41317, 28.93527], [-94.41325, 28.93864], [-94.41331, 28.94212], [-94.41339, 28.94555], [-94.41342, 28.94907], [-94.41345, 28.95253], [-94.41354, 28.95594], [-94.41364, 28.95937], [-94.41371, 28.96279], [-94.4138, 28.96621], [-94.41385, 28.96962], [-94.4139, 28.97298], [-94.4139, 28.97651], [-94.41398, 28.97984], [-94.41401, 28.98328], [-94.41413, 28.98675], [-94.41418, 28.99019], [-94.41427, 28.9937], [-94.41434, 28.99713], [-94.41441, 29.00061], [-94.41447, 29.00408], [-94.41447, 29.00719], [-94.4145, 29.01019], [-94.41464, 29.01361], [-94.41474, 29.0171], [-94.41479, 29.02054], [-94.41485, 29.0241], [-94.41494, 29.02758], [-94.415, 29.03061], [-94.41505, 29.03395], [-94.41514, 29.03741], [-94.41522, 29.04086], [-94.41533, 29.04418], [-94.41548, 29.04766], [-94.41558, 29.05066], [-94.41561, 29.05421], [-94.41552, 29.0578], [-94.41539, 29.06135], [-94.41528, 29.06504], [-94.41518, 29.06869], [-94.4151, 29.07244], [-94.41501, 29.07608], [-94.41495, 29.07975], [-94.41485, 29.08341], [-94.41469, 29.08708], [-94.41457, 29.0907], [-94.41453, 29.09443], [-94.41451, 29.09812], [-94.41442, 29.10177], [-94.4143, 29.10554], [-94.41417, 29.1092], [-94.41409, 29.11295], [-94.41398, 29.11619], [-94.41387, 29.11991], [-94.41412, 29.12364], [-94.41451, 29.12731], [-94.41487, 29.13089], [-94.41521, 29.13458], [-94.41559, 29.1383], [-94.41597, 29.14205], [-94.41628, 29.14522], [-94.41664, 29.14888], [-94.41695, 29.15257], [-94.41733, 29.15625], [-94.41778, 29.15992], [-94.41824, 29.16363], [-94.4186, 29.16686], [-94.42009, 29.16954], [-94.42249, 29.17165], [-94.42506, 29.17413], [-94.42773, 29.17673], [-94.43163, 29.18039], [-94.43437, 29.18291], [-94.43699, 29.18528], [-94.43966, 29.18769], [-94.44219, 29.19003], [-94.44476, 29.1924], [-94.44743, 29.19481], [-94.44999, 29.1972], [-94.4525, 29.19947], [-94.4551, 29.20185], [-94.45771, 29.20417], [-94.46015, 29.20642], [-94.46272, 29.20875], [-94.46511, 29.21117], [-94.46734, 29.2136], [-94.46936, 29.21599], [-94.47132, 29.21829], [-94.47242, 29.21957], [-94.47418, 29.22183], [-94.47594, 29.22414], [-94.47755, 29.2263], [-94.47887, 29.22814], [-94.48019, 29.23025], [-94.48145, 29.23218], [-94.48253, 29.23388], [-94.48345, 29.23542], [-94.48435, 29.23682], [-94.48508, 29.23812], [-94.48583, 29.23928], [-94.48664, 29.24049], [-94.48743, 29.24196], [-94.48806, 29.24358], [-94.48879, 29.24536], [-94.48951, 29.24714], [-94.49028, 29.24902], [-94.49106, 29.25088], [-94.49186, 29.25277], [-94.49241, 29.25479], [-94.49249, 29.25689], [-94.49247, 29.2587], [-94.4924, 29.26023], [-94.49206, 29.26161], [-94.49105, 29.26266], [-94.48993, 29.26327], [-94.48893, 29.26405], [-94.48811, 29.26488], [-94.48743, 29.26571], [-94.48668, 29.2665], [-94.48586, 29.26719], [-94.4854, 29.26768], [-94.48518, 29.26783], [-94.48477, 29.26786], [-94.48433, 29.26785], [-94.48324, 29.26758], [-94.48248, 29.26759], [-94.48267, 29.26782], [-94.48277, 29.26779], [-94.48256, 29.2678], [-94.48243, 29.26795], [-94.48232, 29.268], [-94.48235, 29.26798], [-94.48244, 29.26786], [-94.48252, 29.2678], [-94.48255, 29.26778], [-94.48253, 29.26773], [-94.48256, 29.26771], [-94.48264, 29.26774], [-94.48249, 29.26787], [-94.4823, 29.26801], [-94.48236, 29.26795], [-94.48251, 29.2678], [-94.48247, 29.26786], [-94.48238, 29.26792], [-94.4825, 29.26777], [-94.48253, 29.26785], [-94.48233, 29.26814], [-94.4822, 29.26819], [-94.48228, 29.26804], [-94.48243, 29.26788], [-94.48235, 29.26798], [-94.48222, 29.26811], [-94.48227, 29.26803], [-94.48241, 29.26793], [-94.48228, 29.26806], [-94.48225, 29.26809], [-94.48227, 29.26806], [-94.48223, 29.26811], [-94.48226, 29.2681], [-94.4823, 29.26798], [-94.48233, 29.26801], [-94.48219, 29.26818], [-94.48217, 29.26825], [-94.48227, 29.26805], [-94.48234, 29.26796], [-94.48226, 29.26816], [-94.48214, 29.26832], [-94.48221, 29.26829], [-94.48236, 29.26799], [-94.48242, 29.26787], [-94.48216, 29.26837], [-94.48209, 29.2685], [-94.48229, 29.26824], [-94.48238, 29.26797], [-94.48237, 29.26799], [-94.48221, 29.26831], [-94.48208, 29.26849], [-94.48229, 29.26831], [-94.4823, 29.26807], [-94.48231, 29.26805], [-94.48216, 29.26831], [-94.48206, 29.26853], [-94.48213, 29.26846], [-94.48215, 29.2683], [-94.48217, 29.26828], [-94.48218, 29.26821], [-94.48219, 29.26824], [-94.48212, 29.26844], [-94.48207, 29.26858], [-94.48214, 29.26841], [-94.48218, 29.2682], [-94.48218, 29.26821], [-94.48211, 29.26839], [-94.4821, 29.26848], [-94.48225, 29.26828], [-94.48232, 29.26804], [-94.48233, 29.2681], [-94.48217, 29.26845], [-94.48201, 29.26867], [-94.48223, 29.26846], [-94.48237, 29.26816], [-94.48231, 29.26826], [-94.48206, 29.26853], [-94.48207, 29.26862], [-94.48218, 29.26844], [-94.4822, 29.26821], [-94.48225, 29.26812], [-94.48222, 29.26829], [-94.48209, 29.26848], [-94.4821, 29.26855], [-94.48216, 29.26838], [-94.4822, 29.26819], [-94.48224, 29.26819], [-94.48215, 29.26839], [-94.48211, 29.26845], [-94.48218, 29.26837], [-94.48225, 29.26822], [-94.48221, 29.26817], [-94.48218, 29.2682], [-94.48216, 29.26834], [-94.48215, 29.26835], [-94.48229, 29.26818], [-94.48246, 29.26786], [-94.48249, 29.26778], [-94.48241, 29.26787], [-94.48232, 29.26799], [-94.48242, 29.26792], [-94.48263, 29.26769], [-94.48249, 29.26794], [-94.48224, 29.2681], [-94.4823, 29.26812], [-94.48249, 29.26792], [-94.48254, 29.26777], [-94.48257, 29.26771], [-94.48248, 29.26783], [-94.48237, 29.2679], [-94.48234, 29.26796], [-94.48243, 29.26791], [-94.48246, 29.26786], [-94.48248, 29.2678], [-94.48254, 29.26772], [-94.48251, 29.26776], [-94.48244, 29.26784], [-94.48244, 29.26787], [-94.48255, 29.26778], [-94.48264, 29.26762], [-94.48261, 29.26771], [-94.48247, 29.26792], [-94.48227, 29.26805], [-94.48245, 29.26799], [-94.48266, 29.26775], [-94.4827, 29.26756], [-94.4827, 29.26761], [-94.48252, 29.26778], [-94.48243, 29.26787], [-94.48249, 29.26782], [-94.4826, 29.26771], [-94.48261, 29.26767], [-94.48251, 29.26777], [-94.48248, 29.26785], [-94.48241, 29.26785], [-94.48256, 29.26782], [-94.48256, 29.26772], [-94.48262, 29.26765], [-94.48264, 29.26767], [-94.4827, 29.26763], [-94.48265, 29.26761], [-94.48262, 29.2677], [-94.48249, 29.2678], [-94.48244, 29.26785], [-94.48252, 29.2678], [-94.48261, 29.26771], [-94.48266, 29.26761], [-94.48263, 29.2677], [-94.48252, 29.26777], [-94.48253, 29.26779], [-94.48262, 29.26768], [-94.48267, 29.26761], [-94.48269, 29.26761], [-94.48266, 29.26763], [-94.48271, 29.26761], [-94.48266, 29.2676], [-94.48261, 29.26768], [-94.48257, 29.2677], [-94.48258, 29.26774], [-94.48267, 29.26768], [-94.48272, 29.2676], [-94.48271, 29.26761], [-94.48268, 29.26763], [-94.48269, 29.26761], [-94.48265, 29.26763], [-94.48265, 29.2677], [-94.48262, 29.26764], [-94.48268, 29.26761], [-94.48269, 29.26759], [-94.48269, 29.26761], [-94.48271, 29.2676], [-94.48278, 29.26751], [-94.48289, 29.26747], [-94.48283, 29.26751], [-94.4827, 29.26761], [-94.48257, 29.26768], [-94.48256, 29.26772], [-94.48264, 29.26768], [-94.48275, 29.26754], [-94.48285, 29.26749], [-94.48286, 29.26748], [-94.48281, 29.26753], [-94.48302, 29.26743], [-94.48309, 29.26733], [-94.48302, 29.26746], [-94.48283, 29.26752], [-94.48278, 29.26753], [-94.48283, 29.26749], [-94.4828, 29.26755], [-94.48276, 29.26752], [-94.48279, 29.26755], [-94.48277, 29.26751], [-94.48289, 29.26746], [-94.48299, 29.26738], [-94.48296, 29.26744], [-94.48275, 29.26753], [-94.48287, 29.26748], [-94.48296, 29.26739], [-94.48298, 29.26744], [-94.48285, 29.26747], [-94.48283, 29.26751], [-94.48292, 29.26743], [-94.48305, 29.26736], [-94.48294, 29.26753], [-94.48275, 29.26754], [-94.48274, 29.26759], [-94.48298, 29.26742], [-94.48311, 29.26729], [-94.48303, 29.26749], [-94.48274, 29.26761], [-94.48262, 29.26763], [-94.48269, 29.26759], [-94.48271, 29.26758], [-94.48278, 29.26753], [-94.48282, 29.26753], [-94.4827, 29.26761], [-94.48259, 29.2677], [-94.48267, 29.26766], [-94.48279, 29.26754]]}, "properties": {"mmsi": "636018924", "name": "AQUARIUS", "vessel_type": "tanker", "n_points": 361, "n_points_full": 767, "max_gap_minutes": 6.1}}, {"type": "Feature", "geometry": {"type": "LineString", "coordinates": [[-94.59415, 28.48315], [-94.59486, 28.48385], [-94.59603, 28.48522], [-94.59672, 28.48589], [-94.59727, 28.48641], [-94.59789, 28.48709], [-94.59916, 28.48843], [-94.59971, 28.48906], [-94.60026, 28.48967], [-94.60144, 28.49095], [-94.60198, 28.49155], [-94.60305, 28.49285], [-94.6041, 28.49403], [-94.60457, 28.49463], [-94.60504, 28.49524], [-94.60544, 28.49578], [-94.60632, 28.49695], [-94.60677, 28.49752], [-94.60727, 28.4981], [-94.60825, 28.49931], [-94.60875, 28.49994], [-94.60931, 28.50051], [-94.60984, 28.50114], [-94.6109, 28.50239], [-94.61154, 28.50312], [-94.61205, 28.50373], [-94.61312, 28.50495], [-94.61374, 28.50566], [-94.61429, 28.50623], [-94.61481, 28.50689], [-94.61589, 28.50813], [-94.61638, 28.50866], [-94.617, 28.50924], [-94.61803, 28.51041], [-94.61832, 28.51115], [-94.61844, 28.51193], [-94.61795, 28.51386], [-94.61737, 28.51469], [-94.61654, 28.51558], [-94.61574, 28.51633], [-94.61472, 28.51734], [-94.61372, 28.51807], [-94.61262, 28.51864], [-94.61004, 28.51931], [-94.60878, 28.51934], [-94.60742, 28.51915], [-94.60629, 28.51885], [-94.60432, 28.51754], [-94.60344, 28.51664], [-94.60237, 28.51551], [-94.60041, 28.5134], [-94.5991, 28.51195], [-94.59804, 28.51081], [-94.59561, 28.50795], [-94.59462, 28.50678], [-94.59325, 28.50527], [-94.59213, 28.5041], [-94.58997, 28.50165], [-94.58885, 28.50043], [-94.58774, 28.49915], [-94.58535, 28.49637], [-94.58303, 28.49379], [-94.58192, 28.49252], [-94.58067, 28.49103], [-94.57842, 28.48841], [-94.57677, 28.48653], [-94.57557, 28.48525], [-94.57327, 28.48264], [-94.57209, 28.48128], [-94.57095, 28.47991], [-94.5698, 28.47855], [-94.56672, 28.47508], [-94.56553, 28.47369], [-94.56437, 28.4723], [-94.56196, 28.4695], [-94.56075, 28.46811], [-94.55954, 28.46672], [-94.55722, 28.46407], [-94.55601, 28.46267], [-94.55476, 28.4612], [-94.55348, 28.45976], [-94.55104, 28.45692], [-94.54979, 28.45546], [-94.54856, 28.45406], [-94.5456, 28.45055], [-94.54418, 28.44892], [-94.54249, 28.44687], [-94.54091, 28.44508], [-94.53807, 28.44178], [-94.53623, 28.4396], [-94.53486, 28.43811], [-94.53239, 28.43529], [-94.53167, 28.43346], [-94.53154, 28.4314], [-94.53345, 28.42729], [-94.53413, 28.42663], [-94.53485, 28.42602], [-94.53725, 28.42477], [-94.53947, 28.42445], [-94.53991, 28.42459], [-94.54031, 28.42499], [-94.54081, 28.42594], [-94.54097, 28.42639], [-94.54119, 28.42691], [-94.54149, 28.42733], [-94.54179, 28.42858], [-94.54184, 28.42915], [-94.54187, 28.43016], [-94.54201, 28.43207], [-94.54202, 28.43275], [-94.54211, 28.43341], [-94.54217, 28.43422], [-94.54237, 28.43599], [-94.54246, 28.43671], [-94.54261, 28.43778], [-94.54302, 28.44012], [-94.54314, 28.44121], [-94.54323, 28.44217], [-94.54348, 28.44399], [-94.54358, 28.44472], [-94.54375, 28.44601], [-94.5438, 28.4468], [-94.54403, 28.44873], [-94.54416, 28.44991], [-94.54428, 28.45065], [-94.54492, 28.4531], [-94.54546, 28.45477], [-94.54602, 28.45659], [-94.54639, 28.45783], [-94.54732, 28.4606], [-94.54779, 28.46197], [-94.54842, 28.46365], [-94.5496, 28.46658], [-94.55009, 28.46782], [-94.55077, 28.46938], [-94.55137, 28.47077], [-94.55307, 28.47514], [-94.55332, 28.47724], [-94.55338, 28.4795], [-94.55282, 28.48482], [-94.55267, 28.48608], [-94.55236, 28.48939], [-94.55173, 28.4956], [-94.55104, 28.49988], [-94.55051, 28.50321], [-94.54986, 28.50648], [-94.54853, 28.51309], [-94.54789, 28.51648], [-94.54712, 28.51984], [-94.54505, 28.52702], [-94.54402, 28.53033], [-94.54307, 28.53374], [-94.54213, 28.53666], [-94.53939, 28.54332], [-94.53751, 28.54644], [-94.53532, 28.54936], [-94.52886, 28.55429], [-94.52487, 28.55678], [-94.52131, 28.55903], [-94.51438, 28.5635], [-94.51092, 28.56577], [-94.50745, 28.56807], [-94.50317, 28.57107], [-94.49624, 28.57579], [-94.49175, 28.57899], [-94.48823, 28.58149], [-94.48067, 28.58682], [-94.47742, 28.58911], [-94.47384, 28.59165], [-94.47024, 28.59425], [-94.462, 28.60024], [-94.4583, 28.60289], [-94.45477, 28.60542], [-94.4479, 28.61033], [-94.44432, 28.61291], [-94.44007, 28.61588], [-94.43498, 28.61945], [-94.42712, 28.62502], [-94.42359, 28.62775], [-94.41868, 28.63225], [-94.41456, 28.63901], [-94.41374, 28.64247], [-94.41319, 28.64747], [-94.41252, 28.65809], [-94.4123, 28.66318], [-94.41239, 28.66925], [-94.4125, 28.67331], [-94.41259, 28.6846], [-94.41262, 28.69076], [-94.41262, 28.69447], [-94.41254, 28.70216], [-94.41261, 28.70572], [-94.41265, 28.7104], [-94.41275, 28.71447], [-94.41302, 28.72236], [-94.4132, 28.72651], [-94.41335, 28.73075], [-94.41364, 28.73817], [-94.41379, 28.74349], [-94.41396, 28.74773], [-94.41421, 28.75572], [-94.4143, 28.7595], [-94.41439, 28.76323], [-94.41447, 28.76745], [-94.41448, 28.77494], [-94.41449, 28.77873], [-94.41449, 28.78243], [-94.41446, 28.78996], [-94.41447, 28.79379], [-94.41446, 28.79707], [-94.41445, 28.80076], [-94.41448, 28.80821], [-94.41447, 28.812], [-94.41446, 28.81689], [-94.41456, 28.8243], [-94.4146, 28.82807], [-94.4147, 28.83237], [-94.41475, 28.83619], [-94.41479, 28.84362], [-94.41481, 28.84741], [-94.41488, 28.8511], [-94.41498, 28.85862], [-94.41502, 28.86244], [-94.41509, 28.86673], [-94.41522, 28.8743], [-94.41515, 28.87864], [-94.41505, 28.88299], [-94.41493, 28.88678], [-94.4148, 28.89433], [-94.41473, 28.8982], [-94.41464, 28.90201], [-94.41463, 28.91068], [-94.41467, 28.91401], [-94.4147, 28.91775], [-94.4147, 28.92151], [-94.41476, 28.92854], [-94.41479, 28.93233], [-94.41481, 28.93615], [-94.41484, 28.94385], [-94.41484, 28.94769], [-94.41486, 28.95148], [-94.41485, 28.95981], [-94.41488, 28.96318], [-94.41486, 28.96651], [-94.41481, 28.97031], [-94.41461, 28.97821], [-94.41446, 28.98223], [-94.41434, 28.98564], [-94.41408, 28.99534], [-94.414, 28.99938], [-94.41388, 29.00349], [-94.41376, 29.00748], [-94.4136, 29.01392], [-94.4135, 29.01793], [-94.41341, 29.02201], [-94.41322, 29.03025], [-94.41317, 29.03415], [-94.41311, 29.03811], [-94.41299, 29.04208], [-94.41284, 29.05033], [-94.41281, 29.05425], [-94.41275, 29.05801], [-94.41275, 29.06621], [-94.41277, 29.07005], [-94.41286, 29.07377], [-94.41303, 29.08126], [-94.41311, 29.08501], [-94.41322, 29.08883], [-94.41331, 29.09261], [-94.41353, 29.10014], [-94.41365, 29.10385], [-94.41375, 29.10762], [-94.41378, 29.11522], [-94.41373, 29.11908], [-94.41364, 29.12294], [-94.41353, 29.12669], [-94.41341, 29.13373], [-94.41336, 29.13747], [-94.41328, 29.14137], [-94.41311, 29.14885], [-94.41297, 29.15269], [-94.41299, 29.15607], [-94.41538, 29.16164], [-94.41763, 29.16376], [-94.4205, 29.16584], [-94.42332, 29.16789], [-94.42911, 29.17211], [-94.43213, 29.1743], [-94.43509, 29.17643], [-94.44097, 29.18074], [-94.44389, 29.18299], [-94.44678, 29.1852], [-94.44975, 29.18746], [-94.45476, 29.19133], [-94.4577, 29.19357], [-94.46061, 29.19582], [-94.46612, 29.2001], [-94.46907, 29.20241], [-94.47176, 29.20437], [-94.47399, 29.20669], [-94.47803, 29.21163], [-94.47985, 29.21414], [-94.48163, 29.21661], [-94.48488, 29.22116], [-94.48629, 29.22322], [-94.48749, 29.22494], [-94.49007, 29.22862], [-94.49126, 29.23035], [-94.49242, 29.23203], [-94.49366, 29.2338], [-94.49636, 29.23759], [-94.49782, 29.23963], [-94.49935, 29.24174], [-94.50244, 29.24607], [-94.50397, 29.24822], [-94.50534, 29.25021], [-94.50666, 29.25211], [-94.50916, 29.25575], [-94.5103, 29.25747], [-94.51144, 29.25921], [-94.51361, 29.26253], [-94.51479, 29.26431], [-94.51606, 29.26618], [-94.51881, 29.27027], [-94.52037, 29.27255], [-94.52181, 29.27469], [-94.52284, 29.27623], [-94.52533, 29.2799], [-94.52653, 29.28162], [-94.52766, 29.28336], [-94.52985, 29.28665], [-94.5309, 29.28822], [-94.53209, 29.28996], [-94.53309, 29.29148], [-94.53515, 29.29452], [-94.53594, 29.29564], [-94.53684, 29.29687], [-94.53782, 29.29909], [-94.53821, 29.30027], [-94.53853, 29.30142], [-94.53887, 29.30278], [-94.53993, 29.30497], [-94.54049, 29.30617], [-94.54103, 29.3074], [-94.54202, 29.30959], [-94.54253, 29.31069], [-94.54298, 29.31174], [-94.54377, 29.31352], [-94.5441, 29.31423], [-94.54435, 29.3149], [-94.54447, 29.31535], [-94.54431, 29.3155], [-94.54419, 29.31539], [-94.54411, 29.31532], [-94.54346, 29.31517], [-94.54279, 29.31495], [-94.54205, 29.31515], [-94.54193, 29.31537], [-94.54191, 29.31531], [-94.54187, 29.31534], [-94.54185, 29.31538], [-94.54185, 29.31535], [-94.54192, 29.31531], [-94.54191, 29.31529], [-94.54184, 29.31536], [-94.5419, 29.31539], [-94.54197, 29.31532], [-94.54209, 29.31521], [-94.54215, 29.31508], [-94.54211, 29.31512], [-94.54202, 29.31519], [-94.54198, 29.31521], [-94.54203, 29.31521], [-94.54204, 29.3152], [-94.54206, 29.31521], [-94.54241, 29.31569], [-94.54282, 29.31615], [-94.54358, 29.31645], [-94.54535, 29.31769], [-94.54547, 29.31844], [-94.54502, 29.31948], [-94.54426, 29.32086], [-94.5415, 29.32391], [-94.53951, 29.32525], [-94.53691, 29.32616], [-94.531, 29.32614], [-94.52842, 29.32485], [-94.52583, 29.32331], [-94.52407, 29.31865], [-94.52396, 29.31605], [-94.52401, 29.31282], [-94.52405, 29.30992], [-94.52516, 29.30247], [-94.5264, 29.2991], [-94.52809, 29.29578], [-94.5318, 29.28892], [-94.53445, 29.28524], [-94.53664, 29.28243], [-94.53909, 29.27974], [-94.54516, 29.27777], [-94.54859, 29.2778], [-94.5521, 29.27805], [-94.5588, 29.27894], [-94.56196, 29.2802], [-94.56519, 29.2816], [-94.56839, 29.28309], [-94.57604, 29.28555], [-94.57985, 29.28663], [-94.58366, 29.28773], [-94.5906, 29.29004], [-94.59422, 29.29179], [-94.59765, 29.29347], [-94.60474, 29.29703], [-94.60826, 29.29882], [-94.61181, 29.30061], [-94.6154, 29.30241], [-94.62256, 29.30625], [-94.62616, 29.30823], [-94.62927, 29.30994], [-94.63657, 29.31386], [-94.64032, 29.3159], [-94.64402, 29.31791], [-94.64778, 29.31996], [-94.65512, 29.32395], [-94.65887, 29.32595], [-94.66204, 29.32763], [-94.66948, 29.33145], [-94.67324, 29.33341], [-94.67699, 29.33541], [-94.68452, 29.33925], [-94.68824, 29.34104], [-94.69231, 29.34213], [-94.69634, 29.34285], [-94.70464, 29.3442], [-94.70877, 29.34489], [-94.71229, 29.3455], [-94.72056, 29.34584], [-94.72468, 29.34563], [-94.72884, 29.34534], [-94.73282, 29.34504], [-94.74041, 29.34445], [-94.74453, 29.34413], [-94.7485, 29.3438], [-94.75647, 29.34334], [-94.7603, 29.3433], [-94.76405, 29.34332], [-94.76741, 29.34329], [-94.77341, 29.34466], [-94.77639, 29.34602], [-94.7793, 29.34722], [-94.78426, 29.35057], [-94.78621, 29.35291], [-94.78838, 29.35525], [-94.79306, 29.35956], [-94.79539, 29.36197], [-94.79781, 29.36441], [-94.80028, 29.36681], [-94.80395, 29.37232], [-94.80555, 29.3752], [-94.806, 29.37598], [-94.80907, 29.38145], [-94.81077, 29.38453], [-94.81241, 29.38763], [-94.81396, 29.39073], [-94.81673, 29.39668], [-94.81821, 29.39988], [-94.81973, 29.40309], [-94.82251, 29.4096], [-94.82358, 29.41261], [-94.82531, 29.4154], [-94.82893, 29.42125], [-94.83065, 29.42431], [-94.83227, 29.42754], [-94.83357, 29.43028], [-94.83654, 29.43663], [-94.83808, 29.43987], [-94.83966, 29.44315], [-94.84288, 29.4496], [-94.84449, 29.45299], [-94.84602, 29.4566], [-94.84773, 29.45965], [-94.85112, 29.46553], [-94.85322, 29.46957], [-94.85488, 29.47289], [-94.85799, 29.47908], [-94.85965, 29.48234], [-94.86111, 29.48522], [-94.863, 29.48891], [-94.86638, 29.49456], [-94.86865, 29.49749], [-94.87101, 29.50053], [-94.87538, 29.50612], [-94.8775, 29.50887], [-94.87949, 29.51208], [-94.88326, 29.51736], [-94.88583, 29.52025], [-94.88798, 29.52312], [-94.89026, 29.52602], [-94.89423, 29.5319], [-94.89662, 29.53461]]}, "properties": {"mmsi": "240168000", "name": "OLYMPIC FLAG", "vessel_type": "tanker", "n_points": 646, "n_points_full": 984, "max_gap_minutes": 9.0}}, {"type": "Feature", "geometry": {"type": "LineString", "coordinates": [[-94.42567, 28.50817], [-94.42867, 28.617], [-94.42917, 28.626], [-94.42933, 28.63], [-94.4295, 28.636], [-94.42948, 28.63925], [-94.42917, 28.64283], [-94.42883, 28.64733], [-94.42842, 28.65155], [-94.42817, 28.655], [-94.42783, 28.65867], [-94.42733, 28.66317], [-94.427, 28.66683], [-94.42667, 28.67083], [-94.42617, 28.676], [-94.42583, 28.681], [-94.4255, 28.68467], [-94.425, 28.689], [-94.42433, 28.693], [-94.42367, 28.6975], [-94.42283, 28.7025], [-94.422, 28.70717], [-94.42167, 28.70983], [-94.42133, 28.71317], [-94.42167, 28.72733], [-94.42183, 28.7315], [-94.42202, 28.73548], [-94.42217, 28.7395], [-94.42233, 28.7435], [-94.4225, 28.74783], [-94.42267, 28.75183], [-94.42283, 28.75583], [-94.42317, 28.761], [-94.42333, 28.76567], [-94.42367, 28.77017], [-94.42383, 28.77433], [-94.42417, 28.77983], [-94.42433, 28.78383], [-94.4245, 28.78733], [-94.42483, 28.7915], [-94.425, 28.795], [-94.42517, 28.79817], [-94.4255, 28.80183], [-94.42567, 28.80583], [-94.42583, 28.8095], [-94.426, 28.81317], [-94.42617, 28.81683], [-94.42617, 28.82033], [-94.42617, 28.82383], [-94.42633, 28.82767], [-94.42633, 28.83117], [-94.42633, 28.83483], [-94.4265, 28.839], [-94.4265, 28.84317], [-94.42667, 28.84667], [-94.42667, 28.85083], [-94.42667, 28.8545], [-94.42683, 28.85867], [-94.42683, 28.86217], [-94.42683, 28.86583], [-94.42683, 28.8695], [-94.42683, 28.87317], [-94.42683, 28.87774], [-94.42683, 28.88183], [-94.42683, 28.8855], [-94.42683, 28.8885], [-94.42683, 28.8925], [-94.42683, 28.89417], [-94.42683, 28.89783], [-94.42683, 28.9015], [-94.42683, 28.905], [-94.42683, 28.90867], [-94.42683, 28.91217], [-94.42683, 28.91583], [-94.42683, 28.9195], [-94.42683, 28.92317], [-94.42683, 28.92667], [-94.42683, 28.9305], [-94.42683, 28.93417], [-94.42683, 28.93767], [-94.42683, 28.9415], [-94.42667, 28.94517], [-94.42667, 28.94933], [-94.4265, 28.95283], [-94.4265, 28.9565], [-94.4265, 28.95983], [-94.42617, 28.964], [-94.42583, 28.967], [-94.42533, 28.97067], [-94.425, 28.97433], [-94.42467, 28.978], [-94.42417, 28.9815], [-94.42383, 28.98467], [-94.42317, 28.98767], [-94.42267, 28.991], [-94.422, 28.994], [-94.4215, 28.99717], [-94.421, 29.00017], [-94.42033, 29.00333], [-94.41983, 29.00583], [-94.41917, 29.009], [-94.41869, 29.0121], [-94.41813, 29.0156], [-94.4175, 29.0195], [-94.417, 29.02317], [-94.417, 29.027], [-94.41733, 29.031], [-94.41767, 29.03517], [-94.418, 29.04067], [-94.41817, 29.0455], [-94.4185, 29.05017], [-94.41883, 29.05383], [-94.41917, 29.05783], [-94.41933, 29.062], [-94.41967, 29.066], [-94.42, 29.07017], [-94.42017, 29.07433], [-94.42033, 29.07783], [-94.42033, 29.08183], [-94.42033, 29.08417], [-94.42033, 29.088], [-94.42017, 29.0915], [-94.42017, 29.09517], [-94.42017, 29.09917], [-94.42, 29.10317], [-94.42, 29.10667], [-94.42, 29.111], [-94.41983, 29.11483], [-94.41967, 29.1185], [-94.4195, 29.12317], [-94.41933, 29.12717], [-94.41917, 29.13117], [-94.41933, 29.13467], [-94.41967, 29.13817], [-94.42033, 29.14133], [-94.421, 29.14467], [-94.42183, 29.14817], [-94.42283, 29.15133], [-94.42433, 29.1545], [-94.42617, 29.1575], [-94.42817, 29.16067], [-94.43027, 29.1633], [-94.43283, 29.16633], [-94.4355, 29.1695], [-94.43867, 29.17317], [-94.4415, 29.176], [-94.44454, 29.17889], [-94.44733, 29.18167], [-94.45014, 29.18441], [-94.453, 29.18717], [-94.45583, 29.19], [-94.4585, 29.19267], [-94.46117, 29.19533], [-94.46383, 29.19783], [-94.466, 29.2], [-94.46883, 29.20267], [-94.47117, 29.20517], [-94.47367, 29.2075], [-94.476, 29.20983], [-94.47833, 29.21217], [-94.4805, 29.21433], [-94.48286, 29.21673], [-94.48483, 29.21867], [-94.48717, 29.22117], [-94.4895, 29.2235], [-94.49183, 29.22583], [-94.49417, 29.22817], [-94.4965, 29.2305], [-94.49867, 29.23283], [-94.50078, 29.23495], [-94.503, 29.23667], [-94.50567, 29.23833], [-94.5085, 29.24], [-94.509, 29.24017], [-94.51183, 29.24183], [-94.51483, 29.2435], [-94.51733, 29.24483], [-94.52033, 29.2465], [-94.52367, 29.24817], [-94.52617, 29.2495], [-94.52817, 29.25133], [-94.53, 29.25333], [-94.53183, 29.25533], [-94.5335, 29.25733], [-94.535, 29.259], [-94.53744, 29.26053], [-94.53933, 29.26133], [-94.54117, 29.26217], [-94.54309, 29.26299], [-94.54467, 29.26367], [-94.54617, 29.2645], [-94.54767, 29.26533], [-94.549, 29.2665], [-94.5505, 29.268], [-94.55223, 29.26957], [-94.55417, 29.27117], [-94.5565, 29.27317], [-94.55833, 29.27483], [-94.56033, 29.2765], [-94.56233, 29.27817], [-94.56433, 29.27983], [-94.56633, 29.28167], [-94.56826, 29.28361], [-94.57017, 29.2855], [-94.57217, 29.2875], [-94.5745, 29.28917], [-94.57717, 29.29083], [-94.58033, 29.29283], [-94.5835, 29.29467], [-94.587, 29.29683], [-94.5905, 29.299], [-94.59367, 29.301], [-94.59688, 29.30299], [-94.6, 29.305], [-94.603, 29.30683], [-94.60583, 29.30869], [-94.60883, 29.31], [-94.61183, 29.31083], [-94.61533, 29.3115], [-94.61867, 29.312], [-94.622, 29.31233], [-94.62533, 29.31283], [-94.629, 29.31333], [-94.63283, 29.31383], [-94.63617, 29.31433], [-94.6395, 29.31517]]}, "properties": {"mmsi": "538005112", "name": "BALLENITA", "vessel_type": "cargo", "n_points": 226, "n_points_full": 491, "max_gap_minutes": 36.6}}, {"type": "Feature", "geometry": {"type": "LineString", "coordinates": [[-95.49715, 28.51256], [-95.49352, 28.51471], [-95.48976, 28.51692], [-95.48608, 28.51907], [-95.48234, 28.52121], [-95.47814, 28.52373], [-95.4745, 28.52596], [-95.47081, 28.52819], [-95.46719, 28.53039], [-95.46369, 28.53262], [-95.46014, 28.53484], [-95.45708, 28.53672], [-95.45347, 28.53897], [-95.44997, 28.5412], [-95.4465, 28.5434], [-95.44297, 28.54562], [-95.43896, 28.54816], [-95.43535, 28.55035], [-95.43175, 28.55249], [-95.42823, 28.5546], [-95.42457, 28.55672], [-95.42095, 28.55878], [-95.41735, 28.56079], [-95.41366, 28.56284], [-95.41, 28.56484], [-95.40639, 28.56684], [-95.40274, 28.56885], [-95.39902, 28.5709], [-95.3952, 28.5728], [-95.39465, 28.57307], [-95.39038, 28.57517], [-95.38661, 28.57708], [-95.38283, 28.57901], [-95.37901, 28.58095], [-95.37533, 28.58289], [-95.37154, 28.58483], [-95.36772, 28.58678], [-95.36397, 28.58874], [-95.35967, 28.59102], [-95.35601, 28.59295], [-95.35227, 28.59499], [-95.34847, 28.59704], [-95.34477, 28.599], [-95.34095, 28.60104], [-95.33715, 28.60302], [-95.33341, 28.60491], [-95.32959, 28.60686], [-95.32571, 28.60886], [-95.32197, 28.61085], [-95.31816, 28.61287], [-95.31445, 28.61487], [-95.3106, 28.61693], [-95.30685, 28.6189], [-95.30302, 28.62095], [-95.29928, 28.62297], [-95.29596, 28.62471], [-95.29217, 28.62676], [-95.2884, 28.62876], [-95.28456, 28.63077], [-95.28068, 28.63282], [-95.27696, 28.63474], [-95.27308, 28.63681], [-95.26924, 28.63889], [-95.26549, 28.64092], [-95.26174, 28.64307], [-95.25798, 28.64523], [-95.25429, 28.64737], [-95.25057, 28.64958], [-95.24695, 28.65176], [-95.24276, 28.65433], [-95.23908, 28.65654], [-95.23542, 28.65876], [-95.23223, 28.66069], [-95.22855, 28.66297], [-95.22485, 28.66519], [-95.22109, 28.66753], [-95.21692, 28.67013], [-95.21323, 28.67238], [-95.20947, 28.67471], [-95.20582, 28.67694], [-95.20208, 28.67922], [-95.20102, 28.67986], [-95.19729, 28.68213], [-95.19405, 28.68404], [-95.19021, 28.68635], [-95.18653, 28.68859], [-95.18332, 28.69051], [-95.17947, 28.69279], [-95.17569, 28.69506], [-95.1719, 28.69732], [-95.16818, 28.69955], [-95.16437, 28.70184], [-95.16114, 28.7038], [-95.15741, 28.70607], [-95.15359, 28.7084], [-95.14982, 28.71067], [-95.14603, 28.71301], [-95.14235, 28.71527], [-95.13854, 28.71764], [-95.13477, 28.71995], [-95.131, 28.72227], [-95.12723, 28.72453], [-95.12342, 28.72682], [-95.11967, 28.72906], [-95.11531, 28.73166], [-95.11197, 28.73383], [-95.10847, 28.73561], [-95.10479, 28.7358], [-95.10125, 28.73443], [-95.09783, 28.73272], [-95.09431, 28.73104], [-95.09061, 28.72941], [-95.08697, 28.72743], [-95.08342, 28.72546], [-95.07985, 28.72325], [-95.07636, 28.72097], [-95.0729, 28.71863], [-95.06946, 28.71606], [-95.06623, 28.71341], [-95.06294, 28.7107], [-95.05969, 28.70791], [-95.05643, 28.70508], [-95.05328, 28.70217], [-95.05032, 28.69917], [-95.04736, 28.69613], [-95.04441, 28.69308], [-95.04152, 28.68995], [-95.03863, 28.68681], [-95.03536, 28.68326], [-95.03253, 28.68018], [-95.02922, 28.67666], [-95.02671, 28.67401], [-95.02374, 28.67085], [-95.02168, 28.66872], [-95.01872, 28.66561], [-95.01581, 28.6625], [-95.01291, 28.65946], [-95.01011, 28.6564], [-95.00715, 28.65332], [-95.00423, 28.65024], [-95.00135, 28.64719], [-94.9985, 28.64417], [-94.99558, 28.64109], [-94.99275, 28.63808], [-94.98984, 28.63494], [-94.98698, 28.63189], [-94.98365, 28.62842], [-94.98075, 28.62538], [-94.97697, 28.6215], [-94.97408, 28.61852], [-94.97062, 28.6151], [-94.96765, 28.61211], [-94.96473, 28.60917], [-94.9617, 28.60616], [-94.95877, 28.6032], [-94.95583, 28.60024], [-94.95291, 28.59724], [-94.94986, 28.59422], [-94.9469, 28.59129], [-94.94434, 28.58873], [-94.94139, 28.5858], [-94.93832, 28.58279], [-94.9354, 28.57987], [-94.93238, 28.5769], [-94.92973, 28.57433], [-94.92637, 28.57095], [-94.92333, 28.56796], [-94.92028, 28.56503], [-94.91714, 28.56218], [-94.91387, 28.55947], [-94.91056, 28.55683], [-94.90568, 28.55304], [-94.90093, 28.54925], [-94.89566, 28.54508], [-94.88908, 28.53965], [-94.88491, 28.53598], [-94.876, 28.52783], [-94.86608, 28.51873], [-94.86472, 28.51749], [-94.85548, 28.50902], [-94.85235, 28.50638], [-94.84884, 28.50472], [-94.84528, 28.50457], [-94.84183, 28.50586], [-94.83805, 28.50777], [-94.8346, 28.50944], [-94.83037, 28.51116], [-94.82547, 28.51313], [-94.82159, 28.51471], [-94.81763, 28.51629], [-94.81372, 28.51783], [-94.80916, 28.51963], [-94.80516, 28.5212], [-94.79996, 28.52325], [-94.79249, 28.52615], [-94.78794, 28.52796], [-94.78391, 28.52953], [-94.77988, 28.53112], [-94.77537, 28.53291], [-94.77129, 28.5345], [-94.76725, 28.53608], [-94.76269, 28.53781], [-94.75807, 28.53962], [-94.7541, 28.54115], [-94.74999, 28.54272], [-94.74308, 28.54536], [-94.73911, 28.54688], [-94.735, 28.54842], [-94.73098, 28.54992], [-94.72694, 28.55145], [-94.72282, 28.55299], [-94.71817, 28.55468], [-94.71358, 28.5564], [-94.71011, 28.55773], [-94.70552, 28.55955], [-94.70146, 28.56118], [-94.69688, 28.56302], [-94.69065, 28.56554], [-94.6843, 28.56815], [-94.68039, 28.56979], [-94.67576, 28.57169], [-94.67135, 28.57361], [-94.66334, 28.57698], [-94.65531, 28.5803], [-94.65013, 28.58245], [-94.64495, 28.58451], [-94.64142, 28.58592], [-94.63682, 28.58778], [-94.62647, 28.59202], [-94.62072, 28.59439], [-94.61674, 28.59602], [-94.61271, 28.59764], [-94.60866, 28.59925], [-94.6034, 28.60133], [-94.59942, 28.60291], [-94.59368, 28.6052], [-94.58966, 28.60683], [-94.58339, 28.60939], [-94.57937, 28.61099], [-94.57474, 28.61283], [-94.56782, 28.61558], [-94.50682, 28.63921], [-94.49338, 28.64433], [-94.48878, 28.64608], [-94.48407, 28.6479], [-94.47246, 28.65239], [-94.46662, 28.65464], [-94.45669, 28.65837], [-94.4497, 28.661], [-94.44506, 28.66272], [-94.43987, 28.66465], [-94.43572, 28.66622], [-94.43055, 28.66823], [-94.42407, 28.67065], [-94.42042, 28.6722], [-94.41619, 28.67535], [-94.41324, 28.67834], [-94.40779, 28.68909], [-94.40694, 28.69194], [-94.40631, 28.69578], [-94.40599, 28.69897], [-94.40571, 28.70268], [-94.40543, 28.70646], [-94.40517, 28.71018], [-94.40492, 28.71404], [-94.40466, 28.71787], [-94.40442, 28.72131], [-94.40418, 28.72466], [-94.40392, 28.7287], [-94.40374, 28.73258], [-94.40354, 28.73606], [-94.40359, 28.74643], [-94.40372, 28.75136], [-94.40386, 28.75488], [-94.40404, 28.75828], [-94.40431, 28.76276], [-94.40456, 28.7662], [-94.40482, 28.76967], [-94.40505, 28.77311], [-94.40529, 28.77701], [-94.40555, 28.78151], [-94.40579, 28.785], [-94.40608, 28.78948], [-94.40636, 28.79345], [-94.40675, 28.799], [-94.40704, 28.80243], [-94.40727, 28.80598], [-94.40757, 28.81045], [-94.40775, 28.81344], [-94.40799, 28.81702], [-94.40815, 28.82046], [-94.40836, 28.82402], [-94.40858, 28.82802], [-94.4088, 28.8316], [-94.40907, 28.83508], [-94.40936, 28.83907], [-94.40961, 28.8431], [-94.40989, 28.84807], [-94.41021, 28.8541], [-94.41051, 28.85867], [-94.41071, 28.86213], [-94.41101, 28.86713], [-94.41116, 28.87067], [-94.41129, 28.87413], [-94.41147, 28.87814], [-94.41172, 28.88211], [-94.41193, 28.88666], [-94.41211, 28.89008], [-94.41224, 28.89313], [-94.41241, 28.89711], [-94.41255, 28.90058], [-94.4127, 28.90402], [-94.41286, 28.90842], [-94.41302, 28.91135], [-94.41322, 28.91468], [-94.4134, 28.9181], [-94.41358, 28.92242], [-94.41369, 28.92576], [-94.41382, 28.92906], [-94.41394, 28.93242], [-94.41403, 28.93585], [-94.41419, 28.93973], [-94.41429, 28.94313], [-94.41441, 28.94656], [-94.41455, 28.94996], [-94.41474, 28.95333], [-94.41488, 28.95674], [-94.41502, 28.96073], [-94.41517, 28.96415], [-94.41533, 28.96754], [-94.41549, 28.97093], [-94.41563, 28.9744], [-94.41576, 28.97778], [-94.41587, 28.98121], [-94.41597, 28.98462], [-94.4161, 28.98809], [-94.41622, 28.99099], [-94.41632, 28.99447], [-94.41642, 28.9984], [-94.41654, 29.00235], [-94.41666, 29.00575], [-94.41677, 29.00914], [-94.41692, 29.01243], [-94.41709, 29.01571], [-94.41718, 29.01849], [-94.41732, 29.02164], [-94.41742, 29.02475], [-94.41754, 29.02787], [-94.41759, 29.03048], [-94.41764, 29.0335], [-94.41774, 29.03653], [-94.41788, 29.03951], [-94.41795, 29.04248], [-94.41802, 29.04501], [-94.41809, 29.04802], [-94.41815, 29.05096], [-94.4182, 29.05382], [-94.41827, 29.05675], [-94.41841, 29.06049], [-94.41849, 29.06376], [-94.41857, 29.0667], [-94.41871, 29.06958], [-94.41879, 29.07285], [-94.41887, 29.07552], [-94.41894, 29.07812], [-94.41903, 29.08061], [-94.41909, 29.08304], [-94.41914, 29.08533], [-94.41922, 29.08757], [-94.41923, 29.08974], [-94.41927, 29.0922], [-94.41922, 29.09423], [-94.41924, 29.09623], [-94.41917, 29.09781], [-94.41919, 29.09959], [-94.41927, 29.10101], [-94.41938, 29.10263], [-94.41945, 29.10437], [-94.41948, 29.1061], [-94.41955, 29.10776], [-94.41958, 29.10978], [-94.41973, 29.11185], [-94.41987, 29.11401], [-94.41992, 29.11606], [-94.42045, 29.11791], [-94.42175, 29.11927], [-94.42345, 29.12003], [-94.42555, 29.12014], [-94.42713, 29.11966], [-94.42933, 29.11895], [-94.43165, 29.11829], [-94.43491, 29.11734], [-94.43764, 29.11663], [-94.44056, 29.11588], [-94.4436, 29.11505], [-94.44675, 29.11421], [-94.44999, 29.1134], [-94.45338, 29.1125], [-94.45728, 29.11143], [-94.46134, 29.11036], [-94.46529, 29.10932], [-94.46861, 29.10801], [-94.47209, 29.10669], [-94.47556, 29.10534], [-94.48062, 29.10343], [-94.48468, 29.10192], [-94.48828, 29.10053], [-94.49134, 29.09941], [-94.49446, 29.09848], [-94.49791, 29.09796], [-94.50142, 29.09781], [-94.50491, 29.09764], [-94.50841, 29.09748], [-94.51191, 29.09732], [-94.51534, 29.09712], [-94.5197, 29.09693], [-94.52315, 29.09677], [-94.52637, 29.09677], [-94.52953, 29.0971], [-94.53258, 29.09741], [-94.53538, 29.09778], [-94.53798, 29.0978], [-94.54068, 29.09762], [-94.54337, 29.09743], [-94.54578, 29.09737], [-94.54805, 29.09739], [-94.5502, 29.09742], [-94.5522, 29.09741], [-94.55386, 29.09737], [-94.55555, 29.09752], [-94.55715, 29.09777], [-94.5586, 29.09811], [-94.55987, 29.0985], [-94.56115, 29.09889], [-94.56227, 29.09931], [-94.56324, 29.09966], [-94.56418, 29.10005], [-94.56509, 29.10042], [-94.56586, 29.10068]]}, "properties": {"mmsi": "538007785", "name": "NAVIG8 PRESTIGE JKB", "vessel_type": "tanker", "n_points": 439, "n_points_full": 570, "max_gap_minutes": 17.5}}, {"type": "Feature", "geometry": {"type": "LineString", "coordinates": [[-94.38966, 29.29556], [-94.38824, 29.29384], [-94.38539, 29.29038], [-94.38392, 29.28856], [-94.38099, 29.28504], [-94.37956, 29.2833], [-94.37678, 29.27998], [-94.37531, 29.27826], [-94.37395, 29.27656], [-94.37067, 29.27258], [-94.36919, 29.27077], [-94.36615, 29.26716], [-94.36462, 29.26535], [-94.36316, 29.2636], [-94.36015, 29.2601], [-94.35867, 29.25847], [-94.35566, 29.25507], [-94.35417, 29.25341], [-94.35134, 29.25051], [-94.34977, 29.25016], [-94.34863, 29.25062], [-94.34821, 29.25213], [-94.34866, 29.2529], [-94.35, 29.25451], [-94.35076, 29.25535], [-94.35164, 29.25615], [-94.35317, 29.25811], [-94.354, 29.25908], [-94.35553, 29.26091], [-94.35636, 29.26194], [-94.35805, 29.26384], [-94.35884, 29.26484], [-94.35968, 29.26587], [-94.36127, 29.26766], [-94.36215, 29.26866], [-94.36375, 29.27045], [-94.36462, 29.27142], [-94.36549, 29.27243], [-94.36651, 29.27353], [-94.36734, 29.27454], [-94.36918, 29.27666], [-94.37002, 29.27765], [-94.37165, 29.27953], [-94.37253, 29.28056], [-94.37338, 29.28156], [-94.37507, 29.28358], [-94.37592, 29.28456], [-94.3775, 29.28654], [-94.3782, 29.28741], [-94.37985, 29.28943], [-94.3807, 29.29043], [-94.38144, 29.29144], [-94.38306, 29.29342], [-94.38384, 29.29443], [-94.3854, 29.29635], [-94.38621, 29.29737], [-94.3872, 29.29858], [-94.38882, 29.30063], [-94.38961, 29.30168], [-94.39116, 29.30367], [-94.39192, 29.30467], [-94.39338, 29.30673], [-94.39409, 29.3077], [-94.39472, 29.30857], [-94.39616, 29.31058], [-94.39691, 29.31163], [-94.39834, 29.31374], [-94.39904, 29.31477], [-94.39975, 29.31578], [-94.40119, 29.31778], [-94.40191, 29.31877], [-94.40322, 29.3206], [-94.40381, 29.32147], [-94.40512, 29.32336], [-94.4058, 29.32432], [-94.40589, 29.32445], [-94.40731, 29.32642], [-94.40802, 29.32743], [-94.40946, 29.3295], [-94.41013, 29.33056], [-94.41155, 29.33267], [-94.41228, 29.33374], [-94.413, 29.33478], [-94.4145, 29.33692], [-94.41519, 29.33799], [-94.41671, 29.33928], [-94.41774, 29.33919], [-94.4186, 29.33852], [-94.41889, 29.33592], [-94.41809, 29.33435], [-94.41574, 29.33102], [-94.41438, 29.32927], [-94.41148, 29.32581], [-94.41005, 29.32403], [-94.40851, 29.32218], [-94.40567, 29.31876], [-94.40415, 29.31694], [-94.40105, 29.31322], [-94.39952, 29.31137], [-94.39802, 29.30949], [-94.39496, 29.30574], [-94.39366, 29.30414], [-94.39076, 29.30057], [-94.38925, 29.29865], [-94.38619, 29.29486], [-94.38465, 29.293], [-94.3831, 29.29108], [-94.38006, 29.28722], [-94.37857, 29.28532], [-94.37531, 29.28113], [-94.37384, 29.27913], [-94.37307, 29.2773], [-94.3718, 29.27387], [-94.37105, 29.27163], [-94.36938, 29.26718], [-94.36856, 29.26487], [-94.36688, 29.26027], [-94.366, 29.25796], [-94.36516, 29.25566], [-94.36293, 29.25166], [-94.36181, 29.24979], [-94.35926, 29.24561], [-94.35813, 29.24377], [-94.35551, 29.2393], [-94.35407, 29.2369], [-94.35288, 29.23511], [-94.3496, 29.23427], [-94.34858, 29.23487], [-94.34774, 29.23647], [-94.3479, 29.23722], [-94.34815, 29.23787], [-94.34905, 29.23944], [-94.34955, 29.24011], [-94.35086, 29.24168], [-94.35156, 29.24258], [-94.35296, 29.24426], [-94.35368, 29.24515], [-94.3544, 29.24604], [-94.35575, 29.24777], [-94.3564, 29.24859], [-94.35784, 29.25038], [-94.35858, 29.25122], [-94.35926, 29.25209], [-94.36061, 29.2538], [-94.36128, 29.25463], [-94.36282, 29.25649], [-94.36355, 29.25741], [-94.36513, 29.25918], [-94.36591, 29.26011], [-94.36705, 29.26142], [-94.36858, 29.2633], [-94.36936, 29.2642], [-94.37081, 29.26602], [-94.37154, 29.26696], [-94.37296, 29.26875], [-94.37373, 29.26964], [-94.37446, 29.27055], [-94.37582, 29.27239], [-94.37646, 29.27326], [-94.37786, 29.27497], [-94.37864, 29.27597], [-94.37931, 29.2768], [-94.38062, 29.27844], [-94.38128, 29.27927], [-94.38252, 29.28093], [-94.38315, 29.28174], [-94.38434, 29.28342], [-94.38492, 29.28422], [-94.38557, 29.28505], [-94.38688, 29.28673], [-94.38746, 29.28749], [-94.38882, 29.2893], [-94.38948, 29.29024], [-94.39016, 29.29115], [-94.3915, 29.29303], [-94.39216, 29.29396], [-94.39342, 29.29578], [-94.39406, 29.29672], [-94.39531, 29.29856], [-94.3959, 29.29946], [-94.39648, 29.30038], [-94.39761, 29.30214], [-94.39816, 29.30303], [-94.39918, 29.30468], [-94.39978, 29.30562], [-94.40031, 29.30644], [-94.40151, 29.30833], [-94.40213, 29.30928], [-94.40324, 29.3112], [-94.40378, 29.31214], [-94.40484, 29.31403], [-94.40537, 29.31499], [-94.40591, 29.31601], [-94.40705, 29.318], [-94.40766, 29.31906], [-94.40911, 29.32147], [-94.40973, 29.32255], [-94.41099, 29.32475], [-94.41173, 29.32597], [-94.41226, 29.32691], [-94.4135, 29.32904], [-94.41422, 29.33017], [-94.41559, 29.33244], [-94.41626, 29.33359], [-94.41691, 29.33471], [-94.41802, 29.33658], [-94.41882, 29.33687], [-94.41999, 29.33561], [-94.4199, 29.33428], [-94.41775, 29.33154], [-94.41631, 29.32997], [-94.4147, 29.32804], [-94.41174, 29.32414], [-94.41028, 29.32228], [-94.40689, 29.31795], [-94.4054, 29.31603], [-94.40393, 29.31409], [-94.40099, 29.3102], [-94.39951, 29.30828], [-94.39656, 29.30434], [-94.39511, 29.30238], [-94.3932, 29.29985], [-94.39175, 29.2979], [-94.3905, 29.29623], [-94.38738, 29.29195], [-94.38594, 29.28992], [-94.38304, 29.28588], [-94.38178, 29.28416], [-94.38033, 29.28212], [-94.3774, 29.27806], [-94.37593, 29.27604], [-94.37305, 29.27201], [-94.37168, 29.27001], [-94.36886, 29.26613], [-94.36745, 29.2642], [-94.36607, 29.26227], [-94.36326, 29.25838], [-94.36187, 29.25642], [-94.35917, 29.25252], [-94.35777, 29.25058], [-94.3551, 29.24664], [-94.35374, 29.24463], [-94.35237, 29.24268], [-94.34969, 29.23877], [-94.34834, 29.2368], [-94.34555, 29.23359], [-94.34383, 29.23325], [-94.34232, 29.23357], [-94.34073, 29.23498], [-94.34056, 29.2357], [-94.34125, 29.2372], [-94.34187, 29.23794], [-94.34343, 29.23968], [-94.34433, 29.24059], [-94.34513, 29.24165], [-94.34678, 29.24376], [-94.3476, 29.24487], [-94.34934, 29.24706], [-94.35021, 29.24818], [-94.3503, 29.24835], [-94.35211, 29.25057], [-94.353, 29.25168], [-94.35494, 29.25404], [-94.35587, 29.25514], [-94.35783, 29.25755], [-94.35875, 29.25864], [-94.35965, 29.25972], [-94.3615, 29.26199], [-94.36245, 29.26305], [-94.36434, 29.26534], [-94.36531, 29.26645], [-94.36721, 29.26874], [-94.36817, 29.26993], [-94.3693, 29.27127], [-94.37122, 29.27356], [-94.37216, 29.27471], [-94.37401, 29.27694], [-94.37494, 29.27808], [-94.37583, 29.27921], [-94.37769, 29.28141], [-94.37858, 29.28252], [-94.38038, 29.28478], [-94.38125, 29.28581], [-94.38298, 29.28801], [-94.38378, 29.28911], [-94.38465, 29.29016], [-94.38647, 29.29236], [-94.38737, 29.29347], [-94.38922, 29.29569], [-94.39012, 29.29683], [-94.39098, 29.298], [-94.39265, 29.30015], [-94.39357, 29.30131], [-94.39546, 29.30363], [-94.39637, 29.30481], [-94.39745, 29.30618], [-94.3984, 29.30736], [-94.39935, 29.30852], [-94.40122, 29.31087], [-94.40216, 29.31203], [-94.40404, 29.31436], [-94.40494, 29.31556], [-94.40575, 29.31655], [-94.40753, 29.31892], [-94.40844, 29.32009], [-94.41025, 29.32247], [-94.41116, 29.32366], [-94.41298, 29.32604], [-94.4139, 29.32722], [-94.41484, 29.32846], [-94.41659, 29.33075], [-94.41751, 29.33198], [-94.4194, 29.33429], [-94.42001, 29.33534], [-94.4187, 29.33727], [-94.4173, 29.33749], [-94.41581, 29.33701], [-94.41305, 29.3346], [-94.41116, 29.33269], [-94.40796, 29.32944], [-94.40635, 29.32777], [-94.40438, 29.3258], [-94.40085, 29.32233], [-94.39917, 29.32064], [-94.39575, 29.31706], [-94.39404, 29.31527], [-94.39063, 29.31163], [-94.38887, 29.30983], [-94.38718, 29.30799], [-94.38375, 29.30442], [-94.38206, 29.30263], [-94.37861, 29.29901], [-94.37713, 29.29746], [-94.3754, 29.2957], [-94.37202, 29.29208], [-94.37034, 29.29026], [-94.36695, 29.28666], [-94.36531, 29.2849], [-94.36191, 29.28116], [-94.36049, 29.27962], [-94.35887, 29.27779], [-94.35557, 29.27408], [-94.35393, 29.27228], [-94.35058, 29.26855], [-94.34892, 29.26674], [-94.34721, 29.26485], [-94.34404, 29.2614], [-94.34234, 29.25955], [-94.33906, 29.25586], [-94.33736, 29.25401], [-94.33406, 29.25034], [-94.33264, 29.24879], [-94.33115, 29.24718], [-94.32786, 29.24358], [-94.32614, 29.2417], [-94.32397, 29.23799], [-94.32411, 29.23632], [-94.32584, 29.23398], [-94.32703, 29.23348], [-94.32808, 29.2334], [-94.32962, 29.23461], [-94.33042, 29.23552], [-94.3322, 29.23752], [-94.33313, 29.23858], [-94.3341, 29.23968], [-94.33608, 29.24191], [-94.33707, 29.24301], [-94.33928, 29.24533], [-94.34027, 29.2464], [-94.34182, 29.2481], [-94.34278, 29.2492], [-94.34376, 29.25034], [-94.34575, 29.25251], [-94.34677, 29.2536], [-94.3488, 29.25584], [-94.3498, 29.2569], [-94.35081, 29.25799], [-94.35263, 29.25999], [-94.3536, 29.26106], [-94.35555, 29.2632], [-94.35649, 29.26433], [-94.35841, 29.26649], [-94.35956, 29.26774], [-94.36059, 29.26887], [-94.36249, 29.27098], [-94.36351, 29.27211], [-94.36569, 29.27457], [-94.36674, 29.27571], [-94.36882, 29.27799], [-94.36986, 29.27919], [-94.37088, 29.28034], [-94.37303, 29.28269], [-94.37398, 29.28372], [-94.37616, 29.28611], [-94.37722, 29.28726], [-94.37834, 29.28847], [-94.3805, 29.29088], [-94.38157, 29.29207], [-94.38378, 29.29444], [-94.3849, 29.2956], [-94.38707, 29.29799], [-94.38803, 29.29898], [-94.38912, 29.30018], [-94.39138, 29.30262], [-94.39248, 29.30385], [-94.39475, 29.30634], [-94.39551, 29.30722], [-94.39663, 29.30849], [-94.39886, 29.31099], [-94.39978, 29.31205], [-94.40193, 29.31451], [-94.40303, 29.31575], [-94.40531, 29.31844], [-94.40642, 29.31966], [-94.40746, 29.32087], [-94.40965, 29.32336], [-94.41073, 29.32464], [-94.41291, 29.32714], [-94.41395, 29.32834], [-94.41502, 29.32954], [-94.41713, 29.33198], [-94.41823, 29.33326], [-94.42036, 29.33567], [-94.42138, 29.3369], [-94.42339, 29.33941], [-94.42438, 29.3406], [-94.42539, 29.34184], [-94.42678, 29.34402], [-94.42646, 29.34513], [-94.42396, 29.34655], [-94.42228, 29.34654], [-94.41839, 29.34477], [-94.41658, 29.34348], [-94.41471, 29.34205], [-94.41089, 29.33913], [-94.40886, 29.33758], [-94.40514, 29.33471], [-94.40312, 29.33317], [-94.40078, 29.33136], [-94.39732, 29.32774], [-94.39556, 29.32585], [-94.3923, 29.32236], [-94.39057, 29.3205], [-94.38857, 29.31834], [-94.38678, 29.31642], [-94.38505, 29.31453], [-94.38129, 29.31041], [-94.37952, 29.30851], [-94.37621, 29.30498], [-94.3752, 29.30303], [-94.37533, 29.30108], [-94.3783, 29.29906], [-94.38021, 29.2989], [-94.38503, 29.29875], [-94.3882, 29.29877], [-94.39555, 29.299], [-94.39912, 29.29915], [-94.4028, 29.29929], [-94.41018, 29.29968], [-94.4139, 29.29987], [-94.42126, 29.30026], [-94.42491, 29.30044], [-94.43174, 29.30078], [-94.43533, 29.30098], [-94.43845, 29.30115], [-94.44505, 29.30142], [-94.44769, 29.30148], [-94.45235, 29.30176], [-94.45476, 29.30204], [-94.45711, 29.30225], [-94.4618, 29.30269], [-94.46408, 29.30297], [-94.46851, 29.30376], [-94.47076, 29.30416], [-94.47517, 29.30495], [-94.47772, 29.30537], [-94.47985, 29.30576], [-94.48373, 29.30641], [-94.48526, 29.30668], [-94.48865, 29.3072], [-94.48982, 29.30738], [-94.49126, 29.30757], [-94.49383, 29.30791], [-94.49508, 29.30802], [-94.49719, 29.30813], [-94.49751, 29.3079], [-94.49743, 29.30739], [-94.49735, 29.30702], [-94.49725, 29.30655], [-94.49724, 29.30579], [-94.49698, 29.30598], [-94.49705, 29.30592], [-94.49699, 29.30598], [-94.49694, 29.30604], [-94.49714, 29.30594], [-94.49685, 29.3061], [-94.49703, 29.30593], [-94.49699, 29.30599], [-94.49697, 29.30598], [-94.49701, 29.30597]]}, "properties": {"mmsi": "538005554", "name": "STORHOLMEN", "vessel_type": "tanker", "n_points": 709, "n_points_full": 965, "max_gap_minutes": 8.9}}, {"type": "Feature", "geometry": {"type": "LineString", "coordinates": [[-94.53195, 29.07256], [-94.52877, 29.07421], [-94.52556, 29.07587], [-94.52278, 29.07726], [-94.51961, 29.07892], [-94.51642, 29.08048], [-94.51304, 29.08209], [-94.50977, 29.08367], [-94.50656, 29.08531], [-94.50329, 29.08694], [-94.50013, 29.08847], [-94.49696, 29.09011], [-94.49394, 29.0916], [-94.49128, 29.09287], [-94.48825, 29.09434], [-94.48527, 29.09587], [-94.48239, 29.09732], [-94.47941, 29.09886], [-94.47657, 29.10036], [-94.474, 29.10164], [-94.47104, 29.10305], [-94.46812, 29.10451], [-94.46522, 29.10596], [-94.46222, 29.10734], [-94.45884, 29.10894], [-94.45607, 29.11038], [-94.45319, 29.11203], [-94.45038, 29.11353], [-94.44792, 29.11482], [-94.44514, 29.11625], [-94.44221, 29.11782], [-94.43941, 29.1193], [-94.43654, 29.1209], [-94.43364, 29.12251], [-94.43085, 29.12396], [-94.42796, 29.12551], [-94.4255, 29.12685], [-94.42273, 29.12835], [-94.42027, 29.12971], [-94.41779, 29.13133], [-94.41569, 29.1331], [-94.41343, 29.13517], [-94.41161, 29.13699], [-94.4101, 29.13891], [-94.40867, 29.14079], [-94.4075, 29.14238], [-94.40623, 29.14432], [-94.40507, 29.14613], [-94.40394, 29.14802], [-94.40276, 29.14986], [-94.4016, 29.15166], [-94.40044, 29.15359], [-94.39926, 29.1554], [-94.3991, 29.15565], [-94.39792, 29.15748], [-94.39681, 29.15931], [-94.39563, 29.16115], [-94.39449, 29.16297], [-94.39331, 29.16476], [-94.3922, 29.16654], [-94.39095, 29.16836], [-94.38985, 29.17014], [-94.38869, 29.17197], [-94.38758, 29.17369], [-94.38653, 29.17535], [-94.38554, 29.17695], [-94.38454, 29.17848], [-94.38352, 29.17999], [-94.38256, 29.18143], [-94.38158, 29.18285], [-94.38062, 29.1843], [-94.37968, 29.18563], [-94.37875, 29.187], [-94.37778, 29.18835], [-94.37681, 29.18961], [-94.37591, 29.19093], [-94.37513, 29.19225], [-94.3745, 29.1934], [-94.37381, 29.19493], [-94.37314, 29.19625], [-94.37257, 29.19734], [-94.37188, 29.19867], [-94.37122, 29.20001], [-94.37051, 29.20124], [-94.36984, 29.20255], [-94.36933, 29.2039], [-94.36878, 29.2052], [-94.36837, 29.20648], [-94.3679, 29.20777], [-94.36743, 29.20916], [-94.36732, 29.21031], [-94.36749, 29.21138], [-94.36782, 29.21242], [-94.36838, 29.21337], [-94.36919, 29.21429], [-94.37004, 29.2152], [-94.37096, 29.21608], [-94.37175, 29.21691], [-94.37267, 29.21781], [-94.37348, 29.21858], [-94.37422, 29.21937], [-94.3749, 29.22003], [-94.37554, 29.22072], [-94.3761, 29.22133], [-94.37653, 29.22183], [-94.37673, 29.22208], [-94.37707, 29.22252], [-94.37735, 29.22298], [-94.37766, 29.2235], [-94.37802, 29.22403], [-94.37834, 29.2245], [-94.37862, 29.22493], [-94.3788, 29.22529], [-94.3789, 29.22554], [-94.37893, 29.22567], [-94.37888, 29.22576], [-94.37877, 29.22581], [-94.37856, 29.22585], [-94.37824, 29.22588], [-94.37785, 29.22583], [-94.37743, 29.22578], [-94.37698, 29.22577], [-94.37655, 29.22577], [-94.37614, 29.22578], [-94.37573, 29.22576], [-94.37534, 29.22576], [-94.375, 29.22577], [-94.37472, 29.22579], [-94.37448, 29.22584], [-94.37429, 29.22594], [-94.37395, 29.22629], [-94.37366, 29.22657], [-94.37328, 29.2267], [-94.37285, 29.22678], [-94.37281, 29.22696], [-94.37303, 29.22676], [-94.37325, 29.22632], [-94.37328, 29.22605], [-94.37322, 29.22598], [-94.37318, 29.22616], [-94.37298, 29.22632], [-94.37294, 29.22644], [-94.37301, 29.22639], [-94.37311, 29.22622], [-94.37314, 29.22605], [-94.37306, 29.2262], [-94.37304, 29.22625], [-94.37319, 29.2262], [-94.37326, 29.22592], [-94.37345, 29.22576], [-94.37341, 29.22601], [-94.37319, 29.22624], [-94.37296, 29.22633], [-94.37303, 29.22633], [-94.37315, 29.22609], [-94.37324, 29.22589], [-94.37337, 29.22589], [-94.37331, 29.22606], [-94.37299, 29.22639], [-94.37292, 29.2264], [-94.37299, 29.22632], [-94.37303, 29.22633], [-94.37296, 29.22639], [-94.37292, 29.22642], [-94.373, 29.22637], [-94.37318, 29.22614], [-94.37326, 29.2259], [-94.37336, 29.22598], [-94.37312, 29.2263], [-94.37291, 29.22655], [-94.37283, 29.22672], [-94.37312, 29.22647], [-94.37336, 29.22608], [-94.37335, 29.22575], [-94.37345, 29.22588], [-94.3732, 29.22619], [-94.37294, 29.22647], [-94.37308, 29.22639], [-94.37322, 29.22612], [-94.37318, 29.22594], [-94.37326, 29.22612], [-94.37309, 29.22644], [-94.37286, 29.22664], [-94.37285, 29.22668], [-94.37307, 29.22645], [-94.3732, 29.22613], [-94.37323, 29.22588], [-94.37331, 29.22604], [-94.37309, 29.2263], [-94.37291, 29.22644], [-94.37289, 29.22648], [-94.37293, 29.2264], [-94.37296, 29.22637], [-94.373, 29.22634], [-94.37298, 29.22632], [-94.37293, 29.22637], [-94.37297, 29.22638], [-94.37299, 29.22629], [-94.37302, 29.22621], [-94.37302, 29.22628], [-94.37294, 29.22638], [-94.37304, 29.22638], [-94.37308, 29.22623], [-94.37308, 29.22614], [-94.37308, 29.22626], [-94.37294, 29.22645], [-94.37289, 29.22659], [-94.37296, 29.22649], [-94.37304, 29.22633], [-94.37304, 29.22622], [-94.37304, 29.22622], [-94.3731, 29.22624], [-94.37309, 29.22623], [-94.37314, 29.22615], [-94.37309, 29.22613], [-94.37311, 29.22625], [-94.37299, 29.22644], [-94.37289, 29.2266], [-94.37282, 29.22666], [-94.37291, 29.22661], [-94.37289, 29.22656], [-94.37291, 29.2265], [-94.37288, 29.22656], [-94.37288, 29.22656], [-94.37289, 29.22658], [-94.37296, 29.22651], [-94.37306, 29.22631], [-94.37316, 29.22614], [-94.37325, 29.22603], [-94.37321, 29.22596], [-94.373, 29.22639], [-94.37294, 29.22643], [-94.37315, 29.22634], [-94.37327, 29.22617], [-94.37326, 29.22592], [-94.37333, 29.22587], [-94.37326, 29.22601], [-94.37311, 29.2262], [-94.37297, 29.22634], [-94.37311, 29.22627], [-94.3734, 29.22606], [-94.37346, 29.22583], [-94.37344, 29.22571], [-94.37339, 29.22578], [-94.37329, 29.22591], [-94.37322, 29.22597], [-94.37313, 29.22604], [-94.3731, 29.22618], [-94.37317, 29.22616], [-94.37321, 29.22602], [-94.37327, 29.2259], [-94.37326, 29.22587], [-94.37325, 29.22596], [-94.37317, 29.22603], [-94.37312, 29.2261], [-94.37312, 29.22609], [-94.37323, 29.22605], [-94.37326, 29.22599], [-94.3733, 29.22592], [-94.37326, 29.22591], [-94.37324, 29.22596], [-94.37323, 29.22598], [-94.37331, 29.22592], [-94.37346, 29.22575], [-94.37354, 29.22561], [-94.37351, 29.22562], [-94.37352, 29.22563], [-94.37346, 29.22572], [-94.37337, 29.22581], [-94.37336, 29.22586], [-94.37331, 29.22585], [-94.37336, 29.22581], [-94.37344, 29.22575], [-94.37358, 29.22565], [-94.37369, 29.22554], [-94.3736, 29.22561], [-94.37353, 29.22571], [-94.3735, 29.22566], [-94.37354, 29.22561], [-94.37359, 29.22561], [-94.3736, 29.22564], [-94.37355, 29.22565], [-94.37351, 29.22566], [-94.37348, 29.22568], [-94.37351, 29.22564], [-94.37364, 29.2256], [-94.37363, 29.22554], [-94.37369, 29.22554], [-94.37369, 29.2255], [-94.37365, 29.22555], [-94.37364, 29.22558], [-94.3737, 29.22551], [-94.37379, 29.22547], [-94.37386, 29.2254], [-94.3739, 29.22541], [-94.37387, 29.22539], [-94.37393, 29.22538], [-94.37395, 29.22535], [-94.37394, 29.22536], [-94.37395, 29.22539], [-94.374, 29.2253], [-94.37404, 29.22523], [-94.3741, 29.2253], [-94.37403, 29.22534], [-94.37402, 29.22528], [-94.37408, 29.22527], [-94.37415, 29.22523], [-94.37413, 29.22524], [-94.37413, 29.22526], [-94.37413, 29.22525], [-94.37419, 29.22517], [-94.3743, 29.22513], [-94.37428, 29.22521], [-94.37419, 29.22526], [-94.3741, 29.22528], [-94.37405, 29.22524], [-94.37413, 29.22521], [-94.3743, 29.22512], [-94.37445, 29.22511], [-94.37442, 29.22516], [-94.3743, 29.22519], [-94.37422, 29.22517], [-94.37421, 29.22519], [-94.37419, 29.22519], [-94.37415, 29.22522], [-94.37409, 29.22525], [-94.37401, 29.22528], [-94.37403, 29.22525], [-94.37416, 29.22518], [-94.37429, 29.22512], [-94.37434, 29.22518], [-94.37422, 29.22527], [-94.37409, 29.2253], [-94.37407, 29.2253], [-94.3741, 29.22524], [-94.3742, 29.2252], [-94.3742, 29.22519], [-94.37427, 29.22517], [-94.37436, 29.22514], [-94.3744, 29.22516], [-94.37429, 29.22519], [-94.37422, 29.22525], [-94.3742, 29.22519], [-94.37427, 29.22519], [-94.37438, 29.2251], [-94.37439, 29.22512], [-94.3743, 29.22518], [-94.37431, 29.22517]]}, "properties": {"mmsi": "241733000", "name": "SEA DRAGON", "vessel_type": "tanker", "n_points": 348, "n_points_full": 591, "max_gap_minutes": 15.0}}, {"type": "Feature", "geometry": {"type": "LineString", "coordinates": [[-94.35192, 29.29451], [-94.35252, 29.29553], [-94.35371, 29.29758], [-94.35432, 29.2986], [-94.35554, 29.3005], [-94.35623, 29.30143], [-94.35735, 29.30311], [-94.35794, 29.30402], [-94.3591, 29.30587], [-94.35972, 29.30685], [-94.36091, 29.30885], [-94.36155, 29.30986], [-94.36275, 29.31168], [-94.36338, 29.31263], [-94.36454, 29.31446], [-94.36515, 29.31546], [-94.36582, 29.31643], [-94.36708, 29.31831], [-94.36768, 29.31933], [-94.36894, 29.32138], [-94.36954, 29.3224], [-94.37077, 29.32447], [-94.3714, 29.32552], [-94.37274, 29.3277], [-94.37335, 29.32878], [-94.37474, 29.33091], [-94.37538, 29.332], [-94.37669, 29.33418], [-94.37736, 29.33531], [-94.37796, 29.33635], [-94.38008, 29.33785], [-94.38142, 29.33829], [-94.38406, 29.33917], [-94.38542, 29.33969], [-94.38827, 29.34066], [-94.38971, 29.34118], [-94.39137, 29.3417], [-94.39287, 29.34183], [-94.39598, 29.3416], [-94.39746, 29.34102], [-94.40043, 29.33945], [-94.40188, 29.33868], [-94.40484, 29.3369], [-94.40629, 29.33598], [-94.40787, 29.33511], [-94.41092, 29.33344], [-94.41244, 29.33264], [-94.41545, 29.33081], [-94.41697, 29.32992], [-94.41963, 29.32842], [-94.42112, 29.32757], [-94.42406, 29.32595], [-94.42552, 29.32511], [-94.42842, 29.32331], [-94.42985, 29.32252], [-94.43303, 29.32083], [-94.43454, 29.32003], [-94.43755, 29.3185], [-94.43905, 29.31771], [-94.44055, 29.3169], [-94.4436, 29.31528], [-94.44508, 29.3144], [-94.44819, 29.3127], [-94.44971, 29.31187], [-94.45273, 29.31029], [-94.45423, 29.30951], [-94.45686, 29.3074], [-94.45781, 29.30607], [-94.45812, 29.3031], [-94.45751, 29.30139], [-94.45531, 29.29819], [-94.45404, 29.29647], [-94.45334, 29.29549], [-94.45113, 29.29207], [-94.44985, 29.29027], [-94.44734, 29.2864], [-94.44593, 29.28462], [-94.44294, 29.28093], [-94.44146, 29.2791], [-94.43843, 29.2753], [-94.43695, 29.27349], [-94.4338, 29.26985], [-94.43225, 29.26809], [-94.42911, 29.26474], [-94.42756, 29.26296], [-94.42462, 29.2594], [-94.42314, 29.25764], [-94.42168, 29.25581], [-94.41891, 29.25213], [-94.41757, 29.25072], [-94.41383, 29.24957], [-94.41211, 29.24905], [-94.40784, 29.24796], [-94.40575, 29.24741], [-94.40134, 29.24627], [-94.39881, 29.2457], [-94.39454, 29.2443], [-94.39233, 29.24357], [-94.38791, 29.24209], [-94.38568, 29.24131], [-94.38346, 29.24042], [-94.37905, 29.23882], [-94.37709, 29.23817], [-94.37354, 29.23875], [-94.37226, 29.2396], [-94.36957, 29.24076], [-94.36803, 29.24133], [-94.36509, 29.24271], [-94.36382, 29.24354], [-94.36129, 29.24499], [-94.35989, 29.24572], [-94.35709, 29.24732], [-94.3557, 29.24817], [-94.35272, 29.24984], [-94.35155, 29.25082], [-94.35059, 29.2519], [-94.34804, 29.25381], [-94.34666, 29.25475], [-94.3445, 29.2568], [-94.34348, 29.25793], [-94.34071, 29.26001], [-94.33931, 29.26102], [-94.33634, 29.26289], [-94.33511, 29.26366], [-94.33232, 29.26561], [-94.33155, 29.26677], [-94.33135, 29.26902], [-94.33172, 29.26999], [-94.3327, 29.27175], [-94.3331, 29.2725], [-94.33364, 29.27338], [-94.33431, 29.2753], [-94.33476, 29.27622], [-94.33554, 29.27811], [-94.33592, 29.27904], [-94.33666, 29.2809], [-94.33692, 29.28178], [-94.33743, 29.28343], [-94.33771, 29.28431], [-94.33823, 29.28621], [-94.33847, 29.28708], [-94.33877, 29.28877], [-94.33886, 29.2895], [-94.33901, 29.2908], [-94.3392, 29.29247], [-94.33931, 29.29325], [-94.3395, 29.29483], [-94.33963, 29.29562], [-94.33968, 29.29729], [-94.33979, 29.2981], [-94.34006, 29.29971], [-94.34024, 29.30049], [-94.3406, 29.30206], [-94.34077, 29.30293], [-94.3415, 29.3044], [-94.34209, 29.30506], [-94.34336, 29.30652], [-94.34388, 29.30733], [-94.34435, 29.30807], [-94.34564, 29.30972], [-94.34625, 29.31045], [-94.34761, 29.31221], [-94.34834, 29.3131], [-94.34956, 29.31495], [-94.35027, 29.31581], [-94.35158, 29.31746], [-94.35225, 29.31837], [-94.35352, 29.32008], [-94.35408, 29.32113], [-94.35471, 29.32336], [-94.35506, 29.32445], [-94.35573, 29.32663], [-94.35612, 29.32773], [-94.35643, 29.32889], [-94.35688, 29.33103], [-94.35711, 29.33223], [-94.35756, 29.33457], [-94.35776, 29.33571], [-94.35806, 29.33737], [-94.35839, 29.33843], [-94.35911, 29.34052], [-94.35947, 29.34164], [-94.36034, 29.34371], [-94.36097, 29.34465], [-94.36212, 29.3465], [-94.36276, 29.34736], [-94.36356, 29.34806], [-94.36541, 29.34952], [-94.36637, 29.3503], [-94.36822, 29.35169], [-94.36941, 29.35217], [-94.37182, 29.3531], [-94.37303, 29.35358], [-94.3755, 29.35457], [-94.37682, 29.35502], [-94.37938, 29.35597], [-94.38063, 29.35643], [-94.38315, 29.35734], [-94.38448, 29.35779], [-94.38701, 29.35867], [-94.38834, 29.35875], [-94.38961, 29.35863], [-94.39211, 29.35784], [-94.39323, 29.35727], [-94.39543, 29.35566], [-94.39652, 29.35478], [-94.39881, 29.35319], [-94.39997, 29.35229], [-94.40231, 29.35059], [-94.40347, 29.34976], [-94.40578, 29.348], [-94.40696, 29.34717], [-94.40919, 29.34556], [-94.41036, 29.34471], [-94.41119, 29.34412], [-94.41358, 29.34247], [-94.41476, 29.34162], [-94.41696, 29.33999], [-94.41812, 29.33922], [-94.42045, 29.33756], [-94.4216, 29.33675], [-94.42397, 29.33512], [-94.42513, 29.33426], [-94.42729, 29.33275], [-94.42845, 29.33189], [-94.43089, 29.33016], [-94.43212, 29.32932], [-94.43461, 29.32757], [-94.4359, 29.32668], [-94.43717, 29.32583], [-94.4398, 29.32403], [-94.44113, 29.32311], [-94.44378, 29.32129], [-94.44511, 29.32035], [-94.44772, 29.31848], [-94.44904, 29.31758], [-94.45143, 29.31592], [-94.45258, 29.31488], [-94.45411, 29.31206], [-94.4542, 29.31039], [-94.45232, 29.30759], [-94.45077, 29.30625], [-94.44757, 29.30334], [-94.44596, 29.30187], [-94.44455, 29.30057], [-94.4411, 29.29748], [-94.43936, 29.29598], [-94.43579, 29.29304], [-94.43391, 29.29156], [-94.43032, 29.28849], [-94.42869, 29.28689], [-94.42568, 29.28377], [-94.42411, 29.28215], [-94.42091, 29.27886], [-94.41934, 29.27716], [-94.41617, 29.27392], [-94.41449, 29.27229], [-94.4129, 29.2707], [-94.40968, 29.26744], [-94.4082, 29.2658], [-94.40509, 29.26245], [-94.40345, 29.26082], [-94.40008, 29.25759], [-94.39838, 29.25601], [-94.39505, 29.2528], [-94.39336, 29.25112], [-94.38982, 29.24814], [-94.38783, 29.24679], [-94.38393, 29.24407], [-94.38195, 29.24271], [-94.37794, 29.24072], [-94.37589, 29.2402], [-94.37384, 29.24032], [-94.3703, 29.24177], [-94.36877, 29.24252], [-94.36558, 29.24447], [-94.36386, 29.24544], [-94.3602, 29.24718], [-94.35816, 29.24819], [-94.35463, 29.24996], [-94.35286, 29.25084], [-94.34942, 29.25267], [-94.34764, 29.25353], [-94.34399, 29.25516], [-94.34208, 29.25598], [-94.33865, 29.25753], [-94.33678, 29.25838], [-94.33491, 29.25919], [-94.33129, 29.26088], [-94.32952, 29.26175], [-94.32597, 29.26323], [-94.32507, 29.26422], [-94.32493, 29.2664], [-94.32534, 29.26745], [-94.3262, 29.26974], [-94.32668, 29.27094], [-94.32781, 29.27335], [-94.32836, 29.27457], [-94.32954, 29.27707], [-94.33007, 29.27835], [-94.33066, 29.27959], [-94.33191, 29.28235], [-94.33236, 29.28343], [-94.33337, 29.28577], [-94.3339, 29.28709], [-94.33496, 29.2896], [-94.3355, 29.29087], [-94.33665, 29.29337], [-94.33728, 29.29466], [-94.33839, 29.29729], [-94.33896, 29.29856], [-94.34002, 29.30121], [-94.3406, 29.30248], [-94.34167, 29.30507], [-94.34222, 29.30634], [-94.3427, 29.30745], [-94.34376, 29.31007], [-94.34435, 29.31137], [-94.34571, 29.31382], [-94.34634, 29.31507], [-94.34763, 29.31759], [-94.34833, 29.31882], [-94.34959, 29.32133], [-94.35027, 29.32259], [-94.35161, 29.32502], [-94.35232, 29.32626], [-94.35357, 29.32865], [-94.35449, 29.3293], [-94.35577, 29.32947], [-94.35859, 29.32926], [-94.36004, 29.32921], [-94.363, 29.3291], [-94.36459, 29.32904], [-94.36759, 29.32942], [-94.36911, 29.32963], [-94.37234, 29.32993], [-94.3739, 29.33011], [-94.37717, 29.33038], [-94.37881, 29.33052], [-94.38212, 29.33084], [-94.38377, 29.33096], [-94.38729, 29.33122], [-94.38896, 29.33138], [-94.39059, 29.33151], [-94.39391, 29.33158], [-94.3956, 29.3315], [-94.39894, 29.33096], [-94.40062, 29.33077], [-94.40393, 29.33038], [-94.40559, 29.33015], [-94.40891, 29.32976], [-94.41056, 29.32956], [-94.41396, 29.32903], [-94.41562, 29.32876], [-94.41896, 29.3282], [-94.42083, 29.32789], [-94.42374, 29.32741], [-94.42538, 29.32713], [-94.42708, 29.32684], [-94.43053, 29.32634], [-94.43225, 29.32608], [-94.43572, 29.32552], [-94.43746, 29.32523], [-94.44087, 29.32472], [-94.44258, 29.32444], [-94.44605, 29.32387], [-94.44778, 29.32355], [-94.45094, 29.32299], [-94.4527, 29.32272], [-94.45627, 29.32212], [-94.45803, 29.32182], [-94.45974, 29.32154], [-94.46223, 29.31977], [-94.46272, 29.31836], [-94.46165, 29.31549], [-94.46027, 29.31415], [-94.45707, 29.31146], [-94.4556, 29.31024], [-94.45254, 29.30746], [-94.4508, 29.30591], [-94.44746, 29.30281], [-94.44575, 29.30117], [-94.44223, 29.29805], [-94.44049, 29.29641], [-94.43721, 29.29305], [-94.43555, 29.29139], [-94.43384, 29.28975], [-94.43063, 29.28669], [-94.42902, 29.28504], [-94.42575, 29.28166], [-94.42414, 29.27997], [-94.4209, 29.27658], [-94.42047, 29.27611], [-94.41724, 29.27265], [-94.4156, 29.27094], [-94.41229, 29.26754], [-94.41063, 29.26589], [-94.40739, 29.26245], [-94.40574, 29.26063], [-94.40246, 29.25719], [-94.40086, 29.25547], [-94.39921, 29.25377], [-94.3959, 29.25036], [-94.39428, 29.24859], [-94.39052, 29.24672], [-94.3884, 29.24642], [-94.38381, 29.2457], [-94.38154, 29.24529], [-94.37697, 29.24431], [-94.37468, 29.24374], [-94.37031, 29.24276], [-94.36816, 29.24221], [-94.36455, 29.24307], [-94.36303, 29.24394], [-94.36155, 29.24481], [-94.35883, 29.24645], [-94.35843, 29.24757], [-94.35972, 29.24934], [-94.36126, 29.24969], [-94.36502, 29.25005], [-94.36707, 29.25026], [-94.37137, 29.25055], [-94.37354, 29.25071], [-94.37788, 29.25091], [-94.38005, 29.25105], [-94.38433, 29.25136], [-94.38621, 29.25149], [-94.38983, 29.25165], [-94.39037, 29.25166], [-94.39205, 29.25179], [-94.39534, 29.25194], [-94.39705, 29.25196], [-94.40042, 29.25193], [-94.40168, 29.25235], [-94.40348, 29.25396], [-94.4042, 29.25479], [-94.40614, 29.25665], [-94.40715, 29.25756], [-94.40915, 29.25954], [-94.41018, 29.26058], [-94.41228, 29.26262], [-94.41331, 29.26361], [-94.41393, 29.26478], [-94.41351, 29.26735], [-94.4133, 29.26865], [-94.41278, 29.27131], [-94.41259, 29.27261], [-94.4123, 29.27519], [-94.41269, 29.27637], [-94.41406, 29.27866], [-94.41499, 29.27957], [-94.41686, 29.28155], [-94.41792, 29.28267], [-94.41977, 29.28472], [-94.42076, 29.28575], [-94.42269, 29.28772], [-94.42364, 29.2887], [-94.42458, 29.28968], [-94.42648, 29.29167], [-94.42728, 29.29254], [-94.42918, 29.29459], [-94.43022, 29.29563], [-94.43214, 29.29766], [-94.43309, 29.29867], [-94.43445, 29.30011], [-94.43541, 29.30116], [-94.438, 29.30191], [-94.43948, 29.30202], [-94.44246, 29.30238], [-94.44401, 29.30254], [-94.44721, 29.30282], [-94.44878, 29.30292], [-94.45016, 29.30305], [-94.45337, 29.30325], [-94.45493, 29.30335], [-94.45807, 29.30332], [-94.46008, 29.30299], [-94.46427, 29.30233], [-94.46704, 29.30195], [-94.47303, 29.30104], [-94.47649, 29.30052], [-94.48362, 29.29946], [-94.4872, 29.29889], [-94.49437, 29.29788], [-94.49794, 29.29728], [-94.50154, 29.2968], [-94.50864, 29.29601], [-94.51223, 29.29579], [-94.51935, 29.29577], [-94.52285, 29.29587], [-94.52948, 29.29607], [-94.53302, 29.29625], [-94.54017, 29.29644], [-94.54392, 29.29672], [-94.55151, 29.2972], [-94.55534, 29.29752], [-94.56181, 29.29584], [-94.56477, 29.29377], [-94.57068, 29.29074], [-94.57388, 29.2909]]}, "properties": {"mmsi": "538005553", "name": "BRENTHOLMEN", "vessel_type": "tanker", "n_points": 732, "n_points_full": 1065, "max_gap_minutes": 9.1}}]}