scene_id,class,label,area_km2,area_px,contrast_db,mean_depth_db,max_depth_db,elongation,edge_gradient,solidity,shape_class,vh_contrast_db,vh_mean_depth_db
Oil_00000,Oil,0,0.2289020941110212,2289,-0.7151889801025391,1.9768608808517456,3.25128173828125,1.330199690110313,4.3272576986191815,0.5825168596513551,blob,-0.004596710205078125,0.0
Oil_00000,Oil,0,0.0626005727013976,626,-0.8607578277587891,2.046844959259033,3.273303985595703,1.4388026972361276,4.893584422456283,0.3997445721583653,blob,0.0482330322265625,1.6048742532730103
Oil_00000,Oil,0,0.1218011142976076,1218,-0.7799472808837891,1.984927773475647,3.0534744262695312,1.441804511763122,4.553376383886193,0.523645743766122,blob,-0.35527992248535156,0.0
Oil_00000,Oil,0,0.1220011161273245,1220,-0.8006572723388672,1.9742043018341064,3.758382797241211,1.4300413175884557,4.6775338638943165,0.40836820083682,blob,0.2835102081298828,3.160060405731201
Oil_00000,Oil,0,0.0726006641872439,726,-0.8070049285888672,1.9766000509262085,3.682720184326172,1.7055777812244497,3.995272588729224,0.6950694112015319,blob,0.2963142395019531,0.0
Oil_00000,Oil,0,0.0861007876931364,861,0.1342506408691406,2.367430686950684,4.912092208862305,1.1248316277590305,6.072390573022401,0.6437383177570093,blob,0.3661975860595703,0.0
Oil_00001,Oil,0,0.2380021773631406,2380,-0.8167533874511719,2.1723005771636963,4.15159797668457,15.914980463743724,4.394782277324468,0.8252427184466019,linear,0.07421493530273438,2.417543411254883
Oil_00002,Oil,0,0.1930017656768326,1930,-0.61236572265625,1.9440062046051023,3.326631546020508,2.024007964727635,3.775717166538202,0.6353909465020576,blob,0.1473236083984375,1.4341427087783813
Oil_00002,Oil,0,0.0661006047214437,661,-0.8114261627197266,1.8425300121307373,3.3583850860595703,1.2389675835219678,4.519333763971899,0.6192037470725995,blob,-0.24365997314453125,1.9699596166610718
Oil_00002,Oil,0,0.0537004912789943,537,-0.5815677642822266,1.9175158739089968,3.429758071899414,1.4984097056349484,4.338586080094172,0.5396984924623116,blob,-0.02227020263671875,1.3699203729629517
Oil_00002,Oil,0,0.4440040619715735,4440,-0.66668701171875,1.8806504011154173,3.6932430267333984,2.729898754870113,3.945498927312877,0.5499473586424722,blob,-0.10305213928222656,1.474018931388855
Oil_00002,Oil,0,0.0783007163341761,783,-0.5315055847167969,1.90686297416687,3.276287078857422,2.482108983032252,4.325521969258173,0.5510204081632653,blob,-0.3974475860595703,1.8719757795333862
Oil_00003,Oil,1,0.0670006129551698,670,-0.6222572326660156,1.871616244316101,3.463888168334961,1.4797275105799403,4.399495436059534,0.6882383153569595,blob,-0.15053749084472656,9.188962936401367
Oil_00005,Oil,0,0.0574005251287574,574,-0.833953857421875,2.017559051513672,3.11539077758789,1.8334043040683996,4.676393339276026,0.3861419441641439,blob,0.4722919464111328,0.0
Oil_00005,Oil,0,0.3928035935640406,3928,-0.5213813781738281,1.9544246196746824,3.7287464141845694,1.7469516935461369,4.492220634987324,0.50706770799716,blob,0.2368144989013672,0.0
Oil_00005,Oil,0,0.0643005882539913,643,-0.6367301940917969,1.6799935102462769,3.1721954345703125,1.3091397125607191,3.611358938160087,0.7798665858095816,blob,0.3616485595703125,0.0
Oil_00005,Oil,0,0.0901008242874746,901,-0.5676670074462891,1.9638324975967407,3.4300765991210938,1.1434431877129052,3.4440804541216927,0.5929582099374794,blob,-0.06769943237304688,0.0
Oil_00006,Oil,0,0.0564005159801729,564,-0.8545074462890625,2.015483856201172,3.194093704223633,1.6463737785838986,4.558860217468589,0.5210161662817552,blob,-0.1677265167236328,0.0
Oil_00006,Oil,0,0.5622051433342774,5622,-0.6202774047851562,1.88498854637146,4.308609008789063,2.272532781427488,5.438038854966651,0.5636655303789854,blob,0.06973838806152344,0.0
Oil_00006,Oil,1,0.107200980728272,1072,-0.8216056823730469,2.1116414070129395,3.722095489501953,1.4283574092106697,4.6148915055837465,0.4488172493196566,blob,0.0051422119140625,0.5811077952384949
Oil_00006,Oil,1,0.1054009642608197,1054,-0.4783287048339844,1.9177041053771973,3.7447242736816406,3.5136625225521976,4.26414218668913,0.7085714285714285,linear,2.036375045776367,3.694511890411377
Oil_00007,Oil,0,4.126037747060172,41260,-0.6730499267578125,2.107837438583374,4.74445915222168,1.01821913263563,4.734596309996754,0.4309475938063034,blob,0.16383934020996094,1.9583990573883057
Oil_00007,Oil,1,0.0569005205544652,569,-0.5356235504150391,2.2291605472564697,3.6178054809570312,2.011172482598898,3.693556854009009,0.7341935483870968,blob,-0.33663368225097656,8.473581314086914
Oil_00007,Oil,1,1.1390104202378906,11390,-0.6050300598144531,2.1605236530303955,4.2212982177734375,2.18917094965852,4.797012174410797,0.3391596938927433,blob,0.6053009033203125,3.7607295513153076
Oil_00007,Oil,0,0.0997009121138873,997,-0.5430278778076172,2.138282060623169,3.38210678100586,2.552222380379454,3.9527589128056575,0.7476565429321335,blob,-0.4476032257080078,2.2438559532165527
Oil_00007,Oil,0,0.0546004995127206,546,-0.8195114135742188,2.288217306137085,3.425567626953125,2.02199912150467,5.102733138463156,0.6371061843640606,blob,0.9759674072265625,1.3089531660079956
Oil_00007,Oil,0,0.0665006083808777,665,-1.005136489868164,2.28490686416626,3.4532241821289062,1.5533885686047937,4.390267643414548,0.8159509202453987,blob,-0.0029296875,1.7901815176010132
Oil_00007,Oil,0,0.0775007090153086,775,-1.0222434997558594,2.3187527656555176,3.906713485717773,1.6362294934910704,5.6238515268194496,0.6270226537216829,blob,0.2448577880859375,1.7891653776168823
Oil_00007,Oil,1,0.1583014482209465,1583,-0.5188884735107422,2.2471466064453125,3.716115951538086,1.5297710748824738,3.968173613276242,0.4572501444251877,blob,-0.4677543640136719,8.58584213256836
Oil_00007,Oil,0,0.1373012561006693,1373,-0.7107048034667969,2.1863043308258057,3.706995010375977,1.9662010695329732,4.451023247972056,0.4795668878798463,blob,-0.14612388610839844,2.007643938064575
Oil_00007,Oil,0,0.8949081870683829,8949,-0.6377849578857422,2.0968830585479736,4.596576690673828,1.3091494298418829,5.1718142175021455,0.4299923121276187,blob,-0.046367645263671875,1.7520118951797485
Oil_00007,Oil,0,0.06570060106201,657,-0.9799594879150392,2.2340283393859863,4.646434783935547,1.32986492987838,5.055929683698835,0.5516372795969773,blob,0.18793678283691406,1.703099012374878
Oil_00007,Oil,0,0.0501004583440898,501,-0.5815887451171875,2.1998441219329834,3.5781726837158203,1.2269038061257316,5.178291537339459,0.6423076923076924,blob,-0.235870361328125,2.0172619819641113
Oil_00007,Oil,1,0.1228011234461922,1228,-0.5308341979980469,1.9909781217575075,4.371513366699219,2.247028546560152,5.101147398114812,0.6481921351280021,blob,-0.41782188415527344,6.220835208892822
Oil_00007,Oil,1,0.0718006568683762,718,-0.6670608520507812,2.139373302459717,3.3509483337402344,2.9846729861073653,4.965922967981427,0.5993322203672788,blob,-1.88604736328125,5.19357967376709
Oil_00007,Oil,0,0.111301018237469,1113,-0.7201461791992188,2.1161112785339355,3.671520233154297,1.589854990465931,5.226924627823132,0.6133921190410582,blob,0.1897563934326172,1.7279800176620483
Oil_00007,Oil,0,0.108500992621432,1085,-0.9609394073486328,2.34509825706482,5.120019912719727,2.130668752252876,5.711419817223462,0.376997915218902,blob,0.2542285919189453,1.4387288093566895
Oil_00007,Oil,1,0.2251020593463996,2251,-0.7739677429199219,2.215048551559448,3.5424957275390625,1.3705381020418086,5.000195561801616,0.4024673699266941,blob,-1.3811798095703125,4.734635829925537
Oil_00007,Oil,0,0.187801718104193,1878,-0.7847385406494141,2.137423276901245,3.7954273223876953,1.3793793478657714,4.97087853028209,0.3838136112814224,blob,0.03610038757324219,1.5426734685897827
Oil_00007,Oil,0,0.0768007026112993,768,-0.994731903076172,2.216501235961914,3.5244903564453125,1.0909466504334795,6.024218948397146,0.5809379727685325,blob,-0.03510475158691406,1.9023586511611938
Oil_00007,Oil,1,1.2013109901947128,12013,-0.7312717437744141,2.102642059326172,4.60906982421875,1.5731804817123265,5.15653301768574,0.4625365778530725,blob,-0.8862380981445312,5.614522933959961
Oil_00007,Oil,0,0.4242038808295988,4242,-0.7947654724121094,2.1665446758270264,3.7652816772460938,3.9359665924461855,5.726075700463203,0.3975073794686782,linear,0.3615531921386719,1.4865484237670898
Oil_00007,Oil,1,0.3203029302916561,3203,-0.8031883239746094,2.035052537918091,3.583292007446289,2.110614381292917,5.11992851787897,0.6939659841837288,blob,-0.9749813079833984,4.173072814941406
Oil_00007,Oil,0,0.0531004857898437,531,-0.8232498168945312,2.1865110397338867,3.50223159790039,2.397484934963898,4.947710504056914,0.493953488372093,blob,-0.08521270751953125,1.7286535501480103
Oil_00007,Oil,1,0.0591005406813514,591,-0.7399978637695312,2.087486267089844,3.295032501220703,2.249062238846512,4.263940558080676,0.7107636800962117,blob,-3.4648685455322266,4.752652168273926
Oil_00007,Oil,0,0.1114010191523274,1114,-0.8785037994384766,2.1897902488708496,3.431427001953125,1.7182262972411446,4.8441851386664805,0.3717670615718338,blob,-0.0302581787109375,2.066394090652466
Oil_00007,Oil,0,0.1115010200671859,1115,-0.9907150268554688,2.323079824447632,3.7652416229248047,2.077873999864165,5.800548335606424,0.5056689342403629,blob,-0.18683624267578125,1.875447392463684
Oil_00007,Oil,0,0.1520013905848633,1520,-0.8871383666992188,2.1210179328918457,3.6219425201416016,2.744691762789571,5.436630284916411,0.4852354349561053,blob,0.18044662475585938,1.4291750192642212
Oil_00007,Oil,0,0.0829007584176656,829,-0.8936100006103516,2.243204355239868,4.512102127075195,2.4135217019794197,5.1268469338514375,0.5881518268889677,blob,-1.1498661041259766,3.95853853225708
Oil_00007,Oil,0,0.2098019193730548,2098,-1.017963409423828,2.149729013442993,4.144929885864258,2.3093055437438643,5.377942740040227,0.3810042676836466,blob,0.14276123046875,1.8174514770507812
Oil_00007,Oil,0,0.143501312821894,1435,-0.860992431640625,2.118772029876709,3.602832794189453,1.831235447230748,5.639315207100899,0.6812247804414906,blob,0.1307964324951172,1.5960317850112915
Oil_00007,Oil,0,0.0824007538433732,824,-0.9297828674316406,2.245301961898804,3.493692398071289,2.323631949224124,5.23988789537358,0.5380346065948417,blob,-0.08693504333496094,1.5981836318969727
Oil_00007,Oil,0,0.1284011746782661,1284,-0.9070053100585938,2.062821626663208,3.563619613647461,1.9807455130398224,5.542071213580019,0.4092430278884462,blob,-0.2520790100097656,2.01290225982666
Oil_00007,Oil,0,0.2524023091027599,2524,-0.7773857116699219,2.154310703277588,4.441675186157227,1.1735058278712478,6.309809037299239,0.4981742820487516,blob,-0.16454696655273438,1.8371891975402832
Oil_00007,Oil,0,0.0547005004275791,547,-0.9413242340087892,2.35418701171875,3.766538619995117,2.4173867424993327,4.794713786236852,0.4554537885095753,blob,0.09227752685546875,1.776832938194275
Oil_00007,Oil,0,0.3748034288895183,3748,-0.8582401275634766,2.150319814682007,3.825962066650391,2.514865911844943,5.595901806999436,0.5018074708796358,blob,-0.15489768981933594,1.9097365140914917
Oil_00007,Oil,0,0.0700006404009239,700,-1.1091938018798828,2.1155123710632324,3.929285049438477,1.4833442183020515,4.792745885420563,0.6842619745845552,blob,0.2083892822265625,1.670448660850525
Oil_00007,Oil,0,0.0822007520136563,822,-0.8716392517089844,2.287895917892456,4.023698806762695,1.640806980666064,5.6775565127145535,0.5618591934381408,blob,-0.29728126525878906,2.100623607635498
Oil_00007,Oil,0,0.0540004940235698,540,-0.7157649993896484,2.1336803436279297,3.6650657653808594,1.3549944079681928,3.6452985455598,0.7510431154381085,blob,-0.12789344787597656,1.8490270376205444
Oil_00009,Oil,0,0.0965008828384162,965,-0.9296646118164062,2.085862636566162,3.450590133666992,1.9187050999154664,3.987429865996765,0.7036091870215093,blob,0.44705772399902344,1.117337703704834
Oil_00009,Oil,0,0.0708006477197914,708,-0.599761962890625,2.147078275680542,3.205377578735352,1.984563141871157,4.681216717937282,0.759656652360515,blob,-0.3061943054199219,2.150027275085449
Oil_00009,Oil,0,0.0613005608082374,613,-0.6695594787597656,2.1515164375305176,3.3807811737060547,1.833075727278601,4.180992483949478,0.6609164420485175,blob,-0.2622566223144531,1.9075586795806885
Oil_00009,Oil,0,0.1079009871322809,1079,-0.528106689453125,2.035491943359375,3.37356185913086,1.2852231772812706,4.046966564656448,0.7685185185185185,blob,-0.020078659057617188,1.7642056941986084
Oil_00009,Oil,0,0.0514004702372496,514,-0.7726554870605469,2.153852224349976,3.704986572265625,2.9072721527579533,4.641107630884054,0.7427745664739884,blob,-0.2470531463623047,1.445099115371704
Oil_00009,Oil,0,0.2282020877070112,2282,-0.8611221313476562,2.146890163421631,3.554332733154297,1.1903992205918323,4.691649593112131,0.3987419185741744,blob,0.02825164794921875,1.8142845630645752
Oil_00009,Oil,0,0.0539004931087112,539,-0.7564334869384766,2.095139741897583,3.332954406738281,1.932852380919248,4.266057311893895,0.4763588157313301,blob,-0.39108848571777344,2.2639830112457275
Oil_00010,Oil,1,0.2815025753265719,2815,-0.1455116271972656,2.2747652530670166,3.78167724609375,10.751571722952765,3.240950635625079,0.7081761006289308,linear,-0.035976409912109375,7.497461318969727
Oil_00010,Oil,0,0.1915017519539557,1915,-0.0135860443115234,2.520630121231079,4.213743209838867,3.8654526133783462,3.672619278044241,0.905223351453557,linear,-0.051880836486816406,1.540040373802185
Oil_00013,Oil,0,0.0630005763608315,630,-0.9429492950439452,1.891263484954834,3.098438262939453,2.1945846636472,4.1066655686448135,0.8653846153846154,blob,-0.9622802734375,3.18223237991333
Oil_00014,Oil,1,0.1996018260574916,1996,-0.8019161224365234,2.1222403049468994,4.556188583374023,4.28974716327896,4.280266366296534,0.7044291512263985,linear,0.10710525512695312,3.8276660442352295
Oil_00014,Oil,0,0.0878008032457302,878,-0.7617759704589844,1.864780068397522,3.046600341796875,1.5530508656431623,5.036963153637794,0.4829482948294829,blob,-0.5087242126464844,3.00071120262146
Oil_00014,Oil,0,0.0551005040870129,551,-0.7167949676513672,2.050777673721313,4.636758804321289,1.825122952895836,4.890718930831725,0.8746031746031746,blob,0.06364059448242188,2.1253833770751953
Oil_00015,Oil,1,0.2793025551996864,2793,-0.9303703308105468,2.203402519226074,3.9869232177734375,15.197038416912989,4.40178144261357,0.7957264957264957,linear,-0.7993431091308594,2.5852110385894775
Oil_00015,Oil,0,0.1177010767884106,1177,-0.7192115783691406,1.899351000785828,3.6916446685791016,1.4615310653547522,4.279935159796243,0.6188222923238696,blob,0.05799102783203125,2.0974042415618896
Oil_00015,Oil,1,0.1704015589188204,1704,-0.5505790710449219,1.8375095129013064,4.129251480102539,1.0445926930406864,5.099892283488991,0.6915584415584416,blob,0.6672153472900391,2.0570461750030518
Oil_00015,Oil,0,0.1713015671525466,1713,-0.4704265594482422,1.963620662689209,3.443082809448242,1.5433396134551345,4.160203042204572,0.4713165497317375,blob,0.09926795959472656,2.2166147232055664
Oil_00015,Oil,0,0.3215029412699576,3215,-0.7693080902099609,1.9336891174316408,3.51032829284668,2.247758343002902,4.9895581320199405,0.4981406879454602,blob,-0.3912334442138672,2.6534199714660645
Oil_00015,Oil,0,4.122137711380692,41221,-0.5740318298339844,1.950723886489868,4.455524444580078,1.4480621400803912,5.236023436825638,0.508854118445823,blob,0.2954673767089844,2.1058928966522217
Oil_00015,Oil,0,0.0569005205544652,569,-0.6711139678955078,2.018279552459717,2.984067916870117,2.088422961934776,4.587727346781581,0.62117903930131,blob,-0.21829605102539062,2.356415033340454
Oil_00015,Oil,0,9.990891401679294,99908,-0.57708740234375,1.931412696838379,4.68634033203125,3.4610508719122843,5.507029106314374,0.5216324378228941,linear,0.0497894287109375,1.7786785364151
Oil_00015,Oil,0,0.0529004839601267,529,-0.6558914184570312,2.076157093048096,3.3718833923339844,1.4555939531912805,5.133785127764205,0.5920537213206492,blob,-0.6634464263916016,2.8321239948272705
Oil_00015,Oil,0,0.0682006239334715,682,-0.7530994415283203,1.993740558624268,3.6139144897460938,1.583266890599324,5.299689471766903,0.6279926335174953,blob,-0.22765350341796875,2.554555654525757
Oil_00015,Oil,0,0.6350058093512383,6350,-0.7259006500244141,1.929184436798096,3.666980743408203,2.0573701071816277,5.42065345923572,0.4601282562226006,blob,0.07361984252929688,1.6753114461898804
Oil_00015,Oil,0,0.1110010154928936,1110,-0.6134853363037109,1.911173701286316,3.235559463500977,1.5949941707161437,4.945159596390708,0.6985525487728131,blob,-0.31213951110839844,2.068211078643799
Oil_00015,Oil,1,0.0514004702372498,514,-0.5252494812011719,1.9195396900177,3.114368438720703,1.8812202413480967,5.9193836571155165,0.6416978776529338,blob,-0.1461811065673828,2.8862228393554688
Oil_00015,Oil,0,0.0514004702372498,514,-0.7184638977050781,2.008131504058838,3.2542800903320312,1.4688225266332977,5.876175777248186,0.6345679012345679,blob,-0.1461811065673828,2.8862228393554688
Oil_00015,Oil,0,0.0641005864242746,641,-0.9213428497314452,1.99348247051239,3.183717727661133,1.628142628631028,4.354037137042039,0.85809906291834,blob,-0.7204875946044922,2.149522304534912
Oil_00015,Oil,0,0.0864007904377118,864,-0.8746414184570312,2.0045061111450195,3.726661682128906,1.8747968205007344,5.317944532964698,0.4968372627947096,blob,-0.9918613433837891,2.7502715587615967
Oil_00015,Oil,0,0.0660006038065854,660,-0.7266807556152344,1.9922833442687988,3.1469173431396484,1.6693535253111476,4.471799922360937,0.5945945945945946,blob,-0.0901947021484375,1.9998799562454224
Oil_00016,Oil,0,0.4866044517012786,4866,-0.5642642974853516,2.087679386138916,3.799184799194336,2.468069830117099,3.8156030346383902,0.4204069290250118,blob,-0.03976631164550781,1.7474576234817505
Oil_00016,Oil,0,0.2272020785584268,2272,-0.5319499969482422,2.02505874633789,3.697967529296875,2.9487545291643795,3.816596470490495,0.533583842179427,blob,0.23276329040527344,1.5809545516967773
Oil_00016,Oil,1,0.0918008398400685,918,-0.0796737670898437,2.7526328563690186,4.406377792358398,7.907774210105399,3.2595579065394693,0.8464730290456431,linear,1.04925537109375,7.38564920425415
Oil_00019,Oil,0,0.0583005333624836,583,-0.9063262939453124,2.033745527267456,3.3767013549804688,1.582390207436027,3.696149395038386,0.6503067484662577,blob,0.12467384338378906,1.8419133424758911
Oil_00019,Oil,0,0.0830007593325238,830,-0.9590377807617188,2.1803641319274902,3.652912139892578,1.909393461008164,4.688988172742994,0.5241553520682033,blob,1.1154060363769531,1.7968956232070923
Oil_00020,Oil,0,1.3104119883052925,13104,-0.466958999633789,1.804795742034912,3.758831024169922,1.3600035123034604,3.987367894392354,0.5123353012472143,blob,0.32741737365722656,1.8235865831375122
Oil_00020,Oil,0,0.0976008929018593,976,-0.549407958984375,1.7964015007019043,3.196147918701172,1.951535702490864,4.025560730887667,0.6623685103495079,blob,-0.07090377807617188,1.871536374092102
Oil_00022,Oil,1,0.0875008005011548,875,-0.7954673767089844,1.974843978881836,3.573423385620117,2.053199434519779,4.364571640849622,0.5707762557077626,blob,-0.4559898376464844,10.128646850585938
Oil_00022,Oil,0,0.0519004748115421,519,-0.83203125,2.0219180583953857,3.1416969299316406,3.412933864885312,4.141251574691704,0.5684556407447974,linear,0.36390113830566406,1.6254271268844604
Oil_00022,Oil,0,0.0617005644676715,617,-0.9411087036132812,1.9471900463104248,3.5920448303222656,1.6602903288884412,4.825184227634483,0.5180520570948782,blob,-0.3532600402832031,1.8391740322113037
Oil_00025,Oil,0,0.0983008993058685,983,-0.6674995422363281,2.0504250526428223,3.92348861694336,1.326312267460067,4.549446707306842,0.6385189996752192,blob,-0.15157127380371094,1.5643597841262817
Oil_00028,Oil,0,0.0621005681271053,621,-0.6766281127929688,2.0485730171203613,3.2657127380371094,1.1115339836503917,3.6228518377028234,0.7545565006075334,blob,0.7633819580078125,1.310970425605774
Oil_00028,Oil,0,0.0529004839601267,529,-0.8908119201660156,1.925222396850586,3.666934967041016,2.9168695879890776,5.005242769130987,0.8082505729564553,blob,0.8960437774658203,1.2203285694122314
Oil_00028,Oil,0,0.0838007666513917,838,-0.8355045318603516,2.0421714782714844,3.863327026367188,1.4341630225647612,4.208283088682753,0.4566757493188011,blob,-0.22536087036132812,1.738008975982666
Oil_00028,Oil,0,0.4477040958213376,4477,-0.6827049255371094,2.0749051570892334,4.030002593994141,2.9082904807650465,4.560576156792356,0.4817086292231547,blob,-0.3328571319580078,2.025197744369507
Oil_00028,Oil,0,0.1343012286549154,1343,-0.6195487976074219,2.1613619327545166,3.721729278564453,1.798471334663091,4.460974051298916,0.5155470249520153,blob,0.06872367858886719,1.595813274383545
Oil_00028,Oil,0,0.2583023630794092,2583,-0.7864608764648438,2.0950255393981934,3.929752349853516,1.201096170440596,5.204378340976577,0.5454545454545454,blob,-0.13857650756835938,1.8924235105514526
Oil_00028,Oil,0,0.0637005827648407,637,-0.4859580993652344,1.97663688659668,3.3078689575195312,1.2231438523592746,4.895008842587016,0.8161434977578476,blob,0.2103252410888672,1.531765103340149
Oil_00028,Oil,0,0.0625005717865392,625,-1.254741668701172,2.252662181854248,3.8306922912597656,1.4643255448836674,5.117980960534099,0.4389044943820224,blob,0.2633628845214844,1.7703334093093872
Oil_00028,Oil,0,0.0782007154193178,782,-1.1327285766601562,2.140979766845703,3.5291194915771484,1.871992366001396,4.401998705505294,0.6140557518649391,blob,0.11725044250488281,1.8988864421844482
Oil_00028,Oil,0,0.0720006586980931,720,-0.9627151489257812,2.173744440078736,3.4526290893554688,1.9949951521439877,5.04619268739843,0.5357142857142857,blob,0.2605171203613281,1.824030876159668
Oil_00028,Oil,0,0.0538004921938529,538,-0.7431983947753906,2.26526427268982,3.995088577270508,2.2698874254259085,4.643159878559959,0.629976580796253,blob,0.5424919128417969,1.1866354942321777
Oil_00028,Oil,0,0.056200514150456,562,-0.8480949401855469,2.1631805896759038,3.6072921752929688,1.6393583573633972,5.305523029344774,0.5332068311195446,blob,0.3614368438720703,1.2492691278457642
Oil_00028,Oil,0,0.0805007364610625,805,-0.8591728210449219,2.178154945373535,3.220190048217773,3.054206999255398,4.814312734764939,0.5991812430219575,linear,0.017375946044921875,1.9662364721298218
Oil_00029,Oil,0,0.6846062631210352,6846,-0.7409095764160156,2.305387020111084,4.502185821533203,1.4477891574330597,4.895032491284475,0.551651893634166,blob,-0.052837371826171875,1.950856328010559
Oil_00029,Oil,0,0.0899008224577579,899,-0.7966537475585938,2.3074400424957275,3.912929534912109,1.27293487352527,5.239170911418428,0.6407697790449037,blob,-0.21591567993164062,1.8139121532440186
Oil_00029,Oil,0,0.050800464748099,508,-0.970722198486328,2.3443329334259038,4.050895690917969,1.946677808299674,4.874320129978419,0.5384207737148914,blob,0.37062644958496094,1.7453968524932861
Oil_00029,Oil,0,0.0582005324476252,582,-0.9398345947265624,2.2572214603424072,3.3858413696289062,2.3221993930601896,4.129508720278807,0.717632552404439,blob,0.6666851043701172,1.000565767288208
Oil_00029,Oil,0,0.0643005882539914,643,-1.2011871337890625,2.2924931049346924,3.855648040771485,1.354689894374102,5.794473354106919,0.5774584643017512,blob,0.18076133728027344,1.267756700515747
Oil_00029,Oil,0,0.0858007849485609,858,-1.07965087890625,2.219255924224853,3.670063018798828,2.441988780257108,5.105642914593849,0.5139263252470799,blob,0.07093429565429688,1.6138336658477783
Oil_00029,Oil,0,0.1343012286549153,1343,-0.9180564880371094,2.3334145545959477,3.6924095153808594,1.441200527749385,5.068505515648889,0.4308630093038177,blob,-0.0214691162109375,1.5327686071395874
Oil_00029,Oil,1,0.8130074377993013,8130,-0.7552833557128906,2.3041794300079346,4.415435791015625,1.9996822070962956,4.606702781805966,0.3723976822481277,blob,0.05776214599609375,9.073745727539062
Oil_00029,Oil,1,0.0715006541238007,715,-0.5720062255859375,2.3498501777648926,3.60870361328125,2.0630591652043675,4.031587672210095,0.6263688129653964,blob,-0.5890789031982422,8.348898887634277
Oil_00030,Oil,1,0.243402226765498,2434,-0.5833816528320312,2.529249429702759,4.958484649658203,1.422653325959413,4.611732864406577,0.4421033511942603,blob,-0.23937606811523438,10.55280590057373
Oil_00030,Oil,0,0.0502004592589482,502,-0.8951683044433594,2.390600204467773,3.3797378540039062,3.184808212439075,4.400948263340169,0.7526236881559221,linear,0.6471767425537109,1.4149408340454102
Oil_00030,Oil,0,0.0673006156997453,673,-1.0796737670898438,2.3160829544067383,4.3656158447265625,2.185660158430068,5.230305751056706,0.6578690127077224,blob,0.0200653076171875,1.528983473777771
Oil_00030,Oil,0,0.0626005727013976,626,-1.1329345703125,2.265286922454834,3.6523170471191406,1.4549285842913664,4.700390347311719,0.535042735042735,blob,-0.1716899871826172,1.5923935174942017
Oil_00030,Oil,0,0.0571005223841821,571,-0.9441032409667968,2.4204721450805664,3.581611633300781,1.5320140974421297,4.77895848995974,0.5829504849412965,blob,-0.3379249572753906,1.9040313959121704
Oil_00030,Oil,0,0.1282011728485491,1282,-0.9148178100585938,2.3771252632141118,3.9356613159179688,1.6280664067918935,4.644838033049566,0.4892196145773707,blob,-0.232666015625,1.532452940940857
Oil_00030,Oil,0,0.0528004830452682,528,-1.163604736328125,2.490065574645996,3.748977661132813,1.747229675004626,5.0120737656980925,0.5191740412979351,blob,0.07257652282714844,1.4743320941925049
Oil_00030,Oil,0,0.1140010429386474,1140,-1.0000534057617188,2.512338638305664,4.064216613769531,1.173576977970718,4.230528071069456,0.5116696588868941,blob,-0.12731170654296875,1.5428192615509033
Oil_00030,Oil,0,0.3374030867324529,3374,-0.8444366455078125,2.418263912200928,4.612119674682617,3.233009541748264,5.093777168006449,0.398747267033032,linear,-0.3660297393798828,1.772834300994873
Oil_00030,Oil,0,0.2036018626518299,2036,-1.016845703125,2.3476710319519043,4.36536979675293,1.7159029239077053,5.388899238937308,0.4116873925791123,blob,-0.15267181396484375,1.5009032487869263
Oil_00030,Oil,0,0.0647005919134253,647,-0.8927688598632812,2.3524365425109863,3.687320709228516,2.425811881148772,4.497200512545282,0.7475447718082033,blob,-0.14781761169433594,1.8484294414520264
Oil_00030,Oil,0,0.0794007263976193,794,-1.115447998046875,2.377143383026123,4.332054138183594,1.5929992848640973,4.64620731005845,0.4788902291917973,blob,-0.1553478240966797,1.4023427963256836
Oil_00030,Oil,0,0.1863017043813159,1863,-0.901592254638672,2.352856159210205,4.411121368408203,1.9393896560669213,5.20162615959486,0.4525689299161909,blob,-0.285003662109375,1.6586928367614746
Oil_00030,Oil,0,0.0635005809351237,635,-1.029499053955078,2.374258279800415,3.7151832580566406,2.356406518175421,4.406582522821182,0.6315266036797613,blob,0.25884246826171875,1.4596291780471802
Oil_00030,Oil,0,0.0513004693223913,513,-0.8341827392578125,2.3757548332214355,3.849319458007813,2.9837102330805245,5.767502467308718,0.6684039087947883,blob,0.1954326629638672,1.823353886604309
Oil_00030,Oil,0,0.0583005333624837,583,-1.0566024780273438,2.5883750915527344,4.058219909667969,1.5896077503445771,4.776531719706157,0.7096774193548387,blob,-0.01959228515625,1.4038795232772827
Oil_00030,Oil,0,0.0845007730554009,845,-0.7247657775878906,2.3779137134552,3.5168704986572266,1.5770948183207734,5.057639876136038,0.5625832223701731,blob,0.2560272216796875,1.203348994255066
Oil_00030,Oil,0,0.1229011243610505,1229,-1.2051010131835938,2.4929230213165283,3.947795867919922,1.5364354248790222,5.639320870050399,0.3669204358859531,blob,0.06228065490722656,1.4353845119476318
Oil_00030,Oil,0,0.0535004894492775,535,-0.7795944213867188,2.3126113414764404,3.446075439453125,1.2306516029791028,4.465607329632636,0.6837060702875399,blob,0.18911361694335938,1.4353511333465576
Oil_00030,Oil,0,0.1046009569419519,1046,-1.0074081420898438,2.256064176559448,3.8708763122558594,2.1063048678372667,4.672426529432572,0.7381792519407199,blob,-0.0264129638671875,1.7309523820877075
Oil_00030,Oil,0,0.0899008224577579,899,-1.0425300598144531,2.5035769939422607,3.8366851806640634,1.8540572847298715,5.11797453188532,0.4144767173812817,blob,0.2967491149902344,1.1239620447158813
Oil_00030,Oil,0,0.0656006001471515,656,-1.0144538879394531,2.2249081134796143,4.367803573608398,2.304927525107462,5.05668144696429,0.5754385964912281,blob,-0.11768913269042969,1.6599559783935547
Oil_00030,Oil,0,0.0852007794594101,852,-0.9401359558105468,2.369060754776001,3.69384765625,1.6292030609521753,5.180591124436528,0.6114101184068891,blob,-0.07056236267089844,1.6531380414962769
Oil_00030,Oil,0,0.0555005077464467,555,-0.7995071411132812,2.372455596923828,3.581298828125,2.2492275980483685,5.108776610980259,0.5184493227463802,blob,-0.19556236267089844,1.3751428127288818
Oil_00030,Oil,0,0.0680006221037546,680,-1.182830810546875,2.3572301864624023,3.7618446350097656,2.6178197301093573,5.70951553807016,0.4783679212099894,blob,0.2862052917480469,1.1217432022094727
Oil_00030,Oil,0,0.0644005891688499,644,-0.9110984802246094,2.4722461700439453,4.157543182373047,1.8666789210775772,5.053352051759679,0.5549332184403274,blob,0.11023712158203125,1.3035645484924316
Oil_00030,Oil,0,0.0568005196396067,568,-1.0098800659179688,2.5500762462615967,4.320968627929688,3.377467345146039,4.72927317066232,0.575772934617334,linear,0.23758697509765625,1.1828757524490356
Oil_00030,Oil,0,0.1117010218969027,1117,-0.8803138732910156,2.397599697113037,4.110157012939453,1.3223285601186958,5.073278314703114,0.4417638916353569,blob,-0.05850028991699219,1.7728495597839355
Oil_00030,Oil,0,0.0500004574292313,500,-1.12548828125,2.2704837322235107,4.218303680419922,2.070358736867179,7.897021420623764,0.9328358208955224,blob,-0.12450790405273438,1.600735068321228
Oil_00031,Oil,0,0.0896008197131825,896,-0.7157783508300781,2.3954312801361084,3.808929443359375,2.796715389324047,4.574756843660337,0.5226013414989793,blob,0.06751251220703125,1.6665903329849243
Oil_00031,Oil,0,0.0511004674926744,511,-0.35845947265625,2.226327896118164,3.385326385498047,5.049586053025303,3.3744719498211304,0.8130469371519491,linear,-0.15062713623046875,1.4693999290466309
Oil_00031,Oil,0,0.0916008380103518,916,-0.4829254150390625,2.291255474090576,3.932788848876953,1.496786765807856,4.216998943055713,0.4959393611261505,blob,0.0921630859375,1.4154014587402344
Oil_00031,Oil,0,0.0689006303374807,689,-0.5114555358886719,2.3791146278381348,3.893329620361328,1.1584123515070557,4.377894186880576,0.5241536705971852,blob,-0.3507194519042969,1.612515926361084
Oil_00031,Oil,0,0.1832016760207036,1832,-0.3770561218261719,2.801644802093506,7.300304412841797,1.3710878488532083,4.836428356836835,0.704750913637238,blob,0.13147544860839844,1.6883600950241089
Oil_00031,Oil,1,0.0643005882539915,643,-0.7574806213378906,2.525418996810913,4.1850433349609375,2.285342605882779,4.1745255860971575,0.4775343483104344,blob,-0.01992034912109375,4.306451320648193
Oil_00031,Oil,0,0.0626005727013976,626,-0.6440010070800781,2.3627407550811768,3.526998519897461,1.597330224261842,4.699270608483528,0.7771570453134699,blob,0.8061313629150391,1.9030025005340576
Oil_00031,Oil,0,0.0648005928282838,648,-0.8620834350585938,2.256916046142578,3.9389610290527344,1.686847318529171,5.171371931484286,0.6608873023967363,blob,0.1956348419189453,1.5442014932632446
Oil_00031,Oil,0,0.0537004912789944,537,-1.0556297302246094,2.541125059127808,3.985908508300781,1.2782153224145671,4.928459472806784,0.6050704225352113,blob,0.3849048614501953,1.622031569480896
Oil_00031,Oil,0,0.1313012012091615,1313,-0.8089447021484375,2.3319008350372314,3.7728309631347656,2.1862820961260496,4.761452378022684,0.5582482993197279,blob,-0.06081581115722656,1.8286877870559692
Oil_00031,Oil,0,0.4900044828064671,4900,-0.8121299743652344,2.333257913589477,4.958187103271484,5.950598187436794,5.167798174970355,0.5778642608644378,linear,0.09230422973632812,1.376395583152771
Oil_00031,Oil,0,0.0665006083808776,665,-1.0262584686279297,2.3626983165740967,3.5543365478515625,1.4478199883599283,5.577384316185324,0.6327307326355851,blob,0.06332969665527344,1.588894009590149
Oil_00031,Oil,0,0.0555005077464467,555,-0.8022956848144531,2.509217977523804,3.9510345458984375,2.8334812127131945,4.899635094058852,0.8143800440205429,blob,0.02944183349609375,1.570342779159546
Oil_00031,Oil,0,0.0898008215428994,898,-1.0413551330566406,2.158257007598877,4.236026763916016,2.627601189012001,4.91924704719758,0.579541787673443,blob,0.34964752197265625,1.1246002912521362
Oil_00031,Oil,0,0.1063009724945458,1063,-0.9368820190429688,2.3716509342193604,4.046012878417969,2.8215728676385967,5.437150645393186,0.6096931459707485,blob,-0.1294536590576172,1.618024230003357
Oil_00032,Oil,0,0.1494013667985431,1494,-0.774566650390625,2.43804144859314,4.14788818359375,1.4646341351617893,4.668753296449679,0.478616049975973,blob,-0.22936248779296875,1.8739076852798462
Oil_00032,Oil,0,0.1247011408285029,1247,-0.6262855529785156,2.279969930648804,3.7762413024902335,1.7996425059023329,4.797555790395324,0.6984038084570149,blob,0.07330894470214844,1.5075490474700928
Oil_00032,Oil,1,0.0598005470853606,598,-0.6714286804199219,2.365486860275269,4.054893493652344,2.674263179058472,6.461118615317897,0.5988983475212819,blob,-4.873279571533203,6.626585006713867
Oil_00032,Oil,0,0.0515004711521082,515,-0.6084365844726562,2.291241407394409,3.648784637451172,2.424624409197293,4.2744629265289005,0.8046875,blob,0.3103981018066406,1.1715142726898193
Oil_00032,Oil,0,0.113701040194072,1137,-0.8515968322753906,2.303386211395264,3.918193817138672,2.467952191156712,4.1058110169172135,0.7455737704918033,blob,0.3227424621582031,1.4342893362045288
Oil_00032,Oil,0,0.1266011582108137,1266,-0.6871185302734375,2.370247840881348,3.6774845123291016,2.46019024561462,4.409356570238605,0.501187648456057,blob,0.1258087158203125,2.1570651531219482
Oil_00032,Oil,0,0.1501013732025524,1501,-0.9477691650390624,2.338681221008301,3.975513458251953,1.4958489046226748,4.883644079002384,0.5538745387453875,blob,-0.12662315368652344,1.726787805557251
Oil_00032,Oil,0,0.1289011792525583,1289,-0.904865264892578,2.359572649002075,4.616838455200195,1.563004836323987,4.783934997556535,0.4084931072730153,blob,-0.1790180206298828,2.3374781608581543
Oil_00032,Oil,0,0.0503004601738067,503,-0.7169017791748047,2.35507607460022,4.192094802856445,1.3439555948683446,5.096919225254252,0.7144886363636364,blob,0.3704814910888672,1.941498041152954
Oil_00032,Oil,0,0.0564005159801729,564,-1.0661659240722656,2.491779088973999,3.575508117675781,1.1795008186229656,4.300794704415771,0.6259711431742508,blob,-0.09474945068359375,1.5857871770858765
Oil_00032,Oil,0,0.1548014162009001,1548,-0.6042308807373047,2.445833921432495,4.176052093505859,2.362684954831197,4.7829139533672445,0.4512461740271097,blob,0.08777809143066406,2.0832431316375732
Oil_00032,Oil,0,0.0780007135896008,780,-0.8821182250976562,2.4443881511688232,3.667980194091797,2.9816609017615905,4.218189241323982,0.468187274909964,blob,0.46933937072753906,1.3726351261138916
Oil_00032,Oil,0,0.0781007145044593,781,-0.8942909240722656,2.2941362857818604,3.643348693847656,1.649654437496432,5.06277638643114,0.7441638875655073,blob,0.5876941680908203,1.1987557411193848
Oil_00032,Oil,0,0.0532004867047021,532,-1.0185623168945312,2.5806283950805664,4.00291633605957,1.4520143407498758,4.736788019424794,0.5100671140939598,blob,-0.23016929626464844,2.096811056137085
Oil_00032,Oil,0,0.0864007904377117,864,-0.9708938598632812,2.508761405944824,4.633060455322266,2.4459988361770004,6.2512970910610814,0.4891027455420322,blob,-0.1511516571044922,1.6944081783294678
Oil_00032,Oil,0,0.0539004931087113,539,-1.047861099243164,2.4177815914154053,3.840158462524414,2.7252861704251385,4.790724955550514,0.5548121461657232,blob,-0.2110614776611328,1.9562777280807495
Oil_00032,Oil,0,0.0533004876195605,533,-0.941143035888672,2.539257287979126,3.776153564453125,1.7864400138027596,5.078494582676535,0.4428749480681346,blob,0.0469512939453125,1.7725178003311157
Oil_00032,Oil,0,0.2843026009426093,2843,-0.8680915832519531,2.3004579544067383,4.149169921875,1.8204879265627336,4.497308143428327,0.8206090344927118,blob,-0.17400169372558594,1.9720386266708374
Oil_00033,Oil,0,7.755970955507502,77559,-0.6230144500732422,1.8783785104751587,4.793428421020508,2.7115763143285485,5.211714261612165,0.3824238569294262,blob,-0.05483531951904297,1.849469780921936
Oil_00033,Oil,0,0.1152010539169489,1152,-0.7270431518554688,1.9697604179382324,3.985088348388672,1.4538002280101727,4.970081970255153,0.4863837872070931,blob,0.319091796875,1.3343747854232788
Oil_00033,Oil,0,0.1348012332292076,1348,-0.6319198608398438,1.8591228723526,3.416616439819336,3.0513898478533323,4.690847579783089,0.6477654973570399,linear,0.19238853454589844,1.2672384977340698
Oil_00033,Oil,0,0.1074009825579888,1074,-0.6316795349121094,2.0013427734375,3.647939682006836,1.1774657105833355,5.112525934456909,0.404367469879518,blob,-0.037062644958496094,1.9642549753189087
Oil_00033,Oil,0,0.0658006019768684,658,-0.8470916748046875,1.9756590127944944,3.232511520385742,1.1752442911875098,5.071448117978008,0.6284622731614136,blob,0.37553977966308594,1.1301058530807495
Oil_00033,Oil,0,0.22050201726291,2205,-0.6054973602294922,1.8135483264923096,3.204608917236328,1.5278935170564212,4.752382942606892,0.6095369730476848,blob,-0.30736255645751953,1.7115691900253296
Oil_00033,Oil,0,2.0720189558673456,20720,-0.6759757995605469,1.857367992401123,4.290307998657227,2.689314955813159,5.054645799731345,0.4107688037746322,blob,-0.050151824951171875,1.7253515720367432
Oil_00033,Oil,0,0.7318066949342295,7318,-0.7203006744384766,1.8722559213638303,3.676158905029297,1.1769440017334258,5.293060624529836,0.4541674424377832,blob,0.04580879211425781,1.8736073970794678
Oil_00033,Oil,0,0.0535004894492775,535,-0.8747520446777344,2.0498547554016118,3.22439956665039,1.426356304161497,5.546517666593275,0.6380441264162194,blob,-0.042389869689941406,1.691010594367981
Oil_00033,Oil,0,0.0544004976830036,544,-0.7331085205078125,1.849322199821472,3.2068653106689453,3.12600597637773,5.02772239726092,0.8229954614220878,linear,-0.20876693725585938,2.851153612136841
Oil_00033,Oil,0,0.5117046813307532,5117,-0.6653404235839844,1.8681846857070925,4.214494705200195,3.430451521848999,5.335099284943877,0.4523514851485148,linear,0.00043010711669921875,1.6883416175842285
Oil_00033,Oil,0,0.070700646804933,707,-0.7071399688720703,2.0740017890930176,3.408014297485352,2.114724107680896,4.590390042319896,0.5506230529595015,blob,0.39031982421875,1.7556838989257812
Oil_00033,Oil,0,0.5570050957616368,5570,-0.6853523254394531,1.8998363018035889,3.929901123046875,3.874484869348551,5.242394468924876,0.5576133747121834,linear,0.14078235626220703,1.654719352722168
Oil_00033,Oil,0,0.0973008901572841,973,-0.5733661651611328,1.836147427558899,3.350393295288086,1.2249523813613146,4.980405468201627,0.5009009009009009,blob,0.020109176635742188,1.6304562091827393
Oil_00033,Oil,0,0.0904008270320502,904,-0.5838298797607422,1.936516642570496,4.440080642700195,1.865369019502708,4.763412866914661,0.5717900063251107,blob,0.35708141326904297,1.172088861465454
Oil_00033,Oil,0,0.0759006943775731,759,-0.3395195007324219,1.8096942901611328,3.3143672943115234,1.687002995472858,4.959668373655961,0.7073625349487418,blob,-0.2765998840332031,2.273200035095215
Oil_00034,Oil,0,0.0760006952924315,760,-0.6994285583496094,1.988202810287476,3.475259780883789,1.8273474819266864,4.660131974263941,0.4421175101803374,blob,-0.22362136840820312,2.3057124614715576
Oil_00034,Oil,0,0.1119010237266196,1119,-0.931171417236328,1.9339563846588133,3.7222728729248047,2.901090579330444,4.2284134572034064,0.4842059714409346,blob,0.15128707885742188,2.335493803024292
Oil_00034,Oil,0,0.0505004620035236,505,-0.7508087158203125,1.9961947202682493,3.202991485595703,1.8096563611481795,4.171900856145967,0.5702992659514399,blob,-0.11149215698242188,2.175063371658325
Oil_00035,Oil,0,0.052300478470976,523,-0.7264232635498047,2.178802490234375,3.1554489135742188,1.3517136175340652,3.4935594148984443,0.8658940397350994,blob,0.13024520874023438,2.031675338745117
Oil_00035,Oil,0,0.0558005104910222,558,-0.7096519470214844,2.128675699234009,4.012966156005859,1.9175783215728608,5.154971635255711,0.6424870466321243,blob,0.05568122863769531,1.7253018617630005
Oil_00035,Oil,0,0.0537004912789945,537,-0.7911796569824219,2.3082151412963867,3.4803638458251958,3.2957104286510064,4.08866582139247,0.6236933797909407,linear,0.3131732940673828,2.3009791374206543
Oil_00036,Oil,0,0.065500599232293,655,-1.190439224243164,2.223498582839966,3.5355377197265625,2.677021740271351,4.726000809756934,0.5462885738115096,blob,-1.1660594940185547,2.980292797088623
Oil_00036,Oil,0,0.0569005205544652,569,-0.067392349243164,2.4307663440704346,3.9336109161376953,3.135439984362351,5.907044503071924,0.7952480782669462,linear,-0.0664215087890625,3.4132158756256104
Oil_00036,Oil,0,0.0972008892424256,972,-0.4410285949707031,2.0898966789245605,3.5778942108154297,1.6846318150036663,4.258425627446961,0.6024171056709018,blob,-0.6284542083740234,2.3742504119873047
Oil_00036,Oil,0,0.1434013119070354,1434,-0.6383190155029297,2.151353359222412,3.703289031982422,1.2555777378607638,4.388056336691658,0.5004362240446694,blob,-0.000133514404296875,1.5920597314834595
Oil_00036,Oil,0,0.0628005745311145,628,-0.4808082580566406,2.134166955947876,3.647207260131836,1.118023784632786,3.4418509737990237,0.6340232205956587,blob,0.09986305236816406,1.66617751121521
Oil_00037,Oil,0,10.38589501537018,103858,-0.6927719116210938,3.615736484527588,19.525466918945312,1.2580408709592736,7.003519450691783,0.5632716593404508,blob,-0.17177581787109375,1.8353264331817627
Oil_00037,Oil,0,0.0993009084544531,993,-1.019613265991211,2.17183780670166,3.7229957580566406,1.4999580544059357,6.599072159216383,0.4204954478085962,blob,-0.018657684326171875,1.1724687814712524
Oil_00037,Oil,0,0.370303387720886,3703,-0.8120861053466797,2.0915679931640625,3.880556106567383,1.3695800403602831,5.711459178278569,0.3455419213362571,blob,-0.032459259033203125,1.7895511388778687
Oil_00037,Oil,0,0.6311057736717558,6311,-0.8533992767333984,2.132089138031006,4.80006217956543,1.283826470243101,5.8584700302793165,0.3466725260237853,blob,-0.039386749267578125,1.8208966255187988
Oil_00037,Oil,0,0.0816007465245052,816,-0.8486404418945312,2.134695291519165,3.767646789550781,1.747779535388692,5.466253179666241,0.5364891518737672,blob,0.03624725341796875,1.7947195768356323
Oil_00037,Oil,0,0.1754016046617429,1754,-0.8748130798339844,2.148909091949463,3.745725631713867,1.2956647711255531,5.390923890791152,0.4338362602028197,blob,0.083099365234375,1.6090821027755737
Oil_00037,Oil,0,0.1386012679938288,1386,-1.1391925811767578,2.1848533153533936,4.610677719116211,1.8844073902243788,5.366275563100707,0.4351648351648352,blob,-0.23725318908691406,1.601699709892273
Oil_00037,Oil,0,0.0713006522940836,713,-0.9721565246582032,2.1765637397766118,3.77009391784668,2.202345862280755,5.907479038860976,0.5287356321839081,blob,-0.045803070068359375,1.987488865852356
Oil_00037,Oil,0,0.6114055934446387,6114,-0.8387813568115234,2.0700361728668213,4.184099197387695,1.1080896685587085,5.8493285667844335,0.3711190020941455,blob,0.17014312744140625,1.4769850969314575
Oil_00037,Oil,0,0.088700811479456,887,-0.8565292358398438,2.2246170043945312,3.632486343383789,1.2958766361716745,4.6298782049133145,0.5267220902612827,blob,0.5564212799072266,1.8741443157196045
Oil_00037,Oil,0,0.1095010017700162,1095,-0.8525772094726562,2.1849207878112797,3.790618896484375,1.6614476573991992,5.126651489630579,0.3751927359945177,blob,-0.11015701293945312,2.0670671463012695
Oil_00037,Oil,0,0.0559005114058804,559,-0.7751064300537109,2.131312608718872,3.517404556274414,3.046998892164006,5.203364985949003,0.5326345878989995,linear,-0.33016204833984375,2.5843935012817383
Oil_00037,Oil,0,0.0520004757264004,520,-0.7105197906494141,2.1773812770843506,3.5520896911621094,1.4961371660289453,4.852626850996525,0.5849268841394826,blob,0.1931743621826172,2.1233651638031006
Oil_00037,Oil,0,0.4208038497244095,4208,-0.6351547241210938,2.11877703666687,4.291597366333008,1.3985589094207038,5.08779980760993,0.3801951572099747,blob,0.2077312469482422,2.083709478378296
Oil_00037,Oil,0,0.0701006413157821,701,-0.6527519226074219,2.0887720584869385,3.515209197998047,2.015334337155842,5.073558990173051,0.6050927924039706,blob,0.2568950653076172,1.7211743593215942
Oil_00037,Oil,0,0.1080009880471393,1080,-0.9250144958496094,2.181394577026367,3.624298095703125,2.267435782310039,4.9601963667254125,0.5353159851301115,blob,-0.31815528869628906,1.8096498250961304
Oil_00037,Oil,0,0.289202645770673,2892,-0.6462001800537109,2.0668063163757324,4.5904388427734375,1.3220836491950336,5.856777324853561,0.408994484514213,blob,0.1657390594482422,1.4508417844772339
Oil_00037,Oil,0,0.0826007556730898,826,-0.8453865051269531,2.11514663696289,3.823324203491211,1.513431930660004,5.688554487154162,0.356341673856773,blob,-0.35509681701660156,2.090405225753784
Oil_00037,Oil,1,0.2219020300709279,2219,-0.6822547912597656,2.040379285812378,4.171566009521484,2.1795519201606024,4.825204594312992,0.4866228070175438,blob,-1.120931625366211,4.511453628540039
Oil_00037,Oil,0,0.1192010905112871,1192,-0.6950836181640625,2.169980764389038,3.947086334228516,1.6573069304771988,4.873419085770784,0.5131295738269479,blob,0.24857711791992188,1.6140358448028564
Oil_00037,Oil,0,0.050400461088665,504,-0.64886474609375,2.122296094894409,4.059276580810547,1.214768629596562,4.343095198490907,0.560622914349277,blob,-0.08734512329101562,1.6679975986480713
Oil_00037,Oil,0,0.074200678824979,742,-0.7599220275878906,2.200620651245117,3.46829605102539,2.345627723126356,5.02788363130171,0.5129623228482544,blob,0.6895427703857422,1.4911534786224365
Oil_00037,Oil,0,0.1247011408285025,1247,-0.787353515625,2.154796600341797,3.842741012573242,1.2739490590147218,5.518618979482451,0.3291974656810982,blob,-0.07346343994140625,2.0548858642578125
Oil_00037,Oil,0,0.4496041132036466,4496,-0.8524494171142578,2.028958797454834,4.788312911987305,1.809909585931017,5.9990081339292445,0.4440274554342995,blob,0.07368087768554688,1.355778455734253
Oil_00037,Oil,0,0.1494013667985427,1494,-0.840972900390625,2.000199317932129,3.790359497070313,1.6889545134903534,6.476328885614572,0.4353781145271747,blob,-0.061153411865234375,1.493512511253357
Oil_00037,Oil,0,0.0678006202740374,678,-0.9086055755615234,2.244223356246948,3.634811401367188,1.259437845322345,4.638111619112424,0.4081878386514148,blob,0.07661628723144531,1.5407286882400513
Oil_00037,Oil,0,0.0511004674926742,511,-0.7460956573486328,2.1241743564605717,3.772546768188477,1.450960771066115,5.850662896510757,0.7481698389458272,blob,0.37037086486816406,1.7689660787582397
Oil_00037,Oil,0,0.0668006111254528,668,-0.6525955200195312,1.9844346046447756,3.212078094482422,1.5050717516404415,4.1642286320215405,0.7586598523566156,blob,-0.24414634704589844,1.9655731916427612
Oil_00037,Oil,0,0.87210797848065,8721,-0.9376087188720704,2.0892539024353027,4.939031600952148,1.640690739557152,5.850401652230048,0.3696827112608889,blob,-0.13463401794433594,1.710569143295288
Oil_00037,Oil,0,0.1454013302042042,1454,-0.7294750213623047,2.102108955383301,4.18077278137207,2.208675569177092,5.63276465794863,0.5067084857989197,blob,0.07434272766113281,1.7004634141921997
Oil_00037,Oil,0,0.2312021151527649,2312,-0.6036167144775391,2.0295164585113525,3.3662052154541016,1.7891762436432908,4.820097573507533,0.6752336448598131,blob,-0.24158668518066406,2.112642288208008
Oil_00037,Oil,0,0.1223011188718994,1223,-0.8698825836181641,2.0197503566741943,3.7583980560302734,1.5804886927095538,5.218785813165922,0.5561618917689859,blob,-0.24398040771484375,2.1113457679748535
Oil_00037,Oil,0,0.1049009596865269,1049,-0.7716712951660156,2.258413314819336,3.7932567596435542,1.425758485869654,5.065122762050667,0.4639540026536931,blob,-0.0031948089599609375,1.9073460102081299
Oil_00037,Oil,0,0.8764080178195639,8764,-0.8437232971191406,2.054896354675293,4.522373199462891,1.420583860374817,6.240441335596216,0.4848954298993028,blob,-0.029140472412109375,1.6201741695404053
Oil_00037,Oil,0,0.1100010063443085,1100,-1.129133224487305,2.0608184337615967,3.689760208129883,1.6752540590025196,5.901538703342107,0.5926724137931034,blob,0.10248184204101562,1.5934514999389648
Oil_00037,Oil,0,0.5761052704996015,5761,-0.9276371002197266,2.046551465988159,4.354927062988281,2.015945833836525,6.0394148742882185,0.3938606686265126,blob,-0.08690643310546875,1.8784652948379517
Oil_00037,Oil,0,0.0676006184443205,676,-1.125078201293945,2.119053602218628,4.297866821289063,1.990782296879643,7.37128205952724,0.7703703703703704,blob,-0.2604217529296875,1.4884592294692993
Oil_00037,Oil,0,0.1185010841072778,1185,-0.7498054504394531,2.1819510459899902,3.883981704711914,1.6960057099601027,4.602533832893562,0.6038216560509554,blob,-0.1164398193359375,1.8488091230392456
Oil_00037,Oil,0,0.1094010008551577,1094,-0.5810661315917969,2.0866541862487797,3.3253135681152344,1.126566286536282,4.840342991473735,0.6433401940605704,blob,-0.58416748046875,2.2618117332458496
Oil_00037,Oil,0,0.1295011847417087,1295,-0.8471870422363281,2.116347551345825,3.520528793334961,1.519603945336146,4.646875467927877,0.4666666666666667,blob,-0.10357475280761719,1.5219205617904663
Oil_00037,Oil,0,0.0594005434259266,594,-1.0135345458984375,2.284484386444092,3.5611019134521484,1.545494379061891,6.047775422864351,0.4653349001175088,blob,0.5500011444091797,1.2604094743728638
Oil_00037,Oil,0,0.0589005388516343,589,-1.2331466674804688,2.056255578994751,3.969547271728516,2.2310929922604665,6.360604214065105,0.7796161482461945,blob,0.10514259338378906,1.3831877708435059
Oil_00037,Oil,0,0.0918008398400684,918,-0.8086471557617188,2.0616886615753174,3.5686492919921875,1.3247552446516424,6.04787907342599,0.5500299580587178,blob,0.18248748779296875,1.4460608959197998
Oil_00037,Oil,0,0.1740015918537244,1740,-0.6741104125976562,2.0810470581054688,3.714187622070313,1.9149590788800968,5.202468708491305,0.391847764891341,blob,0.3469390869140625,1.6011258363723755
Oil_00038,Oil,0,1.1675106809725475,11675,-0.7106838226318359,2.0448482036590576,4.185760498046875,1.7249590172417577,5.526034956360928,0.3654547446512137,blob,-0.06369972229003906,1.5891966819763184
Oil_00038,Oil,0,0.2129019477336663,2129,-0.6496200561523438,1.9517974853515625,3.7475414276123047,1.86288815823057,4.9803236907819,0.7223070398642918,blob,0.4228515625,1.5721850395202637
Oil_00038,Oil,0,0.062300569956822,623,-1.067831039428711,2.059981107711792,3.204355239868164,2.172848423719992,5.476063611467096,0.5293118096856415,blob,0.19367408752441406,1.2870886325836182
Oil_00038,Oil,0,0.0854007812891268,854,-0.9481925964355468,2.058101177215576,3.5421104431152344,1.2606037091229363,4.807623963608966,0.4286072772898369,blob,0.0527496337890625,1.594923734664917
Oil_00038,Oil,0,0.082200752013656,822,-0.8668670654296875,2.022104501724243,3.2172679901123047,1.279151232549264,4.361588962154466,0.6898866974402015,blob,-0.12189292907714844,1.6476726531982422
Oil_00038,Oil,0,1.4642133953576055,14642,-0.7397117614746094,2.006356239318848,4.765773773193359,2.1582001011813507,5.610896143690197,0.4167057986481679,blob,0.04261207580566406,1.4237102270126343
Oil_00038,Oil,0,0.2419022130426203,2419,-0.7734146118164062,2.057094097137451,3.8167572021484375,1.184028317478971,5.163392739635779,0.5886360871152209,blob,-0.7444591522216797,2.385280132293701
Oil_00038,Oil,0,0.0732006696763944,732,-0.8229484558105469,1.965078592300415,3.687061309814453,1.7656120988128303,5.51298632554476,0.7883683360258481,blob,-0.3804759979248047,1.7774571180343628
Oil_00038,Oil,0,0.1636014967084443,1636,-0.3388042449951172,2.013592481613159,4.37091064453125,1.6792612496592365,7.629347533894082,0.6391873412775932,blob,0.107269287109375,1.6258217096328735
Oil_00038,Oil,0,0.1044009551122346,1044,-0.8125476837158203,2.164580821990967,3.46112060546875,1.7077018602838308,5.361324886224845,0.4100549882168107,blob,-0.1811504364013672,1.2414597272872925
Oil_00038,Oil,0,0.0691006321671974,691,-0.9297561645507812,2.097869634628296,3.717090606689453,2.4169895995454844,5.737409480262074,0.6284674852205548,blob,0.17815589904785156,1.1900100708007812
Oil_00038,Oil,0,0.0653005974025759,653,-1.180755615234375,2.1602511405944824,3.5847396850585938,3.467160425004287,4.388129209479116,0.4381080174438108,linear,0.03346443176269531,2.3506288528442383
Oil_00038,Oil,0,0.1003009176030377,1003,-0.7054710388183594,1.992075562477112,3.947772979736328,1.742631350951869,5.6793775265027335,0.5606484069312465,blob,-0.4145317077636719,1.7520091533660889
Oil_00038,Oil,0,0.4407040317812435,4407,-0.4555854797363281,1.9786953926086424,5.053228378295898,1.6475971997048549,5.261760017899958,0.4797779108377333,blob,0.31658363342285156,1.6598743200302124
Oil_00038,Oil,0,0.0869007950120037,869,-1.0798606872558594,2.0118446350097656,3.20852279663086,1.5399201905031212,4.616820512148867,0.4751230180426462,blob,0.2626838684082031,1.4516593217849731
Oil_00038,Oil,0,0.0614005617230958,614,-0.9599170684814452,2.078007698059082,3.745361328125,1.6102357003906622,4.638480567293203,0.7786937222574508,blob,-0.6893749237060547,2.6769297122955322
Oil_00038,Oil,0,0.2461022514666758,2461,-0.7285804748535156,1.987276911735535,3.478137969970703,3.155893242702579,4.954271671581399,0.5200211304807184,linear,-0.18395042419433594,2.2575035095214844
Oil_00038,Oil,0,0.1065009743242623,1065,-0.6082420349121094,2.126870632171631,3.9390716552734375,1.7786480045470927,4.54625000909637,0.4198698994677705,blob,0.23787307739257812,1.652349829673767
Oil_00038,Oil,0,0.0533004876195604,533,-0.7559356689453125,2.014211416244507,3.502826690673828,1.6186952344295849,5.366565839219904,0.4275972723626153,blob,-0.07477188110351562,1.8332430124282837
Oil_00039,Oil,0,0.0585005351922006,585,-0.9703483581542968,1.971871018409729,3.179180145263672,2.232877137782605,4.407116159203616,0.5419175544233441,blob,-0.30773162841796875,1.406684160232544
Oil_00040,Oil,0,0.0781007145044593,781,-0.7297344207763672,2.1271893978118896,3.972087860107422,1.6291736948397777,4.386672605250637,0.6200873362445415,blob,0.8050403594970703,0.0
Oil_00040,Oil,0,0.0542004958532867,542,-1.0174446105957031,2.070963144302368,3.403282165527344,1.6398135354580652,5.150707181219846,0.3027087405752583,blob,-0.23566436767578125,1.949114203453064
Oil_00040,Oil,0,0.0593005425110683,593,-1.050933837890625,2.1729891300201416,3.64541244506836,1.2099603567889,4.812079884999801,0.5167755991285403,blob,-0.07109642028808594,2.4718761444091797
Oil_00040,Oil,1,0.1143010456832227,1143,-0.9264030456542968,1.996745467185974,3.668354034423828,2.5353490627327324,4.110374418562414,0.5845052416261826,blob,-4.223581314086914,6.684807777404785
Oil_00041,Oil,0,0.2268020748989929,2268,-0.5321159362792969,1.9681639671325684,3.779098510742188,2.432702379830122,4.258644982787205,0.6079613992762364,blob,0.0081329345703125,1.868359088897705
Oil_00041,Oil,0,0.0551005040870128,551,-0.6669082641601562,1.9792972803115845,3.652210235595703,2.41235118769703,4.4960557027171175,0.6018569087930092,blob,0.26308250427246094,1.9976886510849
Oil_00041,Oil,0,0.0546004995127205,546,-1.0400505065917969,2.1455719470977783,3.36233901977539,1.7198908177145549,4.706452085511442,0.4328180737217598,blob,0.2774543762207031,1.3795076608657837
Oil_00041,Oil,0,0.0594005434259267,594,-0.9017601013183594,2.0898594856262207,3.4172840118408203,3.2651186245968127,4.978831404445254,0.4796124343964473,linear,-0.06371307373046875,2.832465171813965
Oil_00041,Oil,0,0.110501010918601,1105,-0.7736625671386719,1.9284584522247317,3.4900779724121094,1.7981489224608906,4.215124515170718,0.8339622641509434,blob,-0.1594390869140625,2.7796924114227295
Oil_00042,Oil,0,0.2070018937570176,2070,0.0697689056396484,4.880701065063477,9.156475067138672,2.0009940236437807,6.502557597675176,0.5375227213710725,blob,-0.20531463623046875,4.987710475921631
Oil_00042,Oil,0,0.0641005864242745,641,-0.7166271209716797,1.9805350303649905,3.54231071472168,1.6460292664134333,5.69431640775344,0.7001638448935008,blob,0.2953014373779297,1.0632232427597046
Oil_00042,Oil,0,0.100100915773321,1001,-0.6381511688232422,1.917706847190857,3.4473953247070312,1.4007303952731625,3.863211016958664,0.4691820951488165,blob,-0.2691230773925781,1.8821804523468018
Oil_00042,Oil,0,0.0618005653825299,618,-0.8264026641845703,1.8844468593597408,3.063056945800781,1.8569914261585383,5.122986408982054,0.4449244060475162,blob,-0.6631736755371094,1.0368298292160034
Oil_00042,Oil,0,2.2715207810099782,22715,0.0635223388671875,4.283079624176025,8.487136840820312,3.680432206672645,6.643348557478453,0.7554417413572343,linear,0.5800895690917969,2.7296390533447266
Oil_00042,Oil,1,0.0843007712256839,843,-0.7981986999511719,1.950134515762329,3.261127471923828,1.471262485232263,4.616654435247472,0.5407312379730597,blob,0.12586593627929688,3.4801785945892334
Oil_00043,Oil,0,0.0538004921938528,538,-0.8415012359619141,2.028853178024292,3.308948516845703,1.20858648093232,4.9756268160456365,0.5560723514211886,blob,0.20720481872558594,1.5877901315689087
Oil_00043,Oil,0,0.3668033557008405,3668,0.0819034576416015,3.0414814949035645,5.612222671508789,3.6954004971387167,5.08346048418144,0.7560548284035865,linear,0.27353668212890625,3.5243523120880127
Oil_00044,Oil,0,0.0716006550386591,716,-0.7932395935058594,1.872413158416748,3.570396423339844,1.8871942327914897,4.4520833643874695,0.549079754601227,blob,0.7470073699951172,1.2762372493743896
Oil_00044,Oil,0,0.0505004620035235,505,-0.7305908203125,1.90098774433136,3.2172107696533203,1.6147312309006945,4.873925468597998,0.6764902880107166,blob,0.5169639587402344,1.5483040809631348
Oil_00045,Oil,0,0.0962008800938408,962,-0.8794460296630859,2.616117238998413,3.949899673461914,1.6648741819550985,5.838615558515476,0.5195787199567918,blob,0.026416778564453125,1.4223650693893433
Oil_00046,Oil,0,0.1090009971957243,1090,-0.6508102416992188,2.3609015941619877,3.818193435668945,1.2296713688921546,4.858869841882479,0.5414803775459514,blob,0.2987251281738281,2.1129019260406494
Oil_00046,Oil,0,0.0631005772756899,631,-1.5403938293457031,2.390541076660156,3.7118091583251953,1.4767072714830696,7.021992162447443,0.6380182002022244,blob,0.09981536865234375,1.338486671447754
Oil_00046,Oil,0,0.0904008270320503,904,-1.3201675415039062,2.4593937397003174,4.40069580078125,1.684533225250647,5.996255132369904,0.425211665098777,blob,0.0449371337890625,2.060176134109497
Oil_00046,Oil,0,0.0796007282273363,796,-1.1679115295410156,2.2059810161590576,3.8924293518066406,1.1599410129111525,5.856583729221812,0.602345819144911,blob,0.29981040954589844,1.4896743297576904
Oil_00046,Oil,1,0.0768007026112993,768,-0.873687744140625,2.3288497924804688,3.7321510314941406,3.651705343685758,5.698195241410779,0.5880551301684533,linear,-0.6437053680419922,2.029298782348633
Oil_00046,Oil,1,0.0650005946580007,650,-1.227325439453125,2.441087245941162,3.7689743041992183,1.6376948670432263,5.672505285259513,0.4273504273504273,blob,-0.3077678680419922,3.585326671600342
Oil_00046,Oil,0,0.1759016092360359,1759,-1.157958984375,2.2798099517822266,5.116931915283203,1.7548483674409845,5.678819838780042,0.6715021950753961,blob,0.554473876953125,3.477628231048584
Oil_00046,Oil,0,0.0756006916329978,756,-0.907634735107422,2.293685913085937,3.902900695800781,1.7144429023616816,5.06466912525219,0.593872741555381,blob,-0.39341163635253906,2.4764206409454346
Oil_00046,Oil,0,0.054900502257296,549,-0.8084831237792969,2.341786623001098,3.5053672790527344,1.820087020582252,5.189783523566105,0.5387634936211972,blob,0.1664142608642578,1.6370210647583008
Oil_00046,Oil,0,0.0589005388516345,589,-0.8955612182617188,2.2666497230529785,3.933765411376953,1.7310587330902136,4.901896740674853,0.7649350649350649,blob,-0.21456527709960938,2.367335557937622
Oil_00046,Oil,0,0.0553005059167298,553,-0.8370494842529297,2.371272087097168,3.9810943603515625,2.347390187203357,5.560748714565679,0.7049075844486934,blob,-0.37604713439941406,3.060476303100586
Oil_00046,Oil,1,0.0886008105645979,886,-0.8146038055419922,2.360193490982056,3.9459762573242183,1.7410924673192645,4.226126340072847,0.5675848814862268,blob,-0.18441200256347656,4.365457534790039
Oil_00046,Oil,0,0.104400955112235,1044,-0.5190677642822266,2.3053171634674072,3.609277725219727,3.085541650877415,4.76296415766132,0.506427358719379,linear,-0.3489189147949219,3.315945625305176
Oil_00046,Oil,1,0.0784007172490347,784,-0.7755947113037109,2.438464879989624,3.971038818359375,1.98150565154997,5.012725810988046,0.7382297551789078,blob,-0.6296958923339844,4.248691082000732
Oil_00046,Oil,1,0.0765006998667239,765,-0.6809711456298828,2.238811016082764,3.517127990722656,1.3866401812288518,5.188275978637357,0.4200988467874794,blob,-0.065673828125,4.884397506713867
Oil_00046,Oil,0,0.0700006404009239,700,-0.9908332824707032,2.28905725479126,4.433233261108398,1.85779311384569,5.177039451432477,0.8134805345729227,blob,0.6718959808349609,2.0447123050689697
Oil_00046,Oil,1,0.0766007007815824,766,-0.6859073638916016,2.3292527198791504,4.339439392089844,2.3877887975019867,5.826481337357243,0.8033560566334557,blob,-0.4467906951904297,3.8634233474731445
Oil_00047,Oil,0,0.0680006221037545,680,-0.7040309906005859,1.8802610635757449,3.707931518554688,1.520409610562851,4.274503742645342,0.5512768544791244,blob,0.12131118774414062,1.6172963380813599
Oil_00047,Oil,0,0.1491013640539676,1491,-0.6716461181640625,1.8563449382781985,3.4531116485595703,3.190040704617966,4.453041175953616,0.4442127215849843,linear,0.25077056884765625,1.3750189542770386
Oil_00048,Oil,0,0.0577005278733329,577,-1.0312118530273438,2.240450382232666,3.507022857666016,1.3318095877052003,5.581419545631664,0.4572107765451664,blob,0.07315254211425781,1.7322410345077515
Oil_00048,Oil,0,0.0606005544042283,606,-1.021331787109375,2.22085189819336,3.552448272705078,1.8400248277673596,5.388006591988245,0.4275132275132275,blob,0.21753692626953125,1.2569688558578491
Oil_00048,Oil,0,0.0636005818499822,636,-1.071319580078125,2.278224229812622,3.8108177185058594,1.3903154098544577,4.717312078344252,0.6408060453400504,blob,0.44145965576171875,1.8864045143127441
Oil_00048,Oil,0,0.0589005388516345,589,-0.9074783325195312,2.306821346282959,3.2640609741210938,1.5560640539514288,4.609399926716932,0.5843253968253969,blob,0.2960224151611328,1.2849347591400146
Oil_00048,Oil,0,0.1088009953660074,1088,-0.9442214965820312,2.3359317779541016,4.525821685791016,1.3127083382677456,4.758728187072164,0.3722203215874102,blob,-0.17844390869140625,2.0573313236236572
Oil_00048,Oil,0,0.0888008123943148,888,-0.5753173828125,2.247755765914917,4.40947151184082,1.4908707894122946,4.58840486812065,0.5933845639826262,blob,-0.09228324890136719,1.966522216796875
Oil_00048,Oil,0,0.1148010502575151,1148,-0.820892333984375,2.3196685314178467,3.8589839935302734,1.645504837085187,4.499393713734162,0.4832666806988002,blob,0.09825897216796875,1.7088874578475952
Oil_00048,Oil,0,0.0583005333624837,583,-0.9099235534667968,2.453453063964844,4.039915084838867,3.5647675095969915,6.810138274227558,0.7546925566343042,linear,0.05130958557128906,1.8793176412582397
Oil_00048,Oil,0,0.171401568067405,1714,-0.5910377502441406,2.1925957202911377,4.238027572631836,2.116739575675796,5.107653777234842,0.595655951346655,blob,0.14498519897460938,1.498348593711853
Oil_00048,Oil,0,0.1401012817167062,1401,-0.688232421875,2.252633810043335,3.79084587097168,1.750484615564784,4.207455537570724,0.5733578882750153,blob,0.3942413330078125,1.5742347240447998
Oil_00048,Oil,0,0.0631005772756899,631,-0.6141891479492188,2.1735875606536865,3.65226936340332,1.2623757696776468,4.730306849526098,0.6235177865612648,blob,0.41060829162597656,1.2393954992294312
Oil_00048,Oil,1,0.2504022908055905,2504,-0.7437057495117188,2.230214834213257,3.661741256713867,1.1248322749538573,4.523964971852751,0.4909322615429859,blob,-1.465749740600586,3.8741345405578613
Oil_00049,Oil,1,0.7502068632681871,7502,-0.7512741088867188,2.1524651050567627,4.280513763427734,2.675330864644557,4.420553029995086,0.4501109977800444,blob,-0.4824810028076172,3.152357339859009
Oil_00049,Oil,0,0.1359012432926508,1359,-0.9606781005859376,2.212482690811157,3.513740539550781,2.096110970590649,4.153074732261539,0.387345019238991,blob,0.05706977844238281,1.5896410942077637
Oil_00049,Oil,0,0.0506004629183821,506,-1.0570144653320312,2.378779411315918,3.883743286132813,1.5572094463175865,4.916865533852898,0.826797385620915,blob,0.45696067810058594,1.153077483177185
Oil_00049,Oil,0,0.052100476641259,521,-0.8696632385253906,2.13482666015625,3.555118560791016,1.6835627204125283,4.501839112273558,0.5362840967575914,blob,-0.4012184143066406,1.831965446472168
Oil_00049,Oil,0,0.0935008553926626,935,-1.0149688720703125,2.343003273010254,3.8288345336914062,2.383854331294275,4.589888608087553,0.4437588989084006,blob,-0.008977890014648438,1.739634394645691
Oil_00049,Oil,0,0.0586005361070591,586,-0.8692474365234375,2.2030739784240723,3.7059402465820312,1.856052253143392,4.047131986511785,0.5799109351806037,blob,-0.24283981323242188,1.88784658908844
Oil_00049,Oil,0,0.0545004985978621,545,-1.048126220703125,2.321741819381714,3.695514678955078,1.6170013027219703,5.72404650435824,0.7944606413994169,blob,-0.13712310791015625,1.4197711944580078
Oil_00049,Oil,0,0.0680006221037546,680,-0.4534244537353515,1.9517163038253784,4.090314865112305,1.620316009848953,5.567932449111379,0.8656906429026098,blob,-0.1815204620361328,2.4098973274230957
Oil_00053,Oil,0,0.0745006815695545,745,-0.9675064086914062,2.2404747009277344,3.565042495727539,1.977489722300832,4.909069164566538,0.4549618320610687,blob,-0.25836944580078125,2.2381327152252197
Oil_00053,Oil,0,0.0767007016964407,767,-0.7060279846191406,2.079375505447388,3.499269485473633,1.749361717233607,4.911938998944856,0.6549957301451751,blob,-0.28789329528808594,2.1536738872528076
Oil_00053,Oil,0,0.0620005672122467,620,-0.976593017578125,2.217674493789673,3.451509475708008,2.58974703874298,4.269776976316165,0.5714285714285714,blob,-0.2270050048828125,2.224093437194824
Oil_00053,Oil,0,0.0547005004275789,547,-1.0415115356445312,2.166205644607544,4.378505706787109,1.8036201370752825,5.164266933998436,0.5763962065331928,blob,-0.3311958312988281,2.135831117630005
Oil_00055,Oil,0,0.284502602772326,2845,-0.2763957977294922,2.175705671310425,5.208017349243164,2.261946368479894,5.39844111645908,0.5300912986771008,blob,-0.11096763610839844,1.9617290496826172
Oil_00056,Oil,0,0.0696006367414899,696,-0.9690780639648438,1.981493353843689,3.156412124633789,2.7431175258776537,4.884856648504814,0.553479125248509,blob,-0.015625,1.7119606733322144
Oil_00058,Oil,0,0.0517004729818251,517,-0.9579792022705078,2.1425251960754395,3.170614242553711,1.3214176559583592,4.588855178175826,0.4009305932531989,blob,-0.19765472412109375,2.1015305519104004
Oil_00060,Oil,0,0.1283011737634075,1283,-0.7017955780029297,1.9443103075027464,5.100822448730469,2.754692657526583,4.470059472908607,0.5908358277688234,blob,-0.3594493865966797,3.108856678009033
Oil_00060,Oil,0,0.0598005470853606,598,-0.936513900756836,2.063612461090088,3.299470901489258,2.273289576968105,4.500786605526274,0.4421441774491682,blob,0.3361797332763672,2.076328754425049
Oil_00062,Oil,0,0.0503004601738066,503,-0.7126579284667969,1.9944466352462769,2.9325408935546875,2.4675878580038404,4.872979380872139,0.7762345679012346,blob,-0.09502220153808594,2.397282600402832
Oil_00062,Oil,0,0.1274011655296813,1274,-0.6416015625,1.8389885425567627,3.431381225585937,1.4538501402812771,4.290080901708757,0.5793542519326966,blob,0.2158069610595703,2.4593632221221924
Oil_00062,Oil,0,0.092100842584644,921,-0.5732040405273438,1.9703845977783203,3.4332008361816406,1.3253173836223195,4.580922324672029,0.6799557032115172,blob,0.3524971008300781,2.3270890712738037
Oil_00062,Oil,0,0.0571005223841821,571,-0.6643466949462891,2.032125473022461,3.4079360961914062,1.4392844163743406,4.7927576407294925,0.6016859852476291,blob,0.30959129333496094,2.277604103088379
Oil_00062,Oil,0,0.1546014143711832,1546,-0.7169647216796875,1.995523691177368,4.044498443603516,1.5027871900794267,4.927386150692081,0.3951437699680511,blob,0.12206459045410156,2.4448769092559814
Oil_00062,Oil,0,0.085600783118844,856,-0.7763175964355469,1.9849073886871336,3.349506378173828,1.5476457379829964,4.618967362716752,0.4738444505950733,blob,-0.012895584106445312,2.806102991104126
Oil_00062,Oil,0,0.1473013475865154,1473,-0.7745323181152344,2.092266082763672,3.64312744140625,1.5450741145567075,4.839687505958362,0.4688842909438167,blob,-0.27355384826660156,2.4495058059692383
Oil_00063,Oil,0,0.0808007392056378,808,-0.7258396148681641,1.9384515285491943,3.5830955505371094,3.2517611004278857,4.429996261416952,0.696852091418715,linear,0.36275291442871094,2.3037476539611816
Oil_00063,Oil,0,0.0503004601738066,503,-0.7791500091552734,2.039528608322144,3.2540321350097656,1.3262904813484089,5.265202503660285,0.6622778143515471,blob,-0.018688201904296875,2.2810299396514893
Oil_00063,Oil,0,0.0501004583440897,501,-0.9695148468017578,2.094335556030273,3.418058395385742,1.154822238754027,4.82639679157448,0.542795232936078,blob,-0.10815811157226562,2.5898141860961914
Oil_00064,Oil,0,0.0880008050754471,880,-1.0323219299316406,1.9267460107803345,3.268033981323242,1.270987033657214,5.365552624204591,0.5559065066329754,blob,-0.12362289428710938,3.114323616027832
Oil_00064,Oil,0,0.0556005086613052,556,-0.9977169036865234,1.89966082572937,3.254364013671875,2.070496943071088,4.937092601713442,0.6321773735076748,blob,-0.2169780731201172,2.3577561378479004
Oil_00067,Oil,1,0.1541014097968907,1541,-0.5092048645019531,1.685328245162964,3.5060253143310547,1.9465954554946416,5.459338625384474,0.4402857142857143,blob,0.23752784729003906,0.82958984375
Oil_00069,Oil,0,0.2095019166284796,2095,1.4404144287109375,2.539279699325561,7.6626434326171875,1.4985748715362808,9.720787862724022,0.7754950953174162,blob,1.7099781036376953,3.0405170917510986
Oil_00069,Oil,0,0.0696006367414901,696,-0.7139148712158203,2.128060102462769,3.195810317993164,1.700560704257532,3.691981211883875,0.7690607734806629,blob,0.07858085632324219,2.00996732711792
Oil_00069,Oil,0,0.0647005919134254,647,-0.6380805969238281,2.079500913619995,4.012966156005859,1.8787563878868412,5.480706283345579,0.6868365180467091,blob,0.2596626281738281,1.6938072443008423
Oil_00069,Oil,0,0.0531004857898437,531,-0.626556396484375,2.135098934173584,3.53901481628418,3.184975546627885,3.8555596697921968,0.6156521739130435,linear,0.1651287078857422,1.7758821249008179
Oil_00069,Oil,0,0.1507013786917035,1507,-0.7083778381347656,2.178581953048706,3.3674259185791016,3.153586559594579,4.229239273318403,0.5696465696465697,linear,-0.1984882354736328,1.9466463327407837
Oil_00069,Oil,0,0.0520004757264006,520,-0.6768932342529297,2.2642226219177246,3.9137191772460938,1.6448733701971687,4.418512840099908,0.692871419053964,blob,0.09959793090820312,1.5993884801864624
Oil_00069,Oil,0,0.0573005242138992,573,-0.7784824371337891,2.316115379333496,4.228647232055664,1.881424774576841,3.4498257175298663,0.6105487480021311,blob,-0.39536476135253906,2.5156071186065674
Oil_00072,Oil,1,0.1051009615162443,1051,-0.7399749755859375,1.9430692195892332,3.269500732421875,1.917963345290884,4.341880866176039,0.3229870928088506,blob,1.5981025695800781,6.707825660705566
Oil_00072,Oil,1,0.1157010584912413,1157,-0.7124137878417969,1.902819395065308,3.3301925659179688,1.8223413072331192,4.785992911729516,0.6133050622846541,blob,-0.03673553466796875,9.731331825256348
Oil_00072,Oil,1,0.0507004638332406,507,-0.5854301452636719,1.9718132019042969,3.85405158996582,1.2879318763492922,4.051013742908292,0.7140845070422536,blob,0.17230796813964844,9.073015213012695
Oil_00072,Oil,0,0.7792071285771416,7792,-0.3168983459472656,2.195127010345459,4.505256652832031,1.8955263272600968,4.257340919955776,0.2762483824650346,blob,0.23015785217285156,3.1656033992767334
Oil_00072,Oil,0,0.3117028516138283,3117,-0.1471271514892578,3.882513999938965,6.603937149047852,4.141676083220337,4.728070739378073,0.9171693394144476,linear,0.16907882690429688,1.9615790843963623
Oil_00072,Oil,0,0.2964027116404835,2964,-0.8161163330078125,1.92232346534729,3.871509552001953,2.054943222604695,4.715195862492464,0.4348910571491453,blob,-0.012590408325195312,2.1186885833740234
Oil_00072,Oil,0,0.1001009157733211,1001,-0.7320194244384766,1.892187237739563,3.177165985107422,1.4894393865276148,4.30020275418604,0.5350080171031534,blob,-0.4717254638671875,2.0276927947998047
Oil_00072,Oil,0,0.0661006047214438,661,-0.6506633758544922,1.8946818113327024,3.071514129638672,2.4659194971321106,4.583945848206351,0.7646038172353962,blob,-0.36812591552734375,2.6532464027404785
Oil_00074,Oil,0,0.0914008361806348,914,-0.7922134399414062,1.817495584487915,3.5908355712890625,2.033097394186523,5.281272853973514,0.7312,blob,0.016492843627929688,1.947409987449646
Oil_00074,Oil,0,0.1727015799605648,1727,-0.12158203125,2.1709203720092773,4.285366058349609,8.801756047136909,3.501796723208438,0.5539695268644748,linear,0.1969451904296875,1.9715315103530884
Oil_00075,Oil,0,0.1173010731289766,1173,-0.5047416687011719,1.712015986442566,3.225532531738281,1.4727041554475782,3.9108119290407455,0.6733639494833524,blob,0.3602561950683594,1.857589602470398
Oil_00075,Oil,0,0.0645005900837083,645,-0.7552871704101562,1.8114734888076784,3.03409194946289,1.8559971823440604,5.117511676876249,0.8817498291182502,blob,0.14825820922851562,1.8456014394760132
Oil_00075,Oil,0,0.1400012808018476,1400,-0.6367053985595703,1.7889072895050049,3.1359939575195312,1.6153101599556972,4.084024224274415,0.5311077389984825,blob,0.3295249938964844,1.3786838054656982
Oil_00075,Oil,1,0.0610005580636622,610,-0.5668067932128906,1.8591753244400024,3.32490348815918,1.599684434972687,4.37214879228898,0.6196038598273235,blob,0.7261371612548828,3.3205316066741943
Oil_00075,Oil,0,7.080464775638587,70804,-1.3949470520019531,2.10872745513916,4.572208404541016,2.0532520650906454,4.71757419519119,0.8789522686363355,blob,0.4340782165527344,2.148242473602295
Oil_00075,Oil,1,0.1124010283009119,1124,-0.701019287109375,1.801290512084961,3.120016098022461,1.1999317209484814,3.8762251262801,0.6346696781479391,blob,-0.40152931213378906,3.9010021686553955
Oil_00076,Oil,0,0.0582005324476251,582,-0.7225532531738281,1.8596042394638064,3.4778060913085938,1.266128057187582,4.740792079040606,0.919431279620853,blob,2.802459716796875,3.389744758605957
Oil_00077,Oil,0,0.0623005699568221,623,-0.6953163146972656,2.529813766479492,4.24652099609375,4.1508695065405785,5.238539349253643,0.7821720025109855,linear,-0.3198432922363281,2.252044439315796
Oil_00077,Oil,0,0.0529004839601266,529,-0.9431476593017578,2.666369676589966,4.738916397094727,1.8567333929019492,5.248939562070529,0.5987549518958687,blob,0.007993698120117188,1.3375577926635742
Oil_00077,Oil,0,0.0939008590520963,939,-0.9426155090332032,2.450134515762329,4.246129989624023,2.296249830679621,4.942362182342182,0.5228285077951003,blob,-0.022396087646484375,1.393863558769226
Oil_00077,Oil,0,0.0508004647480989,508,-0.8833942413330078,2.451624631881714,3.681320190429688,1.575946960537507,4.82249074374174,0.6706270627062706,blob,0.14953041076660156,1.4966692924499512
Oil_00077,Oil,0,0.1114010191523272,1114,-0.8823699951171875,2.518604278564453,4.340648651123047,2.386652091203576,5.399872070606595,0.6087431693989072,blob,-0.4625701904296875,1.8771418333053589
Oil_00077,Oil,0,0.2205020172629098,2205,-0.4926071166992187,2.468470573425293,3.876195907592773,1.3142147556033172,4.660011119010227,0.5899665551839465,blob,-0.025629043579101562,2.2728917598724365
Oil_00077,Oil,0,0.4531041452236936,4531,-0.603851318359375,2.4666638374328613,4.412372589111328,1.946678238247477,5.047698382859935,0.3910079392474974,blob,-0.2504844665527344,2.0285885334014893
Oil_00077,Oil,0,0.0641005864242744,641,-0.9069328308105468,2.4494473934173584,3.970714569091797,1.1117161745946218,4.1149570235272535,0.7783849423193685,blob,-0.1929931640625,1.8415340185165405
Oil_00077,Oil,0,0.1370012533560936,1370,-0.8000774383544922,2.45853853225708,5.329872131347656,2.292586685151933,5.782955845898141,0.4987258827812159,blob,-0.18972396850585938,1.8785498142242432
Oil_00077,Oil,0,0.0669006120403114,669,-0.8137283325195312,2.5584752559661865,4.0088958740234375,1.883232330042781,5.9650829719665,0.6558823529411765,blob,0.24195289611816406,1.4215118885040283
Oil_00077,Oil,0,0.0661006047214437,661,-1.0405845642089844,2.6590726375579834,4.008575439453125,2.449430321498924,6.673582381195862,0.6036529680365297,blob,-0.09052658081054688,1.61838698387146
Oil_00077,Oil,0,0.0619005662973882,619,-0.9866256713867188,2.621941566467285,3.914268493652344,1.4643066058346197,6.3432389579267765,0.6606189967982924,blob,-0.1754283905029297,1.4555222988128662
Oil_00077,Oil,1,0.0584005342773421,584,-0.8403778076171875,2.4978222846984863,3.7717552185058594,1.253282900084081,4.648378914884166,0.6183165696135522,blob,-0.11646461486816406,3.2515065670013428
Oil_00077,Oil,1,0.0538004921938528,538,-0.8918266296386719,2.494313955307007,3.4982948303222656,2.1700460709525,4.512486514022709,0.5409753645047762,blob,0.17653656005859375,2.6455533504486084
Oil_00077,Oil,1,0.0605005534893698,605,-0.8515052795410156,2.564081907272339,3.912662506103516,1.380348574508458,5.3139894502879415,0.6551164049810504,blob,-0.12986183166503906,3.056138038635254
Oil_00077,Oil,1,0.0920008416697855,920,-0.7391586303710938,2.470767974853516,3.888490676879883,1.6281603915959109,5.455413929739692,0.5456702253855279,blob,-2.396543502807617,1.9804126024246216
Oil_00077,Oil,1,0.0929008499035116,929,-1.2049522399902344,2.675257682800293,4.025175094604492,1.4871840917327113,4.411169863772399,0.3586180274078363,blob,0.2744255065917969,1.186191201210022
Oil_00077,Oil,0,0.0689006303374806,689,-0.8468475341796875,2.5646181106567383,4.138639450073242,2.005008526900045,5.620162451608202,0.5640605812525583,blob,-0.1352672576904297,2.3883233070373535
Oil_00077,Oil,0,0.0952008709452563,952,-0.7065238952636719,2.499732732772827,4.317989349365234,1.2113816674493088,5.234848246299067,0.6015797788309637,blob,-0.2928924560546875,1.951575756072998
Oil_00077,Oil,1,0.2140019577971097,2140,-0.640594482421875,2.561395168304444,4.420589447021484,1.3159807148510112,4.694325162508941,0.4090604989008888,blob,-0.20770645141601562,2.0876083374023438
Oil_00077,Oil,1,0.2853026100911935,2853,-0.7219791412353516,2.5092673301696777,4.182817459106445,2.1519231771311342,4.484699000496672,0.4475294117647059,blob,-0.15096092224121094,1.6760694980621338
Oil_00080,Oil,0,3.6702335771352974,36702,-0.3473167419433594,2.039134979248047,4.417972564697266,3.0691171649055127,4.902408593462806,0.6755072930566419,linear,-0.2571887969970703,3.0417323112487793
Oil_00080,Oil,0,0.4547041598614298,4547,-0.6190853118896484,1.985028982162476,4.162590026855469,1.1463747590184543,4.364805615780308,0.515796041064035,blob,-0.3686561584472656,3.1559109687805176
Oil_00080,Oil,0,0.0788007209084686,788,-0.5850009918212891,2.0294952392578125,3.272647857666016,3.724838700681493,3.674095735285965,0.5329726073723369,linear,0.10120010375976562,2.8167550563812256
Oil_00080,Oil,0,0.0912008343509179,912,-0.5816440582275391,2.260382413864136,4.062801361083984,2.368500449776997,4.248776499025512,0.7882454624027658,blob,-0.08359527587890625,2.715778350830078
Oil_00080,Oil,0,0.0610005580636622,610,-0.6931953430175781,2.0629353523254395,3.240253448486328,1.6655914201767743,5.083654348653421,0.6121424987456097,blob,-0.21019935607910156,2.980985403060913
Oil_00080,Oil,0,0.0621005681271053,621,-0.7451324462890625,1.9785577058792116,3.2102527618408203,1.602262373489775,5.2862670895559205,0.6578389830508474,blob,-0.9129238128662109,3.0383286476135254
Oil_00080,Oil,0,0.1386012679938292,1386,-0.7459163665771484,2.031981945037842,3.156944274902344,1.6971383377033342,4.4285945121070265,0.2656699252443933,blob,0.3013935089111328,1.7840362787246704
Oil_00080,Oil,0,0.0515004711521082,515,-0.7056980133056641,2.0677714347839355,3.199390411376953,1.3821629442582777,4.873336414140776,0.8540630182421227,blob,-0.2213878631591797,2.950915575027466
Oil_00080,Oil,0,0.1135010383643551,1135,0.0523700714111328,2.106318950653076,3.808919906616211,3.3189402072301366,6.339484077668597,0.6381782400899635,linear,0.2154102325439453,2.3954803943634033
Oil_00080,Oil,0,1.084109917980594,10841,-0.4939517974853515,2.5687949657440186,6.228885650634766,1.2936562811147918,4.689276807012722,0.5530840263251875,blob,-0.279022216796875,2.4026541709899902
Oil_00081,Oil,0,33.53260677308426,335323,0.8259525299072266,7.089229583740234,14.806238174438477,1.7704891637778015,7.443929050348774,0.5824512341282938,blob,-0.015939712524414062,4.441756725311279
Oil_00081,Oil,0,0.1085009926214319,1085,-0.4722805023193359,2.430453300476074,4.752904891967773,1.3290929453951503,4.422131979323907,0.5706021561924797,blob,0.07321929931640625,1.5302225351333618
Oil_00081,Oil,0,0.0700006404009238,700,-0.8003158569335938,2.132735013961792,3.462711334228516,1.7394599622409932,4.655255085816424,0.6252791424743189,blob,0.014842987060546875,1.541853666305542
Oil_00081,Oil,0,0.0819007492690808,819,-0.6691474914550781,3.770484447479248,8.195499420166016,1.5021628589534046,7.94711290545325,0.9140625,blob,-0.5761146545410156,1.951610803604126
Oil_00081,Oil,0,0.0931008517332287,931,-0.8229904174804688,2.2480828762054443,3.620912551879883,1.2864876403689238,5.002088909300255,0.5671641791044776,blob,0.41745948791503906,1.127623438835144
Oil_00081,Oil,0,0.1287011774228414,1287,-0.6432609558105469,2.280400037765503,4.113428115844727,2.6226107581233657,3.8903283007407214,0.4742951907131011,blob,-0.13262367248535156,1.5258926153182983
Oil_00081,Oil,0,0.2805025661779876,2805,-0.6488380432128906,2.16299057006836,3.797800064086914,2.1571338598175243,5.176705057951981,0.5517851873709059,blob,0.08119964599609375,1.5716506242752075
Oil_00081,Oil,0,0.0565005168950313,565,-0.8422584533691406,2.3126702308654785,3.766931533813477,2.065580931780445,4.862048370946222,0.507181328545781,blob,-0.11632919311523438,1.55152428150177
Oil_00081,Oil,0,0.0516004720669667,516,-0.5810546875,2.216493368148804,3.427186965942383,1.255126503298266,3.990585245961309,0.6834437086092715,blob,0.21560096740722656,1.4519435167312622
Oil_00081,Oil,0,1.1668106745685418,11668,-0.5465354919433594,2.2385001182556152,6.501337051391602,1.2935225258504308,5.920778632051173,0.4127197481518163,blob,-0.20006561279296875,1.6491717100143433
Oil_00081,Oil,0,0.1178010777032689,1178,-0.6649436950683594,2.129035472869873,3.639913558959961,1.7713078370312465,5.049521292929193,0.5174610147155722,blob,-0.09218597412109375,1.8765246868133545
Oil_00081,Oil,0,0.3366030794135852,3366,-0.6274967193603516,2.1173062324523926,4.475605010986328,1.6685812224910888,5.080823423801782,0.4752223634053367,blob,0.10626220703125,1.5568968057632446
Oil_00082,Oil,0,0.0661006047214434,661,-1.1156139373779297,3.003591299057007,4.442222595214844,2.2776505578355044,5.700621547357639,0.6769073220686124,blob,0.054622650146484375,1.5381213426589966
Oil_00083,Oil,0,10.630997257688314,106309,-0.0943126678466796,3.0986194610595703,7.1153564453125,2.297212294356497,4.131911943561218,0.7656943244021895,blob,-0.4902915954589844,4.353769302368164
Oil_00083,Oil,0,1.964217969649925,19642,-0.4283370971679687,2.897318124771118,14.016804695129396,1.453640845789846,8.473978792339796,0.6486897075579188,blob,-0.7554340362548828,5.804712295532227
Oil_00083,Oil,0,0.6168056428469981,6168,0.1106281280517578,3.4354264736175537,5.790586471557617,15.49463865280102,3.7368570280305033,0.8294224433537283,linear,-0.31591224670410156,6.059086322784424
Oil_00083,Oil,0,0.0611005589785207,611,-0.6448612213134766,1.8244389295578003,3.440401077270508,2.688464325063776,4.126145020823665,0.8223418573351279,blob,0.4419441223144531,1.8032761812210083
Oil_00083,Oil,0,0.0605005534893699,605,-0.7021522521972656,1.8669716119766235,3.2024803161621094,2.411965795147137,3.7437887158486767,0.5612244897959183,blob,0.6639251708984375,1.3920022249221802
Oil_00083,Oil,0,0.0717006559535177,717,-0.6064167022705078,1.8794267177581787,3.570228576660156,3.940656003478527,4.313631050804434,0.7074494326591021,linear,0.699920654296875,3.1336331367492676
Oil_00083,Oil,0,0.0581005315327668,581,-0.6535968780517578,1.8766930103302,3.405826568603516,1.4448158527222974,3.988321707690652,0.6962252846015579,blob,-0.6344242095947266,3.5454959869384766
Oil_00083,Oil,0,0.0564005159801729,564,-0.8468284606933594,1.9217702150344849,3.636085510253906,1.6361610396986288,5.306005784088108,0.7315175097276264,blob,0.1578388214111328,3.067605495452881
Oil_00083,Oil,0,0.0504004610886652,504,-0.5775222778320312,1.829590082168579,3.320425033569336,1.127671293228558,3.688753790067147,0.8109412711182623,blob,0.4785728454589844,2.4688868522644043
Oil_00083,Oil,1,0.0556005086613052,556,-0.8316726684570312,1.9616039991378784,3.6154861450195312,1.1301290806874242,5.18480137666657,0.6529653552554316,blob,-0.0223236083984375,6.830747127532959
Oil_00083,Oil,0,0.2223020337303626,2223,-0.0641651153564453,2.3650963306427,4.3497467041015625,2.797393043205354,4.626989043502541,0.8253202153332095,blob,0.1867828369140625,1.4950809478759766
Oil_00084,Oil,0,2.0394186576234845,20394,-0.4393978118896484,3.044494867324829,6.526742935180664,1.6293175701249,5.414369658107641,0.6382299555611191,blob,-0.2595100402832031,2.461347818374634
Oil_00084,Oil,0,0.950008691155394,9500,-0.2546730041503906,2.91062331199646,5.324245452880859,3.167474478664746,5.869041193745526,0.608857271037621,linear,-0.10893630981445312,1.9606115818023682
Oil_00084,Oil,0,7.787271241858193,77872,-0.2140827178955078,3.2564237117767334,6.562219619750977,1.808856775200191,4.9398547607840655,0.5884571061530615,blob,0.08546638488769531,1.8926550149917603
Oil_00085,Oil,0,0.0503004601738067,503,-1.0634994506835938,2.1192827224731445,3.617095947265625,1.6272846371073393,5.427123449013892,0.4871670702179176,blob,0.11878395080566406,1.8923274278640747
Oil_00085,Oil,0,0.5315048624727294,5315,-0.3715076446533203,2.0365419387817383,4.070672988891602,1.146711579158855,4.700310115927012,0.4909250450284025,blob,0.011539459228515625,2.7376010417938232
Oil_00085,Oil,0,0.5391049320019725,5391,-0.1213836669921875,4.500843048095703,8.489154815673828,2.663713335004672,5.849176344484142,0.7813043478260869,blob,-0.020618438720703125,1.7298938035964966
Oil_00085,Oil,0,0.0774007081004501,774,-0.7219085693359375,1.9904048442840576,3.2296142578125,1.5713985822564522,4.773366421217064,0.5850340136054422,blob,-0.08343505859375,1.739125370979309
Oil_00085,Oil,0,0.0506004629183821,506,-0.994354248046875,2.1283462047576904,3.560211181640625,1.0264286290207216,4.947637263249802,0.5622222222222222,blob,0.08161354064941406,1.8315078020095825
Oil_00085,Oil,0,0.0518004738966836,518,-0.6068840026855469,2.013375997543335,3.445690155029297,1.674148900461223,4.075788354472556,0.5046273745737945,blob,0.08153724670410156,1.7142856121063232
Oil_00085,Oil,0,0.4181038250232327,4181,-0.818603515625,2.053385019302368,4.086997985839844,1.9920418890649765,4.763708157572512,0.4161234137845235,blob,-0.16825485229492188,1.6439341306686401
Oil_00085,Oil,0,0.0710006495495085,710,-0.7967376708984375,2.103001594543457,3.364412307739258,2.0390490674715136,4.869366768971605,0.612861458782909,blob,0.1489715576171875,1.6624830961227417
Oil_00085,Oil,0,0.0983008993058688,983,-0.6021041870117188,2.009295701980591,3.410737991333008,2.9209240025486607,4.43969970898961,0.4907638542186719,blob,0.39385032653808594,1.4563921689987183
Oil_00086,Oil,0,0.0534004885344189,534,-0.8482723236083984,1.943973422050476,3.24502944946289,1.363076861961728,4.046932817201878,0.8078668683812406,blob,0.18164634704589844,1.7341514825820923
Oil_00086,Oil,0,0.0764006989518653,764,-0.2489910125732422,2.16775131225586,3.4872283935546875,7.422640935793234,3.551032649506718,0.5744360902255639,linear,0.00327301025390625,2.046009063720703
Oil_00087,Oil,1,0.6223056931642122,6223,-0.5187454223632812,1.7622766494750977,3.581964492797852,2.8118498162644365,4.403801428612266,0.4897878871354925,blob,-0.7410430908203125,5.297579765319824
Oil_00088,Oil,0,0.2237020465383806,2237,-0.0804004669189453,2.7403552532196045,4.795846939086914,5.146700306980492,4.243632248906069,0.6083763937992929,linear,-0.13751220703125,1.8489837646484375
Oil_00088,Oil,0,0.1275011664445397,1275,-0.4842510223388672,2.3277621269226074,4.042888641357422,1.9321017378477776,4.257435951871578,0.7680722891566265,blob,-0.16724395751953125,1.8089938163757324
Oil_00088,Oil,0,0.1004009185178963,1004,-0.6315631866455078,2.412372589111328,3.744815826416016,1.9111762298059276,4.380796791421964,0.4421933494824928,blob,0.23383522033691406,1.5770071744918823
Oil_00088,Oil,0,0.070500644975216,705,-0.7489337921142578,2.435433864593506,4.429780960083008,2.04351063250971,5.078763298353064,0.6385869565217391,blob,0.11940956115722656,1.6564910411834717
Oil_00088,Oil,0,0.0628005745311144,628,-0.5390853881835938,2.2856030464172363,3.6192855834960938,1.86265485308923,4.339139245926909,0.5644943820224719,blob,-0.5590286254882812,2.367701530456543
Oil_00088,Oil,0,0.0644005891688498,644,-0.5793647766113281,2.385238647460937,3.5298385620117188,2.360533852457808,4.200234140014879,0.7334851936218679,blob,-0.0666351318359375,2.260589122772217
Oil_00088,Oil,0,0.0962008800938409,962,-0.5105800628662109,2.2042360305786133,3.8176040649414062,1.539759546793332,4.6814478370992365,0.6482479784366577,blob,0.1518726348876953,2.2313690185546875
Oil_00088,Oil,0,4.525041397345428,45250,0.1218528747558593,4.304628849029541,8.969772338867188,1.3818773977134282,6.803790664449725,0.5139534091296298,blob,0.5217132568359375,2.6707448959350586
Oil_00088,Oil,0,5.230147848012448,52301,0.1802310943603515,3.321073532104492,9.528926849365234,1.400024802497838,6.331974655268184,0.5933148422300497,blob,0.21880149841308594,2.2471888065338135
Oil_00088,Oil,0,0.055800510491022,558,-0.8674602508544922,2.270575046539306,3.5198516845703125,1.7931248726663584,5.198948900941743,0.5577211394302849,blob,-0.12869834899902344,1.9202275276184082
Oil_00088,Oil,0,0.0594005434259267,594,-0.8935317993164062,2.371150493621826,3.8037548065185542,1.1410207384494482,4.775600995543388,0.6359743040685225,blob,-0.6485080718994141,2.559385061264038
Oil_00088,Oil,0,0.9049082785542272,9049,-0.1462593078613281,4.52646017074585,7.377008438110352,3.110412295405438,6.777580592609125,0.614992524126682,linear,-0.4376029968261719,2.643019437789917
Oil_00089,Oil,0,55.00950325449164,550090,0.0200881958007812,4.077988147735596,9.511035919189451,1.633657548397042,4.842218419275527,0.6697290597811927,blob,0.4924812316894531,2.121628522872925
Oil_00089,Oil,0,0.1490013631391091,1490,-0.7289352416992188,2.450697898864746,4.132368087768555,1.8626875636518128,4.54141015985084,0.5669710806697108,blob,0.013387680053710938,1.7757731676101685
Oil_00089,Oil,1,0.5157047179250912,5157,-0.459085464477539,2.4246060848236084,4.225622177124023,1.7119588614419683,4.620850968807053,0.44765625,blob,0.43645477294921875,3.9530317783355713
Oil_00089,Oil,1,0.0631005772756898,631,-0.4924659729003906,2.672783613204956,3.6611499786376953,1.9905111006619487,3.8537599744752726,0.6180215475024485,blob,-1.2745399475097656,6.288316249847412
Oil_00091,Oil,0,0.0501004583440897,501,-0.8274459838867188,1.7635598182678225,3.067480087280273,1.8068855093648688,4.291356696314698,0.789598108747045,blob,0.32601356506347656,1.6277345418930054
Oil_00091,Oil,0,0.0959008773492656,959,-0.4323005676269531,1.7585082054138184,4.48015022277832,1.4456183842152237,5.517417865011776,0.4302377747868999,blob,0.3858985900878906,2.09977126121521
Oil_00091,Oil,0,0.0661006047214437,661,-0.6064682006835938,1.749248743057251,3.325267791748047,2.252346925000696,5.096950649103071,0.6683518705763397,blob,0.14388084411621094,2.0069615840911865
Oil_00091,Oil,0,0.0809007401204962,809,-0.5498485565185547,1.7999461889266968,3.7146034240722656,2.540753372815838,4.378061904300934,0.5232858990944372,blob,-0.01815032958984375,1.8584455251693726
Oil_00091,Oil,0,0.5907054040689387,5907,-0.0969352722167968,4.701248645782471,7.938444137573242,3.110207837780836,4.607833123890167,0.8470031545741324,linear,-0.15878868103027344,2.2425808906555176
Oil_00092,Oil,0,0.8568078385073068,8568,-0.4435787200927734,2.452911376953125,4.749000549316406,1.4644163354696529,4.73028852319209,0.5835518474374255,blob,-0.13213157653808594,1.7450242042541504
Oil_00092,Oil,0,0.0514004702372497,514,-1.0025291442871094,2.492716789245605,4.018489837646484,1.2138426058431262,5.843650743048645,0.5857549857549857,blob,-0.11535072326660156,1.847307801246643
Oil_00092,Oil,0,0.0689006303374806,689,-1.004068374633789,2.4005494117736816,4.0252532958984375,1.6000465033017055,6.244549801948412,0.8168346176644932,blob,-0.153106689453125,1.1933072805404663
Oil_00092,Oil,0,0.0821007510987977,821,-0.9162521362304688,2.545532703399658,3.7060489654541016,2.0355411379046244,4.327946068083104,0.3799167052290606,blob,0.5665073394775391,1.4811036586761475
Oil_00092,Oil,0,0.0739006760804038,739,-0.9769935607910156,2.480449914932251,4.30390739440918,3.100818518531751,4.794542416721631,0.6534040671971706,linear,-0.20598983764648438,2.103942394256592
Oil_00092,Oil,0,0.1022009349853486,1022,-0.7453689575195312,2.3530383110046387,4.57958984375,1.98067886099042,5.288215150578088,0.7114514444831187,blob,-0.1173095703125,1.9925698041915894
Oil_00092,Oil,0,0.0636005818499821,636,-1.0540828704833984,2.469817638397217,3.5850696563720703,1.6863596181417364,4.941739502841888,0.7979924717691342,blob,0.7588729858398438,1.2026382684707642
Oil_00092,Oil,0,0.08780080324573,878,-0.8478336334228516,2.499307632446289,3.6939430236816406,3.0047923680963846,5.435026205408757,0.7542955326460481,linear,0.5350017547607422,1.5122803449630737
Oil_00092,Oil,0,0.2619023960143133,2619,-0.681610107421875,2.4482321739196777,4.341196060180664,1.5678625385195932,5.878577092182497,0.589732042332808,blob,-0.18711090087890625,1.6937874555587769
Oil_00092,Oil,0,0.1612014747518415,1612,-0.8386688232421875,2.484592199325561,3.839811325073242,1.923194596496415,4.774249561094424,0.3302940272513062,blob,0.20549392700195312,1.4408966302871704
Oil_00092,Oil,0,0.0716006550386591,716,-0.9515724182128906,2.3989806175231934,4.240392684936523,1.2967963061121637,5.227457311486641,0.6491387126019945,blob,-0.5200214385986328,2.0539727210998535
Oil_00092,Oil,0,0.0942008617966716,942,-0.6968574523925781,2.568954467773437,4.136409759521484,1.5799222141060494,5.332078029082732,0.4930646427636744,blob,0.35079383850097656,1.361648440361023
Oil_00092,Oil,0,0.0786007190787515,786,-0.7256965637207031,2.453122138977051,3.931854248046875,1.326617124225467,4.481533767598255,0.5737226277372263,blob,-0.47506141662597656,1.9605374336242676
Oil_00092,Oil,0,0.0744006806546961,744,-0.6690502166748047,2.3292460441589355,3.802398681640625,2.682225558138289,5.607062277283862,0.656084656084656,blob,-0.27709388732910156,1.6077641248703003
Oil_00092,Oil,0,0.1286011765079827,1286,-0.5803718566894531,2.3228466510772705,4.279125213623047,1.7888878508820547,5.626995133055135,0.607176581680831,blob,-0.38040924072265625,2.026930570602417
Oil_00092,Oil,0,0.051900474811542,519,-1.0233726501464844,2.4207277297973637,4.220712661743164,1.9987134369003536,4.401885093704345,0.6828947368421052,blob,0.8226032257080078,1.0674394369125366
Oil_00092,Oil,0,0.0535004894492774,535,-0.9354724884033204,2.3903369903564453,3.7026519775390634,3.2368865211314226,4.478394774876871,0.6755050505050505,linear,0.0383758544921875,1.4247602224349976
Oil_00092,Oil,0,0.1309011975497274,1309,-0.7351493835449219,2.4352097511291504,4.321168899536133,1.4691614118041618,5.204724885786729,0.6749162155194638,blob,-0.018869400024414062,1.6255576610565186
Oil_00092,Oil,0,0.1489013622242506,1489,-0.951019287109375,2.5245614051818848,4.111387252807617,3.1006180392145417,5.627724911886101,0.3264277101830538,linear,0.03355598449707031,1.704288363456726
Oil_00092,Oil,0,0.0571005223841821,571,-1.083831787109375,2.706742525100708,3.879293441772461,1.2088842999818246,4.9031428824347865,0.3531230674087817,blob,0.07267189025878906,1.7005040645599365
Oil_00092,Oil,0,0.0631005772756898,631,-0.9801368713378906,2.573152542114258,4.476825714111328,1.486946165400007,5.45011974575623,0.430716723549488,blob,-0.03722190856933594,1.785158395767212
Oil_00092,Oil,0,0.0649005937431421,649,-0.7979011535644531,2.4135568141937256,4.10887336730957,1.8545911679326608,4.605608848428688,0.7895377128953771,blob,-0.07525825500488281,1.7395371198654175
Oil_00092,Oil,0,0.0628005745311144,628,-1.092111587524414,2.57870888710022,4.135152816772461,2.100878481410403,5.072127159280098,0.4808575803981623,blob,-0.08371734619140625,1.5578818321228027
Oil_00092,Oil,0,0.0814007446947884,814,-1.0024738311767578,2.4075498580932617,3.997161865234375,2.427994696069924,5.894159763754911,0.5803921568627451,blob,-0.1472911834716797,1.97852623462677
Oil_00092,Oil,0,0.0508004647480989,508,-0.8176956176757812,2.427207946777344,3.898757934570313,1.6454887132977376,4.896267627560314,0.7773527161438408,blob,0.08605766296386719,1.5550791025161743
Oil_00092,Oil,0,0.0797007291421946,797,-0.8111667633056641,2.4093897342681885,4.30010986328125,1.593010352539659,5.133892669761936,0.5267680105750165,blob,-0.10076713562011719,1.9118709564208984
Oil_00092,Oil,0,0.0520004757264005,520,-1.005695343017578,2.440847635269165,3.840768814086914,1.9964567394992676,4.55204706809818,0.7530774800868936,blob,-0.17099952697753906,1.824804425239563
Oil_00092,Oil,0,0.0504004610886651,504,-1.0151481628417969,2.46902847290039,3.9485092163085938,1.275337435542951,5.759972537947586,0.7251798561151079,blob,-0.004848480224609375,1.7558538913726807
Oil_00094,Oil,0,0.054300496768145,543,-0.6784744262695312,1.8915026187896729,3.3846302032470703,2.002843857741729,3.973174704796688,0.6674861708666256,blob,-0.35129737854003906,3.362548828125
Oil_00094,Oil,0,0.0520004757264004,520,-0.761871337890625,1.8502497673034668,3.812335968017578,1.3455882267008017,3.92414162501834,0.8503679476696647,blob,0.4685535430908203,2.183453321456909
Oil_00094,Oil,0,0.0813007437799298,813,-0.8240089416503906,1.854017734527588,3.713466644287109,1.8591252650447008,4.794840248659193,0.9038354641467482,blob,0.1383190155029297,1.6454991102218628
Oil_00094,Oil,0,0.0538004921938527,538,-0.6759109497070312,1.8547749519348145,3.4792938232421875,1.6016913810027082,4.791652102550733,0.8170083523158694,blob,0.3214836120605469,1.3096953630447388
Oil_00095,Oil,0,0.0501004583440898,501,-0.8272991180419922,1.9142496585845947,3.0322799682617188,1.636488442339565,4.545826724361063,0.5712656784492588,blob,0.6868438720703125,1.1026686429977417
Oil_00095,Oil,0,0.0989009047950195,989,-0.8996906280517578,2.0618672370910645,3.698925018310547,1.420186130212011,4.821211890950282,0.5522054718034618,blob,0.17511940002441406,1.660789966583252
Oil_00095,Oil,0,0.0503004601738067,503,-0.9461307525634766,2.0170376300811768,3.1636734008789062,2.7666352157340954,4.181772137645426,0.7569601203912716,blob,0.03851890563964844,1.7021681070327759
Oil_00096,Oil,0,0.2355021544916793,2355,-0.6769142150878906,1.8091307878494265,3.406238555908203,1.7638898037284396,4.266199062989532,0.5379782981153627,blob,0.28569984436035156,1.2643176317214966
Oil_00096,Oil,0,0.1411012908652906,1411,-0.7504730224609375,1.7307002544403076,3.482542037963867,1.8724726279365096,4.233396918345942,0.5651912677748848,blob,-0.046665191650390625,1.7020134925842285
Oil_00097,Oil,0,0.6978063838823502,6978,-0.11407470703125,3.540759801864624,8.853300094604492,2.960114145947667,4.535541634410117,0.8837386018237082,blob,-0.20504379272460938,2.158162832260132
Oil_00099,Oil,0,7.033064341995676,70330,0.0150947570800781,4.858569622039795,13.60719108581543,1.0601969982913402,3.8100182710703687,0.399686297687582,blob,-0.00592803955078125,1.6701003313064575
Oil_00099,Oil,0,1.1436104623213783,11436,-0.3295917510986328,3.1542952060699463,10.525896072387695,1.0585753186630424,4.692151928967683,0.4605997140383027,blob,0.2158966064453125,1.4998196363449097
Oil_00099,Oil,0,0.0912008343509179,912,-0.5337982177734375,2.1035404205322266,3.898475646972656,1.2400579256813509,5.2504965963600885,0.8456189151599444,blob,0.20709228515625,1.607222557067871
Oil_00099,Oil,0,0.0812007428650716,812,-0.8807373046875,2.334199905395508,3.818033218383789,1.5747179520410184,4.942648525167564,0.5345622119815668,blob,-0.028461456298828125,1.7372084856033325
Oil_00099,Oil,0,0.0839007675662501,839,-0.6772956848144531,2.267925500869751,3.722370147705078,2.132284093838618,5.48493857434887,0.4855324074074074,blob,0.002094268798828125,1.8484870195388794
Oil_00099,Oil,0,0.0544004976830036,544,-0.7693672180175781,2.2755908966064453,3.936342239379883,1.4500671842576345,4.811804747140327,0.6119235095613048,blob,-0.1296539306640625,1.5507326126098633
Oil_00099,Oil,0,0.1677015342176418,1677,-0.6800117492675781,2.2469258308410645,3.847469329833984,1.3529901251313052,4.57446284972867,0.3460586050350804,blob,-0.3746452331542969,1.7587581872940063
Oil_00099,Oil,0,9.796289621364714,97962,-0.1155319213867187,4.369363307952881,9.527780532836914,2.2918066621484945,4.503481118169606,0.5047324138144235,blob,-0.07478904724121094,2.1592371463775635
Oil_00099,Oil,0,0.054700500427579,547,-0.7821884155273438,2.188043594360352,3.979660034179688,2.2031156084832237,5.249170526693212,0.68375,blob,-0.05799102783203125,1.6570513248443604
Oil_00099,Oil,0,0.0555005077464467,555,-0.7016925811767578,2.172266721725464,4.268762588500977,1.583429518681705,4.839342407525303,0.7833450952717008,blob,-0.3025226593017578,1.865454077720642
Oil_00099,Oil,0,0.1014009276664811,1014,-0.780853271484375,2.2594223022460938,3.647380828857422,1.3828706681510456,4.712102241443415,0.6343446981545199,blob,0.042270660400390625,1.7169227600097656
Oil_00099,Oil,0,0.0504004610886651,504,-0.26556396484375,2.186746597290039,3.4086265563964844,4.484503076613699,7.517969129303136,0.6203076923076923,linear,0.4031639099121094,1.4706460237503052
Oil_00099,Oil,0,15.636643051843508,156365,-0.0074996948242187,4.977859020233154,10.226757049560549,4.201945341721308,5.166466108923216,0.7226824731070979,linear,-0.5587749481201172,2.9183266162872314
Oil_00102,Oil,0,0.0581005315327667,581,-0.7914581298828125,2.161118030548096,4.141860961914063,1.8274789187250704,4.903386736837824,0.6689694876223373,blob,0.1961040496826172,1.5712369680404663
Oil_00102,Oil,0,0.0550005031721544,550,-0.9821300506591796,2.022138357162476,3.28437614440918,1.7211009602292022,4.312399855816461,0.6172839506172839,blob,-0.05862236022949219,1.6072990894317627
Oil_00103,Oil,0,0.0864007904377117,864,-1.0041389465332031,2.58010196685791,4.276683807373047,1.7149097773144089,5.533054647958796,0.3987999076852065,blob,-0.07991600036621094,1.9600825309753418
Oil_00103,Oil,0,1.3691125253272116,13691,-0.5888309478759766,2.6104016304016118,4.903738021850586,1.9183080525202452,5.182839875024376,0.6365242456646055,blob,0.11479759216308594,1.9028918743133545
Oil_00103,Oil,1,0.1212011088084566,1212,-0.7786045074462891,2.6052494049072266,3.9039306640625,1.7955811583696588,5.304680375490853,0.4629488158899923,blob,-0.6265640258789062,9.130532264709473
Oil_00103,Oil,1,0.0558005104910221,558,-0.9879531860351562,2.69026780128479,3.874813079833984,2.085238925360968,4.6407537740288,0.5279091769157994,blob,-0.247283935546875,3.6927976608276367
Oil_00103,Oil,0,0.0624005708716806,624,-0.8057327270507812,2.7131688594818115,3.834573745727539,1.2010576331393246,4.877928018419532,0.6403283735248846,blob,0.4376049041748047,1.753698468208313
Oil_00103,Oil,0,0.0693006339969145,693,-0.8153476715087891,2.526447534561157,4.323442459106445,1.174860734632465,5.456383573773922,0.4554715741045021,blob,0.4718494415283203,1.1268826723098755
Oil_00103,Oil,0,0.2688024591395475,2688,-0.7827243804931641,2.574610471725464,4.569272994995117,1.4820620401126137,5.500603668023712,0.4103190352617921,blob,-0.05427742004394531,1.725909948348999
Oil_00104,Oil,1,0.2437022295100736,2437,-0.5295524597167969,2.325967073440552,3.755292892456055,3.3079302820048317,4.55374026040551,0.5434273609098004,linear,-1.2746753692626953,3.8718912601470947
Oil_00104,Oil,0,0.0615005626379545,615,-0.9038009643554688,2.462949514389038,4.004632949829102,1.2767656303534984,5.9970228811365205,0.6074074074074074,blob,-0.4674091339111328,5.358600616455078
Oil_00104,Oil,0,0.0933008535629457,933,-0.9194297790527344,2.3464787006378174,3.81689453125,1.7633091050218035,5.3568448560361634,0.5433896330809551,blob,-0.11223411560058594,0.0
Oil_00104,Oil,1,0.0853007803742687,853,-0.7593498229980469,2.3181304931640625,3.975166320800781,2.2845065782762104,6.804039362738097,0.5198049969530774,blob,-0.26561546325683594,5.518828392028809
Oil_00104,Oil,1,0.0885008096497395,885,-0.63983154296875,2.2885186672210693,3.4721908569335938,1.9268603019366708,4.282654021953114,0.6274370790499822,blob,-0.6006355285644531,5.935719966888428
Oil_00104,Oil,1,0.0879008041605887,879,-0.8315162658691406,2.2182695865631104,3.662944793701172,1.6142078685507482,5.595348501035772,0.5661835748792271,blob,-0.28394126892089844,5.875088691711426
Oil_00104,Oil,1,0.0899008224577579,899,-0.5685348510742188,2.2875313758850098,3.621139526367188,1.245386387836155,4.974682787619718,0.5105053946621237,blob,0.6124095916748047,4.804996013641357
Oil_00104,Oil,1,0.0827007565879486,827,-0.950115203857422,2.373088121414185,3.8323802947998047,1.9539111268143377,4.860542184446555,0.484192037470726,blob,-0.05050468444824219,4.313600063323975
Oil_00104,Oil,0,0.0583005333624837,583,-1.1012859344482422,2.4548909664154053,4.697484970092773,1.7578027833104548,7.093197488490274,0.7450479233226837,blob,0.03240394592285156,0.0
Oil_00104,Oil,1,0.0834007629919579,834,-0.8530082702636719,2.2797281742095947,3.7293548583984375,2.001399608819095,5.853781839820362,0.561427128912824,blob,-0.2655982971191406,4.604184627532959
Oil_00104,Oil,0,0.0507004638332406,507,-0.8982315063476562,2.352258920669556,3.5352611541748047,2.4929859916155834,4.603457462575324,0.6325639426076107,blob,0.234619140625,1.694070816040039
Oil_00104,Oil,0,0.0646005909985669,646,-0.8551101684570312,2.380465030670166,3.6223316192626953,1.878582124600696,4.586992457182526,0.4698181818181818,blob,0.634185791015625,1.694070816040039
Oil_00104,Oil,0,0.0633005791054069,633,-1.0418968200683594,2.414053678512573,4.3876953125,2.0503545862751635,6.50217781148162,0.5380365490862729,blob,-0.14009666442871094,0.011772746220231056
Oil_00104,Oil,1,0.0525004803006929,525,-1.0231399536132812,2.417530059814453,3.895471572875977,1.8604568882785373,5.888080696218998,0.523168908819133,blob,-0.5295562744140625,1.366849660873413
Oil_00104,Oil,1,0.0732006696763947,732,-0.6678657531738281,2.24947452545166,4.2555694580078125,1.3758800839696603,4.6142674742069225,0.7082728592162555,blob,-0.1001434326171875,4.0481061935424805
Oil_00104,Oil,1,0.214401961456544,2144,-0.9158248901367188,2.349339485168457,4.804899215698242,1.5724313401566612,4.859452167566268,0.5300370828182942,blob,0.5420131683349609,3.0739872455596924
Oil_00105,Oil,0,1.684615411705663,16846,-0.1247444152832031,9.560361862182615,13.714818954467772,1.705832117443283,5.694578849062665,0.9080422595946528,blob,-0.06561660766601562,2.5227348804473877
Oil_00105,Oil,0,7.167665573395174,71676,-0.178070068359375,2.1363470554351807,7.620786666870117,2.17497782915692,4.240344778785644,0.6443220891296042,blob,-0.12837600708007812,2.846480131149292
Oil_00105,Oil,0,0.1697015525148112,1697,0.2810134887695312,4.373055458068848,9.019247055053713,1.8257277454764365,8.723122613963774,0.7127257454850903,blob,0.4634284973144531,1.4077199697494507
Oil_00105,Oil,0,0.0530004848749852,530,-0.4604568481445312,1.989922046661377,3.4478073120117188,1.1347340600154312,4.313753902840947,0.7019867549668874,blob,-0.0020427703857421875,1.6383423805236816
Oil_00105,Oil,0,0.0798007300570532,798,-0.4364356994628906,2.085934400558472,3.934337615966797,1.2362465337273414,3.747403055818855,0.6933101650738488,blob,0.42119598388671875,1.451282262802124
Oil_00105,Oil,0,0.1112010173226105,1112,-0.6053085327148438,2.1324808597564697,3.942100524902344,1.919287609225917,3.860477424977829,0.4704886820393484,blob,-0.15409088134765625,2.3646044731140137
Oil_00105,Oil,0,0.0816007465245055,816,-0.6368598937988281,1.9594768285751345,3.454208374023437,1.6104618531760808,4.091967992893193,0.7401360544217687,blob,0.621124267578125,1.834843635559082
Oil_00106,Oil,0,0.068800629422622,688,-0.7098350524902344,2.050147771835327,3.467472076416016,3.279226228422125,4.626941168143159,0.5688300950806118,linear,-0.12766647338867188,1.8261603116989136
Oil_00106,Oil,0,0.0529004839601265,529,-0.7368698120117188,1.8597897291183472,3.425823211669922,2.966036408153338,4.549491134057301,0.6161910308677927,blob,0.6142349243164062,1.666563868522644
Oil_00106,Oil,0,0.0881008059903053,881,0.301361083984375,3.5128262042999268,9.173538208007812,5.826299940999097,10.45867102338649,0.922996333158722,linear,1.2526588439941406,1.184136152267456
Oil_00106,Oil,0,0.0521004766412588,521,-0.8726043701171875,2.0802321434021,3.3091583251953125,3.4851023505752936,4.327565847151385,0.6311326468806784,linear,-0.11278533935546875,1.747576355934143
Oil_00106,Oil,0,0.0515004711521081,515,-0.7541465759277344,2.1617910861968994,3.496417999267578,1.6864265163091086,4.013054790754604,0.4779582366589327,blob,0.4100494384765625,1.2577975988388062
Oil_00106,Oil,0,0.0593005425110681,593,-0.7828407287597656,2.077003240585327,3.6820602416992183,2.254190538753594,4.6920548334049785,0.5264092321349312,blob,-0.8646736145019531,2.136464834213257
Oil_00106,Oil,0,0.1364012478669426,1364,-0.6807174682617188,2.00059175491333,3.6296463012695312,1.1863347195140137,4.944143162875547,0.3973780043699927,blob,0.03534126281738281,1.9491723775863647
Oil_00106,Oil,0,0.1345012304846318,1345,-0.851654052734375,2.0170669555664062,3.959728240966797,1.7495445808938743,4.393770749395507,0.5165130568356375,blob,-0.09540367126464844,1.569973111152649
Oil_00106,Oil,0,0.119401092341004,1194,-0.6343460083007812,1.929436206817627,3.7902965545654297,1.3815462833338958,5.592797827796104,0.6947919697410533,blob,0.27670860290527344,1.3372607231140137
Oil_00109,Oil,0,0.0681006230186129,681,-0.982940673828125,2.4214863777160645,4.908891677856445,2.7350456733631745,4.500224094258715,0.7721088435374149,blob,0.07756614685058594,1.3366373777389526
Oil_00109,Oil,0,0.0645005900837083,645,-0.9617328643798828,2.2672078609466557,3.7247257232666016,1.0824284537802096,5.661188967755456,0.5672823218997362,blob,0.1329669952392578,1.612468957901001
Oil_00109,Oil,0,0.0615005626379544,615,-0.8657302856445312,2.411440849304199,3.879718780517578,1.9076979087225507,5.674309194852548,0.5763823805060918,blob,0.022924423217773438,1.9407000541687012
Oil_00110,Oil,0,4.761343559155976,47613,0.0556144714355468,4.750514507293701,8.991275787353516,4.3723793689836326,5.237677750240578,0.554319543160505,linear,-0.022899627685546875,1.8191782236099243
Oil_00110,Oil,0,0.0562005141504559,562,-0.7944374084472656,2.381772041320801,3.6894359588623047,1.5430561294002771,5.84896290541026,0.679154078549849,blob,0.1465740203857422,1.7169784307479858
Oil_00111,Oil,1,5.183847424432983,51838,0.145721435546875,2.181908369064331,4.558406829833984,2.2408783937036127,4.22541878703655,0.3729178131957858,blob,7.160591125488281,4.415535926818848
Oil_00111,Oil,0,0.0938008581372379,938,-0.80755615234375,2.0142593383789062,3.8316402435302734,1.9679045869224745,4.598849213172936,0.4234762979683973,blob,0.32224273681640625,1.6026611328125
Oil_00113,Oil,0,0.0779007126747421,779,-0.6306877136230469,1.7337889671325684,3.349538803100586,1.5828902596720138,4.596129144521914,0.6516102049351735,blob,0.2273540496826172,2.1604833602905273
Oil_00115,Oil,0,0.2022018498438114,2022,-0.4484329223632812,3.336475133895874,8.827695846557617,2.284478816810663,8.509407658558542,0.8685567010309279,blob,-1.1944293975830078,2.83048677444458
Oil_00115,Oil,0,0.0549005022572959,549,-0.9063835144042968,2.04092025756836,4.393093109130859,1.365484996737241,5.557919660061525,0.6083102493074792,blob,-0.5281715393066406,2.9462592601776123
Oil_00117,Oil,0,0.5822053263059688,5822,-0.7780094146728516,2.349100112915039,4.470327377319336,1.911612810058963,4.899192427950751,0.5173731449391273,blob,0.1753215789794922,1.5832778215408325
Oil_00117,Oil,0,47.31643287443012,473160,-0.5155963897705078,4.57949686050415,9.532258987426758,1.3742445823510012,5.172979717354973,0.5377450643342712,blob,0.09326744079589844,2.0054659843444824
Oil_00117,Oil,0,0.1021009340704902,1021,-0.56793212890625,2.494166374206543,3.992002487182617,4.176321552149799,4.626975611174858,0.7562962962962962,linear,0.026025772094726562,1.859416127204895
Oil_00117,Oil,0,0.5191047490302789,5191,-0.5202293395996094,2.3158082962036133,4.262674331665039,1.9298166630769056,4.702971166509759,0.5343558597972103,blob,0.2797412872314453,1.5926002264022827
Oil_00117,Oil,0,0.0849007767148346,849,-0.8282928466796875,2.4817256927490234,3.874208450317383,1.4060450210590498,5.172425828316925,0.4937481826112242,blob,0.3052234649658203,1.539478063583374
Oil_00117,Oil,0,0.0771007053558746,771,-0.585601806640625,2.2970404624938965,3.805940628051758,1.4991085769435737,3.525116323248118,0.8566666666666667,blob,0.07190322875976562,2.2640037536621094
Oil_00117,Oil,0,0.1130010337900626,1130,-0.6191062927246094,2.404736280441284,3.8425464630126953,1.209671854101474,4.185580836707841,0.5688396677573622,blob,-0.1348133087158203,2.00856876373291
Oil_00117,Oil,0,42.50588886516378,425055,-1.2057819366455078,2.47226357460022,6.187192916870117,6.887702138098652,6.78829941559453,0.7595795154509755,linear,-0.8814048767089844,4.639240264892578
Oil_00117,Oil,0,0.071800656868376,718,-0.5862388610839844,2.2332162857055664,3.951616287231445,1.081780901767025,4.04554296476036,0.7834151663938898,blob,-0.1277599334716797,2.675968885421753
Oil_00117,Oil,0,0.0556005086613051,556,-0.8440151214599609,2.47024917602539,3.7147140502929688,2.493373188201455,4.809803631770673,0.7272727272727273,blob,0.24320030212402344,2.306487560272217
Oil_00118,Oil,0,0.3810034856107415,3810,0.0980300903320312,4.642752647399902,8.56498908996582,11.509509290893147,3.992575645156688,0.8642395372575706,linear,-0.09547615051269531,2.2736668586730957
Oil_00118,Oil,0,0.0578005287881912,578,-0.7480201721191406,2.0792553424835205,3.062602996826172,1.944774697040392,5.410760195835854,0.6601941747572816,blob,0.30295372009277344,1.2678531408309937
Oil_00118,Oil,0,0.0892008160537484,892,0.17218017578125,6.3387227058410645,10.247264862060549,2.8751209716254214,5.414677819073573,0.95656836461126,blob,0.9841632843017578,1.4501429796218872
Oil_00120,Oil,0,0.3464031690697143,3464,-0.1255245208740234,4.779811859130859,8.593452453613281,4.663931465537581,4.512360805427743,0.9130205587770164,linear,0.3181896209716797,2.5529000759124756
Oil_00121,Oil,0,0.0833007620770994,833,-0.6585578918457031,2.0966179370880127,3.468435287475586,1.3164578437312968,5.344882042745264,0.4154613466334164,blob,0.4841938018798828,1.726057529449463
Oil_00121,Oil,0,0.1156010575763829,1156,-0.9071922302246094,2.0421645641326904,3.621665954589844,1.6989878725502732,5.280939227418976,0.5787234042553191,blob,0.5705108642578125,1.2545439004898071
Oil_00121,Oil,0,0.0954008727749734,954,-0.5572433471679688,1.96974515914917,3.3854427337646484,2.7202761857600035,3.68817818101928,0.5275089853469727,blob,-0.16564559936523438,2.4214248657226562
Oil_00121,Oil,0,0.1006009203476135,1006,-0.681976318359375,2.030522346496582,3.55850601196289,1.2994106838265165,3.98760342513416,0.5631122306185279,blob,0.060272216796875,1.6514291763305664
Oil_00121,Oil,0,0.1277011682742569,1277,-0.5797080993652344,1.9419198036193848,3.68366813659668,1.538516013921001,4.336146733358436,0.6112972714217328,blob,-0.19811630249023438,1.6712942123413086
Oil_00121,Oil,0,0.1594014582843896,1594,-0.4549751281738281,1.929883599281311,3.485605239868164,1.4384158515974934,4.672865980396178,0.6163959783449343,blob,0.2334136962890625,2.095407247543335
Oil_00121,Oil,0,0.0581005315327668,581,-0.8100852966308594,2.2295262813568115,3.891489028930664,1.6254666821170547,4.6579308273926605,0.5621673923560716,blob,0.5721893310546875,1.1515628099441528
Oil_00121,Oil,0,0.0637005827648407,637,-0.5898857116699219,2.049272060394287,3.622140884399414,1.6866607977441077,4.925569381699106,0.4233964772349617,blob,-0.028341293334960938,3.262883424758911
Oil_00121,Oil,0,0.06830062484833,683,-0.6209068298339844,2.0359182357788086,3.674571990966797,2.441198155817387,4.56691468608233,0.8268765133171913,blob,-0.00861358642578125,2.4321978092193604
Oil_00121,Oil,0,0.1000009148584627,1000,-0.6533737182617188,2.023566007614136,3.64581298828125,2.5567396613017523,4.121886857342858,0.4860267314702308,blob,-0.07563018798828125,2.68990421295166
Oil_00121,Oil,0,0.382103495674186,3821,-0.1247768402099609,2.8569839000701904,5.5915374755859375,3.722064939366309,3.60939351183986,0.8431156222418358,linear,-0.023454666137695312,2.4809622764587402
Oil_00121,Oil,0,0.0651005955728592,651,-0.5557327270507812,1.8553029298782349,3.938186645507813,1.4001672887775678,4.635229337658522,0.9136842105263158,blob,-0.32220458984375,2.9330620765686035
Oil_00122,Oil,0,7.83527168099028,78352,-0.1798839569091797,2.54372501373291,8.882612228393555,1.792221310358066,4.404745317097281,0.6741029755272883,blob,-0.081878662109375,2.591204881668091
Oil_00122,Oil,0,0.1706015607485376,1706,-0.4784145355224609,2.1782054901123047,3.5918006896972656,2.088414515983916,4.213638620225949,0.5076625502157417,blob,0.3975105285644531,1.599470615386963
Oil_00122,Oil,0,0.0683006248483301,683,-0.5252971649169922,2.2831592559814453,3.400545120239258,6.419923795603447,3.330854510084611,0.6567307692307692,linear,-0.16032028198242188,1.7698708772659302
Oil_00122,Oil,0,0.0543004967681453,543,-0.7108230590820312,1.9981898069381716,3.662504196166992,1.2801278189721523,4.015175226912904,0.7192052980132451,blob,-0.4424457550048828,1.8627561330795288
Oil_00126,Oil,0,0.1315012030388785,1315,-0.8977317810058594,1.9609465599060056,3.5113353729248047,1.354828144149113,4.563761031806302,0.5240087666865909,blob,0.07406997680664062,1.387893557548523
Oil_00126,Oil,0,0.0818007483542225,818,-0.717803955078125,2.0420844554901123,3.54555892944336,1.3985124990268003,4.137002113745933,0.4733796296296296,blob,0.49661827087402344,1.112394094467163
Oil_00126,Oil,0,19.71808039087682,197179,0.0132102966308593,3.5811610221862797,8.69635009765625,2.160666226615616,4.5644979765227545,0.6008413283907956,blob,0.07524490356445312,2.6742477416992188
Oil_00126,Oil,0,8.449177297306374,84491,-0.1431827545166015,2.4371273517608643,7.818159103393555,2.244454522808828,3.970370963410685,0.6860290923558475,blob,-0.4250221252441406,2.9276065826416016
Oil_00126,Oil,0,0.1083009907917151,1083,-0.0084037780761718,4.721004009246826,10.46847152709961,1.688820662051392,6.765396775733143,0.6283724978241949,blob,0.5401668548583984,1.312662959098816
Oil_00127,Oil,0,1.2142111082114524,12142,-0.0249977111816406,3.804798603057861,8.24482536315918,2.7064048681281885,6.477805853687502,0.6334681100821703,blob,0.8522109985351562,3.1199612617492676
Oil_00128,Oil,0,0.2255020630058325,2255,-0.2575416564941406,3.2928731441497803,6.011125564575195,6.9361544350896285,4.075287113704659,0.688759926695174,linear,0.04219818115234375,2.0923001766204834
Oil_00128,Oil,0,0.0509004656629573,509,-0.6972255706787109,2.199087381362915,3.4444828033447266,1.398045776558961,4.276565306346785,0.7329013678905687,blob,0.18305587768554688,2.119202136993408
Oil_00128,Oil,0,30.21867645558958,302184,-0.1910343170166015,3.181713581085205,7.64863395690918,1.2017707831509938,4.543016891671298,0.7898211700008887,blob,-0.1264190673828125,2.2348413467407227
Oil_00128,Oil,0,0.0664006074660189,664,-0.62188720703125,2.469999074935913,3.779172897338867,2.777267469439016,4.466102569617753,0.3684794672586015,blob,0.26229095458984375,1.7037980556488037
Oil_00128,Oil,0,0.0694006349117728,694,-0.8028125762939453,2.253247022628784,4.280490875244141,1.9102599034817331,4.273763548305571,0.5514501390544299,blob,-0.05348968505859375,1.661542296409607
Oil_00128,Oil,0,0.1839016824247122,1839,-0.6390457153320312,2.162497043609619,3.612096786499024,1.8253915076643896,4.209486461279185,0.4784701443996357,blob,-0.21561050415039062,2.334625005722046
Oil_00128,Oil,0,0.0787007199936098,787,-0.8412818908691406,2.20513653755188,4.250518798828125,2.567704471880906,4.565887329304505,0.6351896690879741,blob,-0.028699874877929688,2.1283118724823
Oil_00128,Oil,0,0.1881017208487676,1881,0.4114398956298828,5.12548303604126,12.870986938476562,1.81395841849058,8.615300318698296,0.9675925925925926,blob,1.309814453125,2.112377166748047
Oil_00128,Oil,0,0.1408012881207149,1408,-0.6620407104492188,2.200014591217041,3.5743408203125,1.2718155745953514,4.467184102116361,0.4423499842915488,blob,-0.3074989318847656,2.189957618713379
Oil_00128,Oil,0,0.086100787693136,861,-0.7896614074707031,2.1577341556549072,3.71868896484375,1.4026428660063128,5.437453804586853,0.6974483596597812,blob,0.02413177490234375,1.9628920555114746
Oil_00128,Oil,0,0.1290011801674164,1290,-0.5461921691894531,2.558547258377075,4.669761657714844,1.798149913136528,6.089665437211754,0.7764068612699369,blob,0.1667633056640625,2.2731733322143555
Oil_00128,Oil,0,0.0779007126747421,779,-0.1432075500488281,3.707319498062134,7.182395935058594,3.369625164457025,4.524111280643698,0.8872437357630979,linear,0.41121864318847656,1.4429857730865479
Oil_00128,Oil,0,0.1020009331556315,1020,-0.98687744140625,2.3253719806671143,3.9477672576904297,1.5656941441181311,5.478343811253476,0.6100478468899522,blob,-1.006479263305664,2.259016513824463
Oil_00128,Oil,0,0.0883008078200222,883,-0.8613033294677734,2.277229785919189,4.500242233276367,1.73465944258719,4.597766739526753,0.3587972368955709,blob,0.09868240356445312,1.7061724662780762
Oil_00128,Oil,0,0.0943008627115299,943,-0.6725692749023438,2.1732382774353027,3.6306095123291016,2.846039730253581,5.010050986498488,0.5998727735368957,blob,-0.0023403167724609375,1.9376171827316284
Oil_00128,Oil,0,0.1145010475129393,1145,-0.9674301147460938,2.2715022563934326,3.7668285369873047,1.355680971074223,5.148159168679629,0.3663413853783395,blob,-0.02899932861328125,1.7094545364379883
Oil_00128,Oil,0,0.108800995366007,1088,-0.4835834503173828,2.231915235519409,3.461170196533203,2.3402541538648816,4.441876651427566,0.5733860342555994,blob,0.04173851013183594,3.0263402462005615
Oil_00128,Oil,0,0.29200267138671,2920,-0.5511951446533203,2.2511374950408936,4.21453857421875,1.266079940654608,4.513832857779824,0.3819989534275249,blob,0.03431510925292969,2.888169288635254
Oil_00128,Oil,0,0.3913035798411631,3913,-0.5719814300537109,2.1348259449005127,3.63154411315918,1.1554680755226905,4.528781146395701,0.5570106761565836,blob,0.0654449462890625,2.3364808559417725
Oil_00128,Oil,0,0.058200532447625,582,-0.8233890533447266,2.323670625686645,3.876670837402344,2.142255364113162,4.84727707128666,0.5305378304466728,blob,0.16073226928710938,1.726927399635315
Oil_00128,Oil,0,0.3576032715338613,3576,-0.8238143920898438,2.243130683898926,4.331369400024414,2.501649037185857,5.085798147272323,0.4017977528089888,blob,-0.06095695495605469,2.1684844493865967
Oil_00128,Oil,0,0.1767016165549029,1767,-0.7983112335205078,2.1775240898132324,3.756149291992188,1.7601927411489275,4.967934528890337,0.6981430264717503,blob,0.11115455627441406,2.316544771194458
Oil_00128,Oil,0,1.5905145508238434,15905,-0.0425491333007812,3.488550901412964,13.260587692260742,3.3992573716537584,4.268920747736876,0.3945719991565263,linear,0.27107810974121094,1.852419137954712
Oil_00129,Oil,0,0.1316012039537367,1316,-0.8572502136230469,2.07425856590271,4.086761474609375,1.5900696314245704,4.838110256581638,0.45394963780614,blob,-0.3641014099121094,3.0292842388153076
Oil_00129,Oil,1,0.0754006898032807,754,-0.7838134765625,2.0721514225006104,3.305034637451172,1.6657064272840694,4.40160027399498,0.3106076210092688,blob,-0.2510547637939453,10.719625473022461
Oil_00129,Oil,0,0.051900474811542,519,-0.7608604431152344,2.06573486328125,3.7454833984375,1.1810199089255229,4.269396593297276,0.569078947368421,blob,0.23687362670898438,2.4837751388549805
Oil_00129,Oil,0,0.100100915773321,1001,-0.6793937683105469,1.9455149173736568,3.672119140625,1.8537498795151024,4.188936670510904,0.610738255033557,blob,0.2162456512451172,1.4699723720550537
Oil_00129,Oil,0,0.0762006971221484,762,-0.7498359680175781,2.0459446907043457,3.5871124267578125,1.98758116180934,4.6140879930682335,0.4983649444081098,blob,0.5396308898925781,2.7763822078704834
Oil_00129,Oil,0,0.2815025753265721,2815,-0.0506095886230468,3.820898532867432,6.810710906982422,1.7473623659477702,4.580084902209448,0.6811033147834503,blob,0.13891029357910156,3.2140653133392334
Oil_00129,Oil,0,0.0525004803006928,525,-0.7542953491210938,2.002127170562744,3.7979488372802734,1.4714453139621928,4.607243711857252,0.550314465408805,blob,0.0698699951171875,1.784423828125
Oil_00129,Oil,1,0.1402012826315645,1402,-0.6671371459960938,2.0144543647766118,3.6212692260742183,2.536608009932189,4.371547413190782,0.564867042707494,blob,-0.436798095703125,9.655929565429688
Oil_00129,Oil,1,0.0794007263976192,794,-0.66510009765625,2.0846598148345947,4.147384643554688,1.1062986315982497,4.387428417384734,0.5167588675561341,blob,-1.2200603485107422,9.676698684692383
Oil_00129,Oil,0,0.0577005278733329,577,-0.689849853515625,2.0250132083892822,3.391666412353516,2.430704810625352,5.098139036095988,0.6054564533053515,blob,0.17782020568847656,1.6597695350646973
Oil_00129,Oil,0,0.0549005022572959,549,-0.8393363952636719,2.175941705703736,4.0212249755859375,2.440412565510524,4.1723174390987605,0.5531486146095718,blob,0.2566986083984375,2.3789045810699463
Oil_00131,Oil,0,0.1100010063443088,1100,0.0720443725585937,3.200936079025269,5.256278991699219,4.268371727421622,6.200637868810001,0.7782101167315175,linear,0.20897674560546875,1.4570568799972534
Oil_00131,Oil,0,0.3994036539446995,3994,-0.016845703125,2.770688772201538,4.992948532104492,2.2842964465679976,3.864244600945995,0.4728305907422753,blob,0.17916297912597656,1.49021577835083
Oil_00132,Oil,0,0.378603463654139,3786,0.099435806274414,3.364899158477783,8.10512924194336,4.368278150291422,8.025352028994584,0.5782801283030395,linear,0.03384590148925781,3.2872636318206787
Oil_00132,Oil,0,0.4050037051767731,4050,-0.2340908050537109,2.9111294746398926,5.2711029052734375,3.806625647134003,5.090334412301782,0.8136614766449021,linear,-0.3707008361816406,2.330325126647949
Oil_00133,Oil,0,58.60953618939642,586090,-0.1936225891113281,4.238541126251221,11.585559844970703,1.8052509096058964,5.481072640729336,0.6785239623419143,blob,0.1612701416015625,1.777044653892517
Oil_00133,Oil,1,0.7506068669276212,7506,-0.0099220275878906,5.033075332641602,8.31032943725586,4.136084885030021,5.209268931963458,0.8653945927249669,linear,0.21695327758789062,8.527652740478516
Oil_00133,Oil,0,0.0889008133091733,889,-0.6320037841796875,2.7884292602539062,4.362987518310547,2.329060540863887,4.773193184209596,0.5014100394811055,blob,-0.05968475341796875,1.528900146484375
Oil_00133,Oil,0,0.1672015296433496,1672,-0.6058845520019531,2.810489654541016,4.283411026000977,2.049322745794547,4.545331327201099,0.6805046805046805,blob,-0.10285186767578125,1.6269797086715698
Oil_00133,Oil,0,0.0540004940235698,540,-0.6583271026611328,3.09626841545105,4.587957382202148,1.4614197391106771,5.594022104202619,0.569620253164557,blob,-1.3866519927978516,2.909782886505127
Oil_00133,Oil,0,0.614205619060678,6142,-0.5229682922363281,2.766395807266236,4.678737640380859,1.577837066047599,4.871179758362385,0.4730073161340007,blob,-0.1385517120361328,1.7657631635665894
Oil_00133,Oil,0,0.0819007492690809,819,-0.456817626953125,2.807568311691284,3.9700660705566406,2.337965440716592,4.221562569387265,0.5642438856355494,blob,-0.1255035400390625,1.8363250494003296
Oil_00133,Oil,0,0.0852007794594102,852,-0.8872966766357422,2.7746644020080566,4.23457145690918,1.5532486455945371,4.061557508718745,0.623718887262079,blob,0.10359001159667969,1.2031022310256958
Oil_00133,Oil,0,0.0740006769952624,740,-0.7377510070800781,2.865289688110352,4.286808013916016,1.3345222395167884,5.030775228138063,0.6265876375952583,blob,-0.0050506591796875,1.9176025390625
Oil_00133,Oil,0,0.0983008993058688,983,-0.6235008239746094,2.9199109077453613,4.367610931396484,1.2984775952762788,5.118920130340596,0.5076168344952233,blob,0.3158397674560547,2.044970989227295
Oil_00133,Oil,0,0.2665024380978031,2665,-0.4485740661621094,3.2820115089416504,6.125617980957031,3.538843406804393,4.833345895458207,0.650079277960727,linear,0.3899040222167969,2.330368995666504
Oil_00133,Oil,0,0.0608005562339453,608,-0.7878074645996094,2.954310417175293,4.338573455810547,2.1062908728993786,5.130460577396586,0.5440715883668904,blob,-0.019901275634765625,2.1250061988830566
Oil_00135,Oil,1,0.1851016934030143,1851,-0.6643848419189453,2.6734511852264404,4.434633255004883,1.376617297936018,5.147236381450533,0.7675720505909185,blob,-0.6476593017578125,8.403779029846191
Oil_00135,Oil,0,0.1814016595532512,1814,-0.7441635131835938,2.5887527465820312,5.10468864440918,3.678053288487211,5.212976035278362,0.6061821219715957,linear,-0.2611827850341797,1.9028245210647583
Oil_00136,Oil,0,3.7325341470921183,37325,-1.1295814514160156,2.814985036849976,5.877857208251953,1.7236453053554388,5.3777072958364,0.8393676351533688,blob,-0.10331344604492188,1.8199070692062378
Oil_00136,Oil,0,7.630469807360134,76304,-0.5965309143066406,2.9833428859710693,7.564685821533203,2.512917659179207,5.234615325845482,0.6133071840789621,blob,0.14395523071289062,1.5255461931228638
Oil_00136,Oil,0,0.4155038012369123,4155,-0.312570571899414,3.753620862960816,6.625270843505859,3.970148267959115,5.394739170355623,0.585458644497675,linear,0.08864212036132812,1.879329800605774
Oil_00136,Oil,0,0.2597023758874275,2597,-1.619293212890625,3.1734941005706787,5.485105514526367,7.9156670792236286,5.055229444256519,0.5195039007801561,linear,0.1947307586669922,1.2255833148956299
Oil_00136,Oil,0,1.5382140723528723,15382,-2.127548217773437,3.305673360824585,6.353857040405273,4.377822042043886,5.720393215169586,0.4476000640176921,linear,-0.2882652282714844,1.7417608499526978
Oil_00136,Oil,0,0.2601023795468613,2601,-1.7748641967773438,2.889822006225586,5.084379196166992,5.209731805756012,5.10763962081844,0.5903313663186563,linear,-0.09130859375,1.4523358345031738
Oil_00136,Oil,0,0.2003018324615006,2003,-1.7612571716308594,2.867672681808472,4.853675842285156,9.002713589235665,5.918553501043492,0.5808322459040163,linear,-0.4247894287109375,1.9171953201293945
Oil_00136,Oil,0,0.2544023273999289,2544,-1.865095138549805,2.9903297424316406,5.179988861083984,2.7702318419018988,5.300804232333691,0.4640642101422838,blob,-0.2628517150878906,1.8144429922103882
Oil_00136,Oil,0,0.1445013219704785,1445,-1.7562484741210938,3.217740058898926,6.551065444946289,4.701015429163439,6.307490081204652,0.7155236444664521,linear,-0.3984527587890625,1.8034182786941528
Oil_00136,Oil,0,0.1208011051490228,1208,-1.5573005676269531,2.81934118270874,5.382722854614258,1.7426895643011289,4.884479906977667,0.5688721450435602,blob,0.029247283935546875,1.7158310413360596
Oil_00136,Oil,0,0.1488013613093924,1488,-0.177947998046875,5.372986316680908,10.289901733398438,2.71264656082855,5.456790716055638,0.8435374149659864,blob,-0.0703582763671875,1.34422767162323
Oil_00137,Oil,0,0.0900008233726161,900,-0.5579147338867188,1.9708367586135864,3.31766128540039,1.3132950245221005,4.688897855966561,0.5513016845329249,blob,0.1927471160888672,4.607357978820801
Oil_00137,Oil,0,0.0524004793858342,524,-0.7318916320800781,1.9248735904693604,2.9441490173339844,1.9326767691459568,4.129000560756565,0.7148703956343793,blob,0.5546035766601562,2.3731110095977783
Oil_00138,Oil,0,0.0561005132355974,561,-0.8858165740966797,1.9801985025405884,3.494619369506836,1.7133473024803694,4.274448214955051,0.6429799426934097,blob,0.4848823547363281,4.296562671661377
Oil_00138,Oil,0,0.0741006779101207,741,-0.5430736541748047,2.2311313152313232,4.281337738037109,4.940604372005804,4.811318959822144,0.7767295597484277,linear,-0.1418285369873047,3.22495174407959
Oil_00138,Oil,0,1.1531105492329312,11531,-0.5941410064697266,1.8481870889663696,3.614168167114258,1.3673493750844925,4.775158725965935,0.4761236245019303,blob,2.1636409759521484,3.230983018875122
Oil_00138,Oil,0,0.0881008059903054,881,-0.744232177734375,1.8608490228652956,3.176036834716797,2.068020751869031,5.128306534061792,0.5180829167891796,blob,-0.06279945373535156,1.965520977973938
Oil_00138,Oil,0,0.3013027564685475,3013,-0.938720703125,1.8408513069152832,3.679546356201172,1.434516117300249,5.332978717600626,0.4082655826558266,blob,-0.31638336181640625,3.53987193107605
Oil_00138,Oil,0,0.0539004931087112,539,-0.5783977508544922,1.8571786880493164,3.2966880798339844,1.801929389950159,4.716704718162785,0.937391304347826,blob,0.3783740997314453,2.997694730758667
Oil_00138,Oil,0,0.1307011957200105,1307,-0.6671638488769531,1.7563884258270264,3.7409610748291016,1.7554679267645183,5.418957100147516,0.6661569826707442,blob,-0.3283557891845703,2.818925619125366
Oil_00138,Oil,1,0.1562014290089184,1562,-0.5759201049804688,1.8346009254455569,3.185354232788086,2.359729244130273,4.606944198227391,0.6105139730310729,blob,-0.14947509765625,6.8918986320495605
Oil_00139,Oil,0,0.0857007840337024,857,-0.7998161315917969,1.9130223989486692,3.288482666015625,1.8066338070362609,5.0109057994500406,0.6953346855983773,blob,0.2667369842529297,1.6310298442840576
Oil_00139,Oil,0,0.0541004949384282,541,-0.8487739562988281,2.2081873416900635,3.304780960083008,2.409841204816071,4.532079134821609,0.7508674531575295,blob,-1.0472450256347656,2.080353021621704
Oil_00139,Oil,0,0.1773016220440541,1773,-0.8440017700195312,2.1346123218536377,4.270973205566406,2.330455734034625,4.632260819730262,0.4540332906530089,blob,-0.20965576171875,2.9374630451202393
Oil_00139,Oil,0,0.0562005141504559,562,-0.8534431457519531,2.158026933670044,3.53970718383789,1.2969196425119178,4.71899640343946,0.4597137014314928,blob,0.43817901611328125,1.9003684520721436
Oil_00139,Oil,0,0.085400781289127,854,-0.786407470703125,2.223718404769897,4.068593978881836,1.9465993451358927,5.486244339599255,0.561657349556067,blob,-0.10809898376464844,2.723268985748291
Oil_00139,Oil,0,0.0609005571488037,609,-0.7909774780273438,2.1799612045288086,3.487234115600586,2.426813321124341,4.723124430069116,0.520068317677199,blob,-0.2037677764892578,2.373215436935425
Oil_00139,Oil,0,0.2776025396470921,2776,-0.6605033874511719,1.9710009098052976,3.4927215576171875,2.063028944052359,4.67689314460084,0.4064421669106881,blob,-0.34107208251953125,2.6430225372314453
Oil_00139,Oil,0,0.0505004620035236,505,-0.7500457763671875,1.9416779279708865,3.378347396850586,1.3188569740517238,4.306337468944266,0.5341089370703331,blob,0.2597923278808594,1.8205171823501587
Oil_00139,Oil,0,0.0531004857898436,531,-0.6417961120605469,1.9702309370040891,3.999979019165039,1.77091107381563,5.457795738920978,0.6768642447418738,blob,-0.7049236297607422,3.859300136566162
Oil_00139,Oil,0,0.068100623018613,681,-0.6617355346679688,2.1059885025024414,4.485822677612305,1.5253177138557945,5.271059940219683,0.9049833887043188,blob,-0.7452449798583984,4.627403259277344
Oil_00139,Oil,0,0.0562005141504559,562,-0.6152420043945312,2.136912107467652,3.2581043243408203,1.2833256101959645,4.472213434563335,0.486159169550173,blob,0.43817901611328125,1.9003684520721436
Oil_00139,Oil,0,0.0517004729818251,517,-1.0359649658203125,2.086539030075073,3.283681869506836,1.88085077716198,4.779055945375777,0.4928503336510962,blob,-0.7417106628417969,2.807502269744873
Oil_00139,Oil,0,0.0670006129551699,670,-0.7697086334228516,2.078725099563598,3.704803466796875,1.30009268901993,4.269221708862023,0.681240467717336,blob,-0.3295764923095703,3.1340084075927734
Oil_00139,Oil,0,0.4014036722418688,4014,0.0718650817871093,4.066299915313721,6.283262252807617,4.337648595329896,4.40897995209494,0.9073236889692586,linear,-0.3571052551269531,3.044604539871216
Oil_00140,Oil,1,0.0714006532089423,714,-0.9291725158691406,2.110062599182129,3.3040218353271484,1.0716548249408953,4.760333837227203,0.6343847179031542,blob,-1.1961803436279297,3.6768925189971924
Oil_00140,Oil,0,0.1437013146516108,1437,-0.6883316040039062,2.008530139923096,3.762630462646485,2.2896865686682526,4.174812380808708,0.6716522551998131,blob,-0.09580421447753906,1.6509103775024414
Oil_00140,Oil,0,0.4272039082753526,4272,-0.6076469421386719,1.9973286390304563,3.6333236694335938,1.6013789851253832,4.44975821015578,0.4528301886792453,blob,-0.25316619873046875,1.8200135231018066
Oil_00140,Oil,0,0.0768007026112993,768,-0.4901695251464844,1.976568579673767,3.3274879455566406,1.2119970859672478,4.139093550769278,0.6934537246049661,blob,0.6829433441162109,1.2109969854354858
Oil_00140,Oil,0,0.1060009697499704,1060,-0.971576690673828,2.1356618404388428,3.9348182678222656,2.696128067703723,4.95683947244311,0.5988700564971752,blob,-0.12332916259765625,1.7146937847137451
Oil_00141,Oil,0,0.1174010740438349,1174,-0.0271377563476562,3.188666582107544,5.725337982177734,11.380964147322471,3.5434844094486624,0.7785145888594165,linear,-2.288818359375e-05,1.4106029272079468
Oil_00144,Oil,1,0.0510004665778159,510,-1.3318748474121094,2.705229997634888,4.086084365844727,3.666194166837757,5.674867627827557,0.594059405940594,linear,0.2555732727050781,3.0987582206726074
Oil_00144,Oil,0,0.0953008718601149,953,-0.7253589630126953,2.5167436599731445,4.12788200378418,1.30893320353078,4.927927212414874,0.5734055354993983,blob,1.3310489654541016,2.1529040336608887
Oil_00144,Oil,1,0.0756006916329978,756,-1.0306472778320312,2.5504298210144043,3.962646484375,1.3605893979883492,4.90353655357359,0.5575221238938053,blob,0.3510551452636719,2.8386824131011963
Oil_00144,Oil,0,0.0500004574292313,500,-0.9809608459472656,2.534933090209961,3.91445541381836,1.6767590922122475,6.557372779941256,0.7336757153338225,blob,-0.6728668212890625,3.9572861194610596
Oil_00144,Oil,1,0.0605005534893699,605,-1.1964950561523438,2.648434638977051,4.531972885131836,3.0688447207069003,5.993001752997964,0.3919663103336572,linear,1.4749126434326172,2.29952335357666
Oil_00144,Oil,0,0.0515004711521083,515,-1.0852584838867188,2.596467971801758,3.656240463256836,1.3732408192622363,5.272401322626994,0.5793025871766029,blob,-0.312042236328125,3.814697265625e-06
Oil_00144,Oil,1,0.1465013402676478,1465,-0.695709228515625,2.4306585788726807,3.9525222778320312,2.354516428912986,4.955506644758124,0.4889853137516688,blob,-3.2687110900878906,2.2162392139434814
Oil_00144,Oil,0,0.0516004720669667,516,-0.906696319580078,2.567848920822144,3.816566467285156,1.5602175512639969,5.678710674568468,0.4640287769784172,blob,-0.3141822814941406,3.7373294830322266
Oil_00144,Oil,1,0.1479013530756663,1479,-0.6343154907226562,2.4246294498443604,3.710906982421875,2.9414688458517704,4.499084502319238,0.6505388168022872,blob,-4.276166915893555,0.3713386356830597
Oil_00144,Oil,0,0.0551005040870129,551,-1.1306304931640625,2.790259599685669,4.296413421630859,1.7754486103966851,5.573628665838229,0.737123745819398,blob,0.08298492431640625,3.814697265625e-06
Oil_00144,Oil,0,0.0597005461705022,597,-0.9455432891845704,2.516982316970825,3.7652645111083984,1.893946446076324,5.137665957671556,0.5784883720930233,blob,-0.04871559143066406,3.814697265625e-06
Oil_00144,Oil,0,0.0875008005011548,875,-1.0391197204589844,2.622918128967285,4.094083786010742,2.725336317475937,5.994581387618851,0.6046993780234969,blob,0.05930328369140625,3.814697265625e-06
Oil_00144,Oil,0,0.073700674250687,737,-1.000995635986328,2.545725584030152,3.922159194946289,1.904574426479266,5.108865750157195,0.5613099771515613,blob,0.016626358032226562,3.814697265625e-06
Oil_00144,Oil,0,0.0546004995127206,546,-0.7398605346679688,2.593579769134521,4.288286209106445,1.1568531444994916,4.6039994951569145,0.5197524988100904,blob,0.48889923095703125,3.814697265625e-06
Oil_00144,Oil,0,0.9557087433023282,9557,-0.6856880187988281,2.5110325813293457,4.846569061279297,1.3835501865282929,5.761680616033758,0.5777938998216499,blob,0.02825164794921875,3.814697265625e-06
Oil_00144,Oil,0,0.0660006038065854,660,-1.0281295776367188,2.568476915359497,4.262264251708984,1.3918169433183938,5.570717842776581,0.4411764705882353,blob,0.09945869445800781,3.814697265625e-06
Oil_00144,Oil,0,0.0515004711521083,515,-0.673797607421875,2.4988698959350586,3.659740447998047,1.6051709854484513,4.36440487372333,0.6697009102730819,blob,-0.312042236328125,3.814697265625e-06
Oil_00144,Oil,0,0.0563005150653145,563,-0.7130546569824219,2.477587938308716,3.655830383300781,2.140252426893414,5.694553044561818,0.5042543663233319,blob,0.3340339660644531,3.814697265625e-06
Oil_00144,Oil,0,0.0727006651021024,727,-1.0414772033691406,2.5051491260528564,4.138431549072266,1.83090690211272,4.834862221091699,0.6388400702987698,blob,0.26542091369628906,3.814697265625e-06
Oil_00144,Oil,0,0.0803007346313455,803,-0.9701404571533204,2.559356927871704,4.152311325073242,1.6153859116736091,5.687743092534042,0.4929404542664211,blob,0.40395164489746094,3.814697265625e-06
Oil_00144,Oil,0,0.1310011984645861,1310,-0.8677597045898438,2.603921890258789,4.155792236328125,1.6870998614176949,4.729984156235973,0.5537941238638766,blob,0.4029369354248047,3.814697265625e-06
Oil_00144,Oil,1,0.113901042023789,1139,-0.8359775543212891,2.4610509872436523,3.743366241455078,1.1365629262682424,4.670801321275749,0.4671862182116489,blob,-2.4631214141845703,0.4554756283760071
Oil_00144,Oil,0,0.0716006550386593,716,-0.7973976135253906,2.551030397415161,4.164302825927734,1.3819303694168876,4.793312633633929,0.6065226598898772,blob,-0.19649505615234375,3.814697265625e-06
Oil_00144,Oil,0,0.0713006522940839,713,-0.8065299987792969,2.441068172454834,4.096466064453125,1.990712225889908,4.544178570879928,0.72165991902834,blob,0.4185657501220703,3.814697265625e-06
Oil_00144,Oil,0,0.054900502257296,549,-0.7883110046386719,2.294642686843872,3.83853530883789,1.8893373121791144,5.133265146301178,0.6140939597315436,blob,-0.4810504913330078,3.814697265625e-06
Oil_00144,Oil,0,0.0630005763608315,630,-1.0125846862792969,2.4493517875671387,3.779052734375,1.403273625566391,5.032601382257407,0.8113329040566645,blob,-1.4986953735351562,3.814697265625e-06
Oil_00144,Oil,0,0.1298011874862846,1298,-0.6324729919433594,2.3789002895355225,4.077430725097656,1.339204113665914,4.985927850492124,0.646253422952452,blob,-0.6853904724121094,3.814697265625e-06
Oil_00144,Oil,0,0.0542004958532868,542,-0.958831787109375,2.636749029159546,3.867225646972656,1.4849077693412227,4.859906766019119,0.483065953654189,blob,0.4032249450683594,3.814697265625e-06
Oil_00144,Oil,0,0.0705006449752162,705,-0.7443523406982422,2.4396791458129883,3.684001922607422,2.3729298778622843,4.049922444018686,0.6841339155749636,blob,-0.17096328735351562,3.814697265625e-06
Oil_00144,Oil,0,0.0516004720669667,516,-0.9583168029785156,2.507890224456787,4.310207366943359,1.4778323867112144,4.883810703231837,0.6354679802955665,blob,-0.3141822814941406,3.7373294830322266
Oil_00144,Oil,0,0.0994009093693119,994,-0.9290122985839844,2.4837758541107178,3.8490943908691406,1.7046547756796424,4.949250823550997,0.5848779052662548,blob,-0.11000823974609375,3.814697265625e-06
Oil_00144,Oil,0,0.481504405043498,4815,-1.2004375457763672,4.223711013793945,9.125591278076172,2.559812241363604,7.210390272763237,0.6407185628742516,blob,0.2051258087158203,3.814697265625e-06
Oil_00145,Oil,0,0.4933045129967966,4933,-0.3249702453613281,2.529247283935547,8.134342193603516,2.738816936451462,5.478341646654283,0.6269700050838841,blob,-0.21608734130859375,2.032011032104492
Oil_00145,Oil,0,0.110001006344309,1100,-0.9694099426269532,2.425323486328125,4.612833023071289,1.34396483576837,5.288551444706032,0.3343973248214014,blob,0.081817626953125,1.4995567798614502
Oil_00145,Oil,0,0.1501013732025525,1501,-0.7664165496826172,2.267434597015381,4.184469223022461,1.8992656198129771,4.313456941728556,0.6404949861318541,blob,-0.3076972961425781,1.8317617177963257
Oil_00145,Oil,0,0.0501004583440898,501,-1.04583740234375,2.327026844024658,4.016767501831055,1.947499147175498,5.160627009863141,0.5349706353443673,blob,-0.2631206512451172,1.6648852825164795
Oil_00145,Oil,0,0.0898008215428995,898,-1.1093368530273438,2.491077184677124,3.921396255493164,1.8281081709220937,5.441955408938981,0.3923967664409001,blob,0.174713134765625,1.5138463973999023
Oil_00145,Oil,0,0.1281011719336907,1281,-0.90655517578125,2.2842235565185547,4.667659759521484,1.597717542667376,4.8765129984599245,0.5320872274143302,blob,-0.10327529907226562,2.054203987121582
Oil_00145,Oil,0,0.0568005196396068,568,-0.0891304016113281,3.8198864459991455,6.9121856689453125,2.7575491602205844,6.738443830473729,0.8340675477239354,blob,-0.5985050201416016,2.162360906600952
Oil_00145,Oil,1,0.0609005571488038,609,-0.9406967163085938,2.436328887939453,3.768264770507813,1.629494602820347,5.434874930208365,0.4124619031493396,blob,0.2158203125,2.3707168102264404
Oil_00145,Oil,0,0.0556005086613052,556,-1.12054443359375,2.300473213195801,3.429485321044922,1.4748992731054826,4.396927058517351,0.6743480897513645,blob,0.1383800506591797,1.2632672786712646
Oil_00145,Oil,0,0.0626005727013976,626,-0.8281650543212891,2.3253231048583984,3.696372985839844,1.7799034829934195,5.587955433884354,0.7839699436443331,blob,0.050495147705078125,1.6192485094070435
Oil_00145,Oil,0,0.056200514150456,562,-0.8025455474853516,2.248194932937622,3.419893264770508,1.6660690839900112,4.639084691614695,0.5550617283950617,blob,0.08567237854003906,1.6059784889221191
Oil_00145,Oil,0,0.0679006211888961,679,-0.8702526092529297,2.2786378860473637,3.341516494750977,1.5430851997333674,4.014491944343228,0.60625,blob,-0.15955734252929688,1.647829294204712
Oil_00145,Oil,0,0.0809007401204963,809,0.1027450561523437,3.0655977725982666,6.327037811279297,1.7194802243980385,7.142324044049258,0.3222465644293965,blob,0.3303184509277344,2.0858311653137207
Oil_00146,Oil,0,0.0697006376563483,697,-1.0024566650390625,2.3072052001953125,3.852851867675781,1.5421626316776849,4.582749282301299,0.7947548460661346,blob,0.08606910705566406,2.3196470737457275
Oil_00146,Oil,1,0.0742006788249791,742,-0.7242927551269531,2.4587931632995605,4.714241027832031,1.3052316517535436,5.357923864587838,0.529621698786581,blob,-1.846017837524414,5.945713996887207
Oil_00146,Oil,0,0.1005009194327548,1005,-0.7557640075683594,2.340498208999634,3.69818115234375,1.497409044199901,4.942006547976998,0.7547878332707473,blob,-0.1620769500732422,1.9440996646881104
Oil_00146,Oil,0,0.0541004949384282,541,-0.8893032073974609,2.3972723484039307,4.076292037963867,2.821188803581874,5.543548566645524,0.7416038382453736,blob,-0.6082935333251953,2.498901128768921
Oil_00146,Oil,0,0.0657006010620098,657,-0.2279682159423828,2.882110118865967,4.396097183227539,2.9566713503498505,4.646825915443901,0.3143540669856459,blob,0.17815780639648438,2.2808361053466797
Oil_00148,Oil,0,0.5322048688767366,5322,-0.3074226379394531,2.7114005088806152,7.032831192016602,2.765612918627069,4.510195882901801,0.7282928498118372,blob,0.07740402221679688,3.4940378665924072
Oil_00148,Oil,0,0.0851007785445514,851,-0.6461162567138672,1.9302418231964111,3.2430152893066406,1.7741762978233109,5.029304977686648,0.6643247462919594,blob,-0.4669837951660156,1.912441611289978
Oil_00148,Oil,0,0.0663006065511605,663,-0.5449371337890625,1.8899571895599363,3.371376037597656,2.082312071903375,4.384673067773823,0.6577380952380952,blob,-0.5876789093017578,2.188891649246216
Oil_00149,Oil,0,0.1003009176030381,1003,-0.6278495788574219,2.140972375869751,3.652088165283203,1.255190148490944,4.035155343332106,0.7090844821491693,blob,0.28874969482421875,1.3672592639923096
Oil_00149,Oil,0,0.0713006522940839,713,-0.6966705322265625,2.05816388130188,3.122577667236328,1.8096305525820144,3.574311423328346,0.6368914694059848,blob,-0.1035919189453125,1.6760752201080322
Oil_00149,Oil,0,0.1078009862174228,1078,-0.8572463989257812,2.194090843200684,3.8932037353515625,1.7673984495500104,4.704057323211094,0.6950354609929078,blob,-0.10346412658691406,1.605639100074768
Oil_00149,Oil,0,0.0555005077464468,555,-0.6903839111328125,2.028290271759033,3.36490249633789,1.4581755646578118,4.738513588176927,0.7203114860480208,blob,0.10265922546386719,1.3385473489761353
Oil_00149,Oil,0,0.0587005370219176,587,-0.7978610992431641,2.074843168258667,3.458089828491211,1.1713795220849916,4.958306341912681,0.5368084133516232,blob,0.011951446533203125,1.5086408853530884
Oil_00149,Oil,0,0.0685006266780469,685,-0.7372055053710938,2.007824659347534,3.2752647399902344,1.227221847005969,4.767819793158639,0.8030480656506448,blob,0.42743873596191406,1.2590148448944092
Oil_00149,Oil,0,0.0515004711521083,515,-0.7554550170898438,2.06816840171814,3.3011016845703125,2.546788148706008,5.510311099748599,0.8155186064924782,blob,0.2286548614501953,1.3680528402328491
Oil_00149,Oil,0,0.4071037243888017,4071,-0.0159835815429687,4.378391265869141,8.74703598022461,2.5725081788571824,5.336686070906394,0.7287862513426423,blob,0.06707572937011719,1.8554738759994507
Oil_00149,Oil,0,0.0542004958532868,542,-0.8214225769042969,2.1374080181121826,3.308412551879883,2.2403895706530284,4.825365808638655,0.6183685111237878,blob,-0.5221786499023438,2.0904719829559326
Oil_00149,Oil,0,0.0742006788249793,742,-0.7093925476074219,1.9870444536209104,4.188505172729492,2.0842844832861687,4.653033623463056,0.7479838709677419,blob,-0.028568267822265625,1.6479700803756714
Lookalike_00000,Lookalike,0,3.801534778344452,38015,-0.0555877685546875,2.193609952926636,5.201898574829102,1.8492632040681545,4.531271917664731,0.4046904275251234,blob,0.7313327789306641,4.684780597686768
Lookalike_00000,Lookalike,0,0.1091009981105826,1091,-0.940265655517578,2.368848323822021,4.065778732299805,5.7455323815328425,4.814669784367192,0.696901948259342,linear,-0.1845989227294922,2.189293384552002
Lookalike_00000,Lookalike,0,0.0528004830452682,528,-0.9399585723876952,1.9033678770065308,2.836048126220703,2.3224617159461656,4.939977417084533,0.4507042253521127,blob,0.21501922607421875,3.8544912338256836
Lookalike_00001,Lookalike,0,2.541023246553538,25410,-0.1824855804443359,2.2906503677368164,7.738971710205078,2.621590951770819,3.646717797557786,0.7996852871754524,blob,0.4536705017089844,7.781598091125488
Lookalike_00001,Lookalike,0,0.4054037088362079,4054,-0.5389060974121094,1.9872348308563232,3.8764915466308594,1.3200858614243702,3.752626592298945,0.4935175604114675,blob,0.11997604370117188,3.214879274368286
Lookalike_00001,Lookalike,0,0.8287075814320806,8287,-0.3377418518066406,2.066184759140014,3.803442001342773,1.144291158516444,4.052611671932279,0.680936729663106,blob,0.6403732299804688,2.4869930744171143
Lookalike_00001,Lookalike,0,0.3891035597142784,3891,-0.1032867431640625,2.542940616607666,8.369550704956055,2.0603513851678024,3.7809493828956846,0.6047559838358719,blob,-0.02869415283203125,2.653482675552368
Lookalike_00001,Lookalike,0,0.0617005644676715,617,-0.6210155487060547,1.9128352403640747,3.369596481323242,2.329765434422665,3.7631739064626455,0.5853889943074004,blob,-0.0040836334228515625,2.8530704975128174
Lookalike_00001,Lookalike,0,0.0501004583440898,501,-0.4936866760253906,2.032981634140014,3.263578414916992,1.749792254697162,3.722611103882332,0.748319641523525,blob,-0.21204566955566406,3.8605117797851562
Lookalike_00001,Lookalike,0,12.805417150370728,128053,-0.102264404296875,4.2816667556762695,13.045251846313477,1.576795012936171,4.766765027065056,0.6335509438723131,blob,-0.08965873718261719,4.593637943267822
Lookalike_00001,Lookalike,0,0.0883008078200225,883,-0.7142162322998047,2.027212142944336,3.9243392944335938,1.4648514425437775,4.214378775950625,0.5966216216216216,blob,-0.10689926147460938,6.53037691116333
Lookalike_00001,Lookalike,0,0.0837007657365333,837,-0.645172119140625,2.011399745941162,3.1450767517089844,1.9079744169828567,4.548284497469733,0.4423890063424947,blob,-0.20458602905273438,6.059759140014648
Lookalike_00001,Lookalike,0,0.1125010292157705,1125,-0.7418537139892578,1.9756288528442385,3.520998001098633,3.2081815883804103,4.286962296686792,0.547845142439737,linear,0.047161102294921875,1.7389215230941772
Lookalike_00001,Lookalike,0,0.3755034352935275,3755,-0.5098552703857422,2.015526533126831,4.192157745361328,2.8300122603181888,4.441275123535497,0.4185942812552254,blob,0.020719528198242188,3.4827563762664795
Lookalike_00001,Lookalike,0,0.0959008773492657,959,-0.3015003204345703,2.2637314796447754,3.606287002563477,3.821868397217966,3.8772846892512742,0.5847560975609756,linear,-0.0570526123046875,2.4607319831848145
Lookalike_00001,Lookalike,0,0.336703080328444,3367,-0.2759246826171875,2.0764434337615967,3.920452117919922,2.7699267449204155,3.5832200954647786,0.4276098552197104,blob,0.028902053833007812,1.9563030004501343
Lookalike_00001,Lookalike,0,0.0730006678466777,730,-0.68695068359375,1.9708331823349,3.632099151611328,2.0815459773664085,3.923556631349939,0.5065926439972241,blob,0.19905853271484375,3.1168336868286133
Lookalike_00001,Lookalike,0,0.0754006898032809,754,-0.4875221252441406,1.938098669052124,3.254125595092773,1.9577318652473856,4.462632873492033,0.7574083375188347,blob,0.7266197204589844,2.4597809314727783
Lookalike_00001,Lookalike,0,0.0680006221037546,680,-0.5371112823486328,2.1172659397125244,3.4025707244873047,1.7771920186349053,4.412221413734132,0.6772908366533864,blob,2.3112564086914062,1.0765087604522705
Lookalike_00001,Lookalike,0,0.1020009331556319,1020,0.0696830749511718,4.041526794433594,8.41274642944336,5.38640195799917,3.35012347653402,0.8156737305077969,linear,-0.08426475524902344,3.7643320560455322
Lookalike_00001,Lookalike,0,0.123201127105626,1232,-0.4779167175292969,2.015643119812012,3.483680725097656,1.412496576767494,4.201614252541727,0.4697807435653003,blob,0.2172565460205078,2.636605739593506
Lookalike_00001,Lookalike,0,0.0689006303374808,689,-0.3473377227783203,1.9004377126693728,3.014280319213867,1.5133840625132806,3.193199489212083,0.7222222222222222,blob,0.10207366943359375,2.6808626651763916
Lookalike_00001,Lookalike,0,1.3169120477710956,13169,-0.0530529022216796,2.2808377742767334,4.470859527587891,4.37554343020298,4.388775679874411,0.8757148556988962,linear,0.06291961669921875,2.222543954849243
Lookalike_00001,Lookalike,0,0.2501022880610152,2501,-0.1453151702880859,2.981210708618164,5.564413070678711,5.684142009447956,3.650663992735794,0.6863336992316136,linear,0.07878684997558594,6.075592517852783
Lookalike_00001,Lookalike,0,0.053600490364136,536,-0.8919467926025391,2.086045980453491,3.2510852813720703,1.4705855137023045,4.443070213470352,0.4743362831858407,blob,-0.032321929931640625,5.364259719848633
Lookalike_00001,Lookalike,0,0.0543004967681452,543,-0.28857421875,3.916715621948242,7.333364486694336,3.0504721163787543,7.917232605697847,0.7869565217391304,linear,0.019136428833007812,4.603860378265381
Lookalike_00001,Lookalike,0,0.3543032413435334,3543,0.0248966217041015,2.036160945892334,3.7286605834960938,1.36131925390108,3.796546094106634,0.9113826366559484,blob,1.534698486328125,2.4945425987243652
Lookalike_00002,Lookalike,0,0.3295030144586346,3295,0.1124382019042968,6.099545001983643,10.946191787719728,1.4869347857311856,11.330175064010437,0.9314487632508834,blob,1.2601642608642578,0.16792595386505127
Lookalike_00002,Lookalike,0,1.585414504166068,15854,-0.0044784545898437,7.935935020446777,13.230314254760742,1.2691751470153212,9.098163406110976,0.4821849480679451,blob,-0.3314952850341797,3.33262300491333
Lookalike_00002,Lookalike,0,0.0770007044410163,770,-0.2324295043945312,3.0943803787231445,5.571063995361328,9.220209375904693,4.779196468492486,0.8100999473961074,linear,0.04800605773925781,1.636972427368164
Lookalike_00002,Lookalike,0,15.657543243048943,156574,0.0607376098632812,8.874611854553223,14.34556007385254,1.1867951745290517,8.991457031564892,0.4307898023980762,blob,-0.37171363830566406,2.432077646255493
Lookalike_00002,Lookalike,0,0.1229011243610506,1229,0.4446620941162109,4.678205490112305,11.793312072753906,1.989159091694256,11.202252881629104,0.8304054054054054,blob,1.1945323944091797,0.0008478591335006058
Lookalike_00002,Lookalike,0,0.1496013686282602,1496,-0.352447509765625,2.468600034713745,3.763105392456055,1.57907509756757,3.3652031277219128,0.6758527219335894,blob,-0.1812725067138672,2.6582868099212646
Lookalike_00002,Lookalike,0,0.2228020383046549,2228,-0.3379230499267578,2.423736095428467,4.188493728637695,2.158550792940192,3.470350419564495,0.4550188910446237,blob,0.07244873046875,3.251539468765259
Lookalike_00002,Lookalike,0,3.8550352677937374,38550,-0.0555648803710937,3.973841667175293,10.66823959350586,2.174448456404759,5.0473806822048495,0.4395992861500567,blob,0.4092216491699219,2.5242650508880615
Lookalike_00002,Lookalike,0,2.1824199658710906,21824,0.1633815765380859,6.4300384521484375,10.314640045166016,3.8735904364641383,5.370693983035557,0.6956854369551011,linear,0.31531715393066406,1.4339306354522705
Lookalike_00002,Lookalike,0,0.2057018818638578,2057,0.5323657989501953,6.258555889129639,9.99239730834961,1.4185622388858448,9.376476172948284,0.8597701149425288,blob,2.537008285522461,2.552133083343506
Lookalike_00002,Lookalike,0,0.293702686939305,2937,-0.2389163970947265,7.659128189086914,13.612186431884766,4.446271288487116,9.87292192063924,0.734525447042641,linear,0.5827560424804688,2.528615713119507
Lookalike_00002,Lookalike,0,3.5383323704369865,35383,0.06396484375,7.447317600250244,15.011222839355469,2.3443723754366417,7.239403115626676,0.6888743952417573,blob,-0.09404945373535156,1.5805716514587402
Lookalike_00002,Lookalike,0,0.9378085795426636,9378,-1.136484146118164,5.8871259689331055,8.980764389038086,1.6264370639887449,8.131712113387756,0.8180034018055737,blob,-3.5038928985595703,0.0
Lookalike_00002,Lookalike,0,0.222602036474938,2226,-11.950439453125,12.990025520324709,15.341472625732422,3.4647821090142266,11.42679505665003,0.8734549735138316,linear,-19.176651000976562,0.556739091873169
Lookalike_00002,Lookalike,0,0.1186010850221367,1186,-0.034942626953125,5.565066337585449,13.151315689086914,2.266876192306408,8.468028021058057,0.6276792802328658,blob,0.06111907958984375,0.0
Lookalike_00003,Lookalike,0,2.862726189653213,28627,-0.9095134735107422,2.106231212615967,4.401712417602539,3.9249983077235497,3.794276549810484,0.7674284565377656,linear,-0.12743568420410156,2.1660797595977783
Lookalike_00003,Lookalike,0,0.1553014207751926,1553,-0.6019306182861328,2.0345425605773926,3.6756343841552734,1.427265111555053,4.494740161537428,0.4634437481348851,blob,-0.4152259826660156,2.443835973739624
Lookalike_00003,Lookalike,0,0.2766025304985079,2766,-0.8352241516113281,2.0582165718078613,3.9775314331054688,3.3020699762992067,3.7021428477755953,0.6747164288327845,linear,-0.039005279541015625,2.4100546836853027
Lookalike_00006,Lookalike,0,0.0623005699568222,623,-0.9229774475097656,1.8935483694076536,3.23160171508789,1.4912626127207471,5.067710702507649,0.5958871353419417,blob,-0.17082595825195312,0.8190507888793945
Lookalike_00008,Lookalike,0,7.847971797177279,78479,0.0004348754882812,2.0928947925567627,5.24224853515625,2.565145689842231,5.299284969886502,0.6517783360671054,blob,-0.025272369384765625,3.6850953102111816
Lookalike_00008,Lookalike,0,0.1998018278872081,1998,-0.5622215270996094,1.7987247705459597,3.5113086700439453,1.1750705763297051,4.241317175957144,0.6267252195734002,blob,-0.464752197265625,4.36592435836792
Lookalike_00009,Lookalike,0,7.196965841448688,71969,-0.2166805267333984,2.0111958980560303,5.021228790283203,2.869375406992821,4.747518316421235,0.8056847632001701,blob,-0.15960311889648438,4.140804290771484
Lookalike_00009,Lookalike,0,0.0732006696763945,732,-0.7112998962402344,1.8132224082946775,3.751920700073242,2.80959967223484,4.812276043473487,0.6687985381452718,blob,-0.053150177001953125,5.56796932220459
Lookalike_00010,Lookalike,0,5.037646086909911,50376,-0.0452766418457031,4.540503978729248,8.889190673828125,5.24529606597653,6.405933564408505,0.7814230536553586,linear,1.1797056198120117,4.363504409790039
Lookalike_00010,Lookalike,0,0.0890008142240317,890,-0.7157192230224609,2.2271981239318848,3.542665481567383,1.8301862452123403,4.746786968190373,0.4532722179781003,blob,-0.5065784454345703,2.219245195388794
Lookalike_00010,Lookalike,0,0.0814007446947885,814,-0.8293075561523438,2.221908569335937,3.6002120971679688,1.4825981909613075,4.615914528676781,0.4887421194836385,blob,9.34600830078125e-05,1.6814192533493042
Lookalike_00010,Lookalike,0,0.3434031416239605,3434,-0.6951847076416016,2.0363285541534424,4.063879013061523,1.2320077790196746,5.582693189817652,0.4952765558520228,blob,0.1372814178466797,1.5151537656784058
Lookalike_00010,Lookalike,0,0.0730006678466776,730,-0.8893260955810547,2.217989206314087,3.712724685668945,2.881018307602901,4.921773393266634,0.5201282508015675,blob,-0.2613658905029297,1.9610471725463867
Lookalike_00010,Lookalike,0,0.2005018342912174,2005,-0.7774600982666016,2.068617105484009,4.128683090209961,3.1123891760239317,5.316167697853796,0.4668762370473862,linear,0.3710136413574219,1.2996199131011963
Lookalike_00010,Lookalike,0,0.053400488534419,534,-0.8983936309814453,2.1017136573791504,3.302021026611328,1.1934575783732548,4.615283746336596,0.572347266881029,blob,-0.34711265563964844,1.9286319017410278
Lookalike_00010,Lookalike,0,0.0738006751655453,738,-0.8918857574462891,2.073277473449707,3.3895397186279297,1.8951142273629773,5.355739975421936,0.3925531914893617,blob,0.32845115661621094,1.2033239603042603
Lookalike_00010,Lookalike,0,0.0927008480737948,927,-0.8336944580078125,2.1153886318206787,3.445941925048828,1.23902515122985,5.404336904430937,0.4119084647856032,blob,0.6023273468017578,1.5733264684677124
Lookalike_00010,Lookalike,0,0.14700134484194,1470,-0.77252197265625,2.1106204986572266,3.5759849548339844,1.4491762834785251,5.300622186792875,0.6332112858065906,blob,0.3099250793457031,1.56080162525177
Lookalike_00010,Lookalike,0,0.0856007831188439,856,-0.8127975463867188,2.201707124710083,3.451080322265625,1.4855879354802766,5.489466676860527,0.4156348628307841,blob,0.15338706970214844,1.3475104570388794
Lookalike_00010,Lookalike,0,0.0669006120403114,669,-0.8434677124023438,2.143942356109619,3.505096435546875,1.388974946949172,6.352821631044415,0.6234855545200373,blob,0.29811859130859375,1.084315538406372
Lookalike_00010,Lookalike,0,0.0654005983174345,654,-0.9145011901855468,2.172128200531006,3.461265563964844,1.646420588036406,5.357549771786625,0.4573426573426573,blob,0.6244716644287109,1.1622675657272339
Lookalike_00010,Lookalike,0,0.2062018864381498,2062,-0.8239192962646484,2.135847806930542,3.639076232910156,1.4208522964909809,4.867201894242704,0.3762087210363072,blob,0.27721214294433594,1.7190386056900024
Lookalike_00010,Lookalike,0,0.0999009139436041,999,-0.7202472686767578,2.0851078033447266,3.5311145782470703,1.4640060420988512,4.94467583038532,0.6267252195734002,blob,-0.32401466369628906,1.8981654644012451
Lookalike_00010,Lookalike,0,0.1750016010023095,1750,-0.7630577087402344,2.0530238151550293,3.4871368408203125,2.1947334698093823,5.624055192607443,0.5688282138794084,blob,-0.3972187042236328,2.080625534057617
Lookalike_00010,Lookalike,0,0.470404303494208,4704,-0.6241073608398438,2.0815725326538086,4.008949279785156,1.2577238596527076,5.627565144579741,0.4063228815755377,blob,0.08499526977539062,1.5875368118286133
Lookalike_00010,Lookalike,0,0.0853007803742685,853,-0.7120723724365234,2.118222236633301,3.438423156738281,1.2184500734569632,5.796143113046953,0.536646744259201,blob,-0.10431098937988281,2.2253522872924805
Lookalike_00010,Lookalike,0,0.2904026567489753,2904,-0.7879810333251953,2.0753607749938965,3.812854766845703,1.2924535492508529,5.389487011895193,0.555098920003823,blob,-0.35402679443359375,2.1461782455444336
Lookalike_00010,Lookalike,0,0.1034009459636503,1034,-0.8373889923095703,2.1981704235076904,3.674680709838867,3.1664386930923105,5.0922842196012486,0.5978606533680254,linear,0.06191253662109375,1.6936801671981812
Lookalike_00010,Lookalike,0,0.0542004958532867,542,-0.7878303527832031,1.968834638595581,3.396757125854492,1.439348075192986,4.214309361462522,0.9601417183348095,blob,-0.045337677001953125,1.6284067630767822
Lookalike_00010,Lookalike,0,0.1439013164813276,1439,-0.6565036773681641,2.148650884628296,4.00001335144043,1.302948061202943,4.281713214119853,0.5497612225405921,blob,0.18713760375976562,1.7187765836715698
Lookalike_00010,Lookalike,0,0.0985009011355856,985,-0.7695884704589844,2.177710771560669,4.228914260864258,1.3659668146639252,5.093414008466072,0.5910591059105911,blob,0.4477863311767578,1.2554025650024414
Lookalike_00010,Lookalike,0,0.0864007904377116,864,-0.6485004425048828,1.968135356903076,3.669038772583008,2.0831230393822087,4.407485304710851,0.7944827586206896,blob,0.8024082183837891,1.4745196104049683
Lookalike_00010,Lookalike,0,0.1324012112726044,1324,-0.7896175384521484,2.216343641281128,3.6673431396484375,1.4582607537508308,4.707540914502601,0.3764572078475974,blob,-0.08547019958496094,1.9074889421463013
Lookalike_00010,Lookalike,0,0.177501623873771,1775,-0.6518440246582031,2.0682196617126465,4.758890151977539,1.5969107418339046,5.062986278629879,0.7906458797327395,blob,0.015239715576171875,1.5502994060516357
Lookalike_00010,Lookalike,0,0.0559005114058805,559,-0.944467544555664,2.3583478927612305,3.890701293945313,1.575747310651247,5.114387180281613,0.5643614336193842,blob,0.07751655578613281,1.828485369682312
Lookalike_00010,Lookalike,0,0.07350067242097,735,-0.8859100341796875,2.146023988723755,3.599201202392578,1.6912863603963209,5.307576993655035,0.4406474820143884,blob,0.3348712921142578,1.7989237308502197
Lookalike_00010,Lookalike,0,0.0887008114794563,887,-0.6607093811035156,2.185760259628296,3.913175582885742,2.201074935920752,4.7305168428584095,0.4721852541921746,blob,0.3179435729980469,1.3404054641723633
Lookalike_00011,Lookalike,0,0.5316048633875871,5316,-0.6939277648925781,2.1115386486053467,3.8181076049804688,1.0948209190780849,5.588065548798652,0.4967992149899537,blob,-0.053897857666015625,1.572683334350586
Lookalike_00011,Lookalike,0,0.0642005873391329,642,-0.947824478149414,2.210942506790161,3.4946327209472656,1.6989778757160932,5.31124159614305,0.4498948843728101,blob,0.4686870574951172,1.1941957473754883
Lookalike_00011,Lookalike,0,0.1389012707384045,1389,-0.8164081573486328,2.1570115089416504,3.470317840576172,2.1276264196741947,5.049565842289974,0.4114336492890995,blob,0.0043811798095703125,1.5601249933242798
Lookalike_00011,Lookalike,0,0.0757006925478561,757,-0.7481822967529297,2.233329057693481,3.570903778076172,1.079518862254567,5.18064233916432,0.5605331358756016,blob,-0.2474689483642578,1.7969980239868164
Lookalike_00011,Lookalike,0,0.0695006358266314,695,-0.9115371704101562,2.0595686435699463,3.357372283935547,1.5251039065168794,5.612573311577517,0.8465286236297198,blob,-0.028263092041015625,1.9415457248687744
Lookalike_00011,Lookalike,0,0.0541004949384282,541,-0.8421478271484375,2.1723194122314453,3.3722095489501958,1.1046892408330533,5.723072230993178,0.5658995815899581,blob,0.09247589111328125,1.9423719644546509
Lookalike_00011,Lookalike,0,0.052100476641259,521,-0.9794921875,2.307333707809448,3.493806838989258,1.810534358284378,4.619780082194406,0.5880361173814899,blob,-0.20244216918945312,2.0428366661071777
Lookalike_00011,Lookalike,0,0.0898008215428994,898,-0.8521671295166016,2.138322353363037,3.626628875732422,1.894772071868076,5.4543139988164535,0.490978676872608,blob,-0.3540477752685547,2.2072362899780273
Lookalike_00011,Lookalike,0,0.057300524213899,573,-0.8947639465332031,2.148627519607544,3.604803085327149,1.187215385419154,4.878753478801865,0.4460879719735305,blob,-0.10581588745117188,1.5934205055236816
Lookalike_00011,Lookalike,0,0.0554005068315882,554,-0.9438362121582032,2.244797706604004,3.5631580352783203,1.58609842370861,4.925336344337171,0.6186487995533222,blob,0.3586387634277344,1.4558461904525757
Lookalike_00011,Lookalike,0,0.0982008983910102,982,-0.7190647125244141,2.149941682815552,3.489435195922852,3.382319104569658,4.985039402053612,0.612792511700468,linear,-0.2849445343017578,1.8012473583221436
Lookalike_00011,Lookalike,0,0.0758006934627146,758,-0.7363758087158203,2.1243293285369877,3.2637290954589844,2.075070417146619,5.216160549819103,0.768762677484787,blob,-0.015895843505859375,4.351480484008789
Lookalike_00011,Lookalike,0,0.2444022359140825,2444,-0.8860073089599609,2.2127506732940674,4.502656936645508,2.255310734504366,4.726278925273914,0.5819047619047619,blob,0.7954769134521484,1.532808780670166
Lookalike_00011,Lookalike,0,0.110901014578035,1109,-0.7326526641845703,2.2296061515808105,4.225469589233398,1.8156626031288352,4.999388468266086,0.5477895776734997,blob,0.38718605041503906,2.0244712829589844
Lookalike_00011,Lookalike,0,0.0574005251287575,574,-1.0469837188720703,2.3094770908355717,3.580944061279297,2.4261811596047105,4.495517788492706,0.6434977578475336,blob,0.2431354522705078,1.3357924222946167
Lookalike_00011,Lookalike,0,0.0669006120403114,669,-0.918376922607422,2.2917516231536865,4.445903778076172,1.767535231800397,6.39251632595201,0.7907801418439716,blob,0.1835765838623047,1.4856380224227905
Lookalike_00011,Lookalike,0,0.050600462918382,506,-0.7978668212890625,2.3745601177215576,3.876314163208008,1.3180260752912545,4.760746378442028,0.7887763055339049,blob,-0.6754436492919922,2.151869058609009
Lookalike_00011,Lookalike,0,0.0605005534893698,605,-0.6353778839111328,2.083707571029663,3.2916412353515625,1.457623934776083,4.214897630595052,0.662287903667214,blob,-0.42348670959472656,2.0210530757904053
Lookalike_00011,Lookalike,0,0.057300524213899,573,-0.7842788696289062,2.204500198364258,4.327754974365234,2.3698216649346566,5.512268191224954,0.7189460476787954,blob,-0.10581588745117188,1.5934205055236816
Lookalike_00011,Lookalike,0,0.0885008096497393,885,-0.9193115234375,2.168673276901245,4.265987396240234,1.4235415419527406,4.784687474804469,0.6993283287238246,blob,-0.12608909606933594,1.5065242052078247
Lookalike_00011,Lookalike,0,0.0773007071855915,773,-0.8813629150390625,2.231985569000244,4.239980697631836,1.3518157746680612,4.517744851116136,0.5760059612518629,blob,-1.3425731658935547,3.351374626159668
Lookalike_00011,Lookalike,0,0.1471013457567984,1471,-0.9685382843017578,2.073322296142578,3.885776519775391,1.7991176493490852,5.6913346588639016,0.7094285025319508,blob,-0.5089588165283203,3.357271432876587
Lookalike_00011,Lookalike,0,0.060100549829936,601,-0.8239154815673828,2.071537733078003,3.391551971435547,1.5997745575605116,5.073882549920504,0.6597145993413831,blob,0.13276100158691406,1.7012076377868652
Lookalike_00011,Lookalike,0,0.0715006541238007,715,-0.7314510345458984,2.192614316940308,3.876199722290039,2.6744723317531744,5.814770861104963,0.747907949790795,blob,0.05302238464355469,1.3723281621932983
Lookalike_00011,Lookalike,0,0.0630005763608314,630,-0.7942562103271484,2.279092311859131,4.35015869140625,1.2777455731011074,4.557184029848165,0.4061895551257253,blob,-0.02127838134765625,5.862893104553223
Lookalike_00011,Lookalike,0,0.0633005791054068,633,-0.7590541839599609,2.210059642791748,3.545307159423828,1.38210974807201,5.081646909969777,0.516734693877551,blob,-0.1261310577392578,1.6444778442382812
Lookalike_00011,Lookalike,0,0.0647005919134252,647,-0.9496345520019532,2.2348971366882324,3.633514404296875,1.5519578932937843,5.302861356800084,0.4179586563307493,blob,0.11073875427246094,3.1072614192962646
Lookalike_00011,Lookalike,0,0.1348012332292075,1348,-0.8294143676757812,2.11135196685791,3.319913864135742,1.81592142939408,4.990497623479758,0.4030497832261923,blob,-1.5998668670654297,4.781724452972412
Lookalike_00011,Lookalike,0,0.0597005461705021,597,-0.9647426605224608,2.308310508728028,3.845415115356445,2.0594640319048296,5.60704033780928,0.4626113909337466,blob,-0.6627159118652344,5.6616129875183105
Lookalike_00011,Lookalike,0,0.0651005955728591,651,-0.7187862396240234,2.2791635990142822,3.405433654785156,3.2113419826501333,4.1463741153721285,0.8454545454545455,linear,0.23514175415039062,1.379805564880371
Lookalike_00011,Lookalike,0,0.0526004812155513,526,-0.7602005004882812,2.1770172119140625,3.242481231689453,1.3696584343445868,5.347804623177503,0.7781065088757396,blob,-0.11480712890625,2.0899927616119385
Lookalike_00011,Lookalike,0,0.0676006184443207,676,-1.040048599243164,2.2284164428710938,3.291257858276367,1.9362699855640968,6.303549218299944,0.4555256064690027,blob,-0.4888420104980469,1.9976413249969482
Lookalike_00012,Lookalike,0,60.05404940452682,600535,-1.942792892456055,4.251629829406738,8.894020080566406,2.737260470305076,6.7057468599965215,0.3773197845412832,blob,-2.979104995727539,3.5738532543182373
Lookalike_00012,Lookalike,0,0.1060009697499703,1060,-2.5419654846191406,3.9241514205932617,6.33439826965332,3.2285663219303813,8.799303599582133,0.7731582786287381,linear,-2.3093461990356445,4.903977394104004
Lookalike_00012,Lookalike,0,0.3010027537239723,3010,-1.165456771850586,3.543769359588623,5.321386337280273,2.354184354972346,6.6414980377082165,0.5336406346955057,blob,-1.093348503112793,4.264100551605225
Lookalike_00012,Lookalike,0,0.521204768242307,5212,-2.465240478515625,4.432371616363525,6.807043075561523,1.411870687296714,7.136717677434129,0.8195612862646434,blob,-3.4411230087280273,4.902906894683838
Lookalike_00012,Lookalike,0,1.7468159807476242,17468,-2.2612972259521484,3.96908450126648,6.928173065185547,1.2559196099310173,6.739373327451343,0.840454195535027,blob,-3.1575918197631836,3.6516177654266357
Lookalike_00012,Lookalike,0,0.0500004574292312,500,-1.994598388671875,3.350329875946045,5.565925598144531,4.4610064738587525,8.237181664395882,0.8467400508044031,linear,-0.558319091796875,4.906322479248047
Lookalike_00012,Lookalike,0,0.583905341858563,5839,-0.6771793365478516,3.5140087604522705,5.488044738769531,1.2449110091015725,5.112186495377592,0.7903356794802382,blob,-1.067591667175293,2.393723487854004
Lookalike_00012,Lookalike,0,1.8569169880067915,18569,-2.2635040283203125,3.8285515308380127,7.1840362548828125,1.5017990480418388,8.15300502886989,0.4969557479493115,blob,-1.6773271560668945,4.203315258026123
Lookalike_00012,Lookalike,0,0.8299075924103809,8299,-1.71807861328125,3.7752721309661865,6.242870330810547,1.3935387682678526,6.784364945484155,0.6509274873524452,blob,-1.8881721496582031,2.391362190246582
Lookalike_00012,Lookalike,0,0.4638042431135494,4638,-1.509319305419922,3.615457534790039,6.760843276977539,1.2738700561624214,8.458183160025214,0.6035918792295679,blob,-0.8760852813720703,3.403865337371826
Lookalike_00012,Lookalike,0,0.1905017428053712,1905,-1.0254554748535156,3.779083728790283,5.833333969116211,1.3093879441070435,6.526758378200243,0.8408739792540278,blob,-1.239816665649414,2.180757761001587
Lookalike_00013,Lookalike,0,0.0672006147848866,672,-0.8691291809082031,2.144938468933105,3.637508392333984,1.7215974899141882,4.177348898195922,0.5417170495767836,blob,0.5078105926513672,9.763846397399902
Lookalike_00013,Lookalike,0,0.0545004985978619,545,-0.8242282867431641,2.224083423614502,4.102243423461914,1.6960062250526606,5.457065468110186,0.6133933595948228,blob,-0.6735191345214844,9.556632995605469
Lookalike_00013,Lookalike,0,0.0561005132355973,561,-0.9187469482421876,2.0194013118743896,3.729747772216797,1.413676859221206,4.550217325719397,0.8591117917304747,blob,0.10128402709960938,8.252623558044434
Lookalike_00013,Lookalike,0,0.0511004674926742,511,-0.8606243133544922,2.15923285484314,3.319713592529297,1.9939425270964064,4.842622454223677,0.6178960096735188,blob,-0.0067901611328125,4.394331455230713
Lookalike_00013,Lookalike,0,0.0841007693959667,841,-0.5481338500976562,2.0129194259643555,3.558572769165039,1.2813306337055212,4.147484171294067,0.6000713521227257,blob,1.0663738250732422,4.59857177734375
Lookalike_00013,Lookalike,0,0.3651033401482458,3651,-0.4178142547607422,2.1588876247406006,4.0398712158203125,3.9228756937574767,4.241485432950414,0.4370099946136812,linear,0.04398918151855469,5.914900302886963
Lookalike_00013,Lookalike,0,0.9214084295058717,9214,-0.1958274841308593,2.7466070652008057,5.801811218261719,4.716034397078366,4.679358623369845,0.6532666879364741,linear,0.2510185241699219,7.229955673217773
Lookalike_00013,Lookalike,0,0.0642005873391328,642,-0.7836189270019531,2.1924855709075928,3.5054931640625,1.7098556139253838,4.18008140503086,0.4675892206846322,blob,-1.1123123168945312,7.090141296386719
Lookalike_00013,Lookalike,0,0.0547005004275788,547,-0.7222576141357422,2.1303062438964844,3.8002777099609375,1.760200320090474,4.504114303559195,0.5536437246963563,blob,0.2400379180908203,7.74571418762207
Lookalike_00013,Lookalike,0,0.243802230424931,2438,0.1317481994628906,2.5234992504119877,6.064075469970703,1.6810306920167637,10.65003353380484,0.6483180428134556,blob,4.703554153442383,7.304103374481201
Lookalike_00013,Lookalike,0,0.1061009706648284,1061,0.0820980072021484,3.5072550773620605,5.921409606933594,6.142093963981847,5.1998120475365175,0.8215253581107239,linear,-0.07111740112304688,4.721266269683838
Lookalike_00014,Lookalike,0,0.0639005845945574,639,0.0919914245605468,3.6120784282684326,6.164388656616211,2.896259105940791,5.990188872228804,0.826115061409179,blob,0.021198272705078125,4.8232526779174805
Lookalike_00014,Lookalike,0,0.0655005992322928,655,-0.6826019287109375,2.03383207321167,3.168222427368164,2.1710494998009477,4.346111523182326,0.5572096980008507,blob,-0.415679931640625,3.814697265625e-06
Lookalike_00016,Lookalike,0,0.0872007977565794,872,-0.7719612121582031,2.0853230953216557,3.571718215942383,1.894607702441357,4.912549055321356,0.7909297052154195,blob,-2.0868911743164062,5.048616886138916
Lookalike_00016,Lookalike,0,1.4692134411005338,14692,0.6252155303955078,2.205578565597534,5.5269622802734375,4.702899003552719,6.947628352851158,0.6581405245593209,linear,-0.5205421447753906,4.454336166381836
Lookalike_00016,Lookalike,0,0.0576005269584745,576,-0.7533035278320312,1.9947724342346191,3.092164993286133,3.0893298361609203,4.65485416789198,0.7820773930753564,linear,0.4967670440673828,2.3291640281677246
Lookalike_00017,Lookalike,0,2.750125159522577,27501,0.0248737335205078,2.9278335571289062,5.548484802246094,2.119643119359925,5.058322736563542,0.9265055167186051,blob,-0.4215965270996094,4.542566776275635
Lookalike_00018,Lookalike,0,11.440304661637828,114402,0.0861282348632812,6.835736274719238,13.729244232177734,6.667468112235715,5.035402622529721,0.8092438936400483,linear,1.1359100341796875,4.839461803436279
Lookalike_00019,Lookalike,0,2.814425747776569,28144,0.0077228546142578,5.30015230178833,9.077070236206056,1.1271151068579974,4.396906607398927,0.904036104909818,blob,0.783843994140625,5.0654802322387695
Lookalike_00019,Lookalike,0,8.180074835422234,81800,0.0209903717041015,2.243027210235596,4.809906005859375,1.641585451528421,5.832308106662047,0.8789414021156915,blob,0.44554710388183594,4.745570182800293
Lookalike_00019,Lookalike,0,0.0535004894492774,535,-1.133401870727539,1.7161710262298584,3.851753234863281,1.4833811858276889,5.7818456656839645,0.56975505857295,blob,0.41243934631347656,5.444645404815674
Lookalike_00020,Lookalike,0,100.29931758840016,1002984,0.2823028564453125,5.829400539398193,13.589969635009766,3.051216068719425,9.65947775588154,0.7269056120110204,linear,3.745349884033203,5.494651794433594
Lookalike_00022,Lookalike,0,8.075673880310013,80756,-0.0123939514160156,3.2661454677581787,12.297710418701172,1.858859323235695,6.006321843991118,0.6851218705194662,blob,1.5889530181884766,3.387777805328369
Lookalike_00022,Lookalike,0,0.0656006001471515,656,-0.8343276977539062,2.013200044631958,3.5218467712402344,1.8803225370627603,3.936871130396184,0.8184653774173425,blob,0.4919471740722656,1.7985501289367676
Lookalike_00022,Lookalike,0,0.0793007254827609,793,-0.5288925170898438,2.1244008541107178,4.770805358886719,3.3186247755999965,6.094490691054694,0.7115298340062809,linear,0.16063880920410156,2.3047356605529785
Lookalike_00023,Lookalike,0,0.854807820210139,8548,1.4295806884765625,2.6343894004821777,7.158884048461914,1.1571239358265002,7.211232987929496,0.6577408433364113,blob,0.26381683349609375,3.1632001399993896
Lookalike_00023,Lookalike,0,8.782680348359344,87826,-0.3347015380859375,2.9447317123413086,7.853855133056641,5.068352523012881,4.534299932436419,0.8364619941522139,linear,0.047618865966796875,3.9003782272338867
Lookalike_00023,Lookalike,0,0.0673006156997453,673,-0.8565711975097656,1.965573072433472,3.851125717163086,2.403984525504088,4.64808230213767,0.723267060720043,blob,0.27345848083496094,2.4068856239318848
Lookalike_00023,Lookalike,0,0.0848007757999763,848,-0.8960552215576172,1.9880675077438357,3.8482799530029297,2.172199544742869,3.9009031930453664,0.5852311939268461,blob,0.07635116577148438,1.0999490022659302
Lookalike_00023,Lookalike,0,0.0761006962072901,761,-0.7711372375488281,1.985408067703247,3.2239341735839844,3.5575793543183183,4.712865232800584,0.4685960591133005,linear,0.034000396728515625,6.279858112335205
Lookalike_00023,Lookalike,0,0.0872007977565794,872,-0.4389686584472656,2.053572416305542,3.5130863189697266,1.2680614511477282,3.95387239169702,0.5376078914919852,blob,0.6944446563720703,1.6580172777175903
Lookalike_00023,Lookalike,0,0.1208011051490229,1208,-0.6718578338623047,2.171859741210937,3.5969715118408203,2.454233498331115,5.085571359702873,0.6543878656554712,blob,-0.04127311706542969,2.0242433547973633
Lookalike_00023,Lookalike,0,0.1373012561006692,1373,-0.5904960632324219,2.0983433723449707,4.047174453735352,2.5126395496105256,5.781498931624395,0.5638603696098563,blob,0.05196380615234375,2.9543423652648926
Lookalike_00024,Lookalike,0,0.0978008947315765,978,-0.7977085113525391,1.9090303182601929,3.295623779296875,1.600622643972706,4.785631544148431,0.4972038637519064,blob,0.07098197937011719,1.8909562826156616
Lookalike_00025,Lookalike,0,0.0520004757264003,520,-0.7705860137939453,2.119863271713257,3.5670223236083984,1.9393890878048687,4.383674109024594,0.6573957016434893,blob,-0.3356742858886719,2.3848235607147217
Lookalike_00025,Lookalike,0,0.0674006166146035,674,-0.9009685516357422,2.2244224548339844,3.382587432861328,2.3949021413861096,4.833596040906106,0.6569200779727096,blob,0.15809249877929688,1.5971906185150146
Lookalike_00025,Lookalike,0,0.071400653208942,714,-1.072988510131836,2.243891954421997,3.659225463867188,1.6769538259334529,4.809055610417768,0.602277520033741,blob,-0.6338310241699219,5.017566680908203
Lookalike_00025,Lookalike,0,0.2085019074798939,2085,-0.7564544677734375,2.204617738723755,3.757038116455078,1.5745358849096092,4.51069817257546,0.3215359703909322,blob,-0.2540874481201172,2.756068468093872
Lookalike_00025,Lookalike,0,0.0877008023308714,877,-0.7010746002197266,2.1429238319396973,3.426942825317383,1.189274834697608,3.9523828666089984,0.5198577356253705,blob,0.26614952087402344,1.8209246397018433
Lookalike_00025,Lookalike,0,0.1276011673593979,1276,-0.9364948272705078,2.165198564529419,3.6417160034179688,1.802755126679781,5.2797822695097,0.3485386506419011,blob,-1.3105735778808594,2.3869690895080566
Lookalike_00025,Lookalike,0,0.0551005040870127,551,-0.7667255401611328,2.124255895614624,3.461526870727539,1.7178131709374598,4.722655673596394,0.5537688442211055,blob,0.49344825744628906,3.2128405570983887
Lookalike_00025,Lookalike,0,0.2257020648355494,2257,-0.7746047973632812,2.092301607131958,3.580545425415039,1.7834435913839335,4.572823206136779,0.5396294082486551,blob,-0.03914070129394531,2.064929485321045
Lookalike_00025,Lookalike,0,0.1405012853761395,1405,-0.6667747497558594,2.1433656215667725,3.8064098358154297,1.1351165581194362,4.942653623218528,0.5387269938650306,blob,-0.29528045654296875,1.7841904163360596
Lookalike_00025,Lookalike,0,0.0591005406813512,591,-0.8876457214355469,2.276777982711792,3.70085334777832,2.203811157571677,5.075512164056176,0.6273885350318471,blob,0.10265350341796875,3.6369781494140625
Lookalike_00025,Lookalike,0,0.2747025131161959,2747,-0.8805713653564453,2.196263074874878,4.377586364746094,1.5900905179310318,5.586378973746949,0.487705281846427,blob,-0.3971233367919922,2.402094841003418
Lookalike_00025,Lookalike,0,0.1077009853025638,1077,-0.430694580078125,2.3106565475463867,4.285749435424805,1.4673730523169357,7.574764105105186,0.5465617863486425,blob,1.3896770477294922,4.886647701263428
Lookalike_00025,Lookalike,0,0.0883008078200222,883,-0.8665485382080078,2.1350419521331787,3.758321762084961,1.7607377895109346,4.807910067364476,0.4783315276273023,blob,-0.06927871704101562,1.8360844850540161
Lookalike_00025,Lookalike,0,0.062100568127105,621,-0.9444561004638672,2.2727346420288086,3.317716598510742,2.6395097688997904,5.160448927647978,0.5559534467323187,blob,-0.3607959747314453,1.6810436248779297
Lookalike_00025,Lookalike,0,0.0731006687615359,731,-0.7508659362792969,2.236722230911255,3.265558242797852,2.455600242015898,4.419198816270038,0.6091666666666666,blob,-0.9153690338134766,1.893081784248352
Lookalike_00025,Lookalike,0,0.10210093407049,1021,-0.7932891845703125,2.230507135391236,3.774738311767578,1.987499664244752,4.302411167959539,0.3746788990825688,blob,0.457550048828125,1.2431640625
Lookalike_00025,Lookalike,0,0.0970008874127084,970,-0.8149528503417969,2.1795647144317627,3.7955169677734375,1.870654713383088,4.926449085102323,0.5887708649468892,blob,0.129608154296875,1.4475218057632446
Lookalike_00025,Lookalike,0,0.1303011920605763,1303,-0.7143421173095703,2.102231025695801,3.85137939453125,1.486925997266647,4.787729094109787,0.6733850129198966,blob,0.4094085693359375,5.252625942230225
Lookalike_00025,Lookalike,0,0.1106010118334593,1106,-0.5998287200927734,2.079336404800415,3.359594345092773,1.7901012570475403,4.532813716321496,0.5799685369690614,blob,0.1772785186767578,1.6461540460586548
Lookalike_00025,Lookalike,0,0.0862007886079945,862,-0.7959480285644531,2.1909515857696533,3.5899887084960938,2.735141562118558,4.478277837833199,0.4397959183673469,blob,-0.05611419677734375,2.002338409423828
Lookalike_00025,Lookalike,0,0.1065009743242623,1065,-0.6880073547363281,2.0543079376220703,3.848876953125,1.7422388884683708,4.380809971342414,0.7675675675675676,blob,0.11582183837890625,1.8868381977081299
Lookalike_00025,Lookalike,0,0.067500617529462,675,-0.6492786407470703,2.025928020477295,3.483734130859375,2.037021566352713,4.402657944937265,0.7731958762886598,blob,-0.15363121032714844,2.4881670475006104
Lookalike_00025,Lookalike,0,0.0539004931087111,539,-0.8496780395507812,2.0982894897460938,3.7422943115234375,2.6293073574614647,5.288208082699516,0.6145952109464082,blob,0.4457359313964844,1.664921522140503
Lookalike_00025,Lookalike,0,0.1371012542709518,1371,-0.6515235900878906,2.084592580795288,3.728603363037109,3.0722667202011698,4.710357417393633,0.5088142512525515,linear,0.04482078552246094,2.782365083694458
Lookalike_00025,Lookalike,0,0.1377012597601025,1377,-0.6035633087158203,2.161205053329468,3.4854774475097656,1.189367539945802,4.326462040097645,0.3739815317762086,blob,-0.2301025390625,2.905841112136841
Lookalike_00025,Lookalike,0,0.1658015168353304,1658,-0.7255592346191406,2.212010383605957,4.031200408935547,1.1543110917279358,4.518009669817089,0.5115705029311941,blob,0.37439918518066406,2.522639036178589
Lookalike_00025,Lookalike,0,0.1545014134563242,1545,-0.5214653015136719,2.104654550552368,3.467445373535156,1.456955415613296,4.162508557139842,0.535250303135285,blob,0.13912200927734375,1.7807341814041138
Lookalike_00025,Lookalike,0,0.0712006513792251,712,-0.6446685791015625,2.146488904953003,3.7134017944335938,2.101553708513841,4.085079675234654,0.884472049689441,blob,0.07814788818359375,2.9361627101898193
Lookalike_00025,Lookalike,0,0.1167010676398254,1167,-0.5569515228271484,2.020437240600586,3.47698974609375,2.24725683961049,4.390019336745719,0.8155136268343816,blob,0.5644359588623047,2.584961414337158
Lookalike_00026,Lookalike,0,0.0870007959268623,870,0.3597450256347656,2.07145357131958,4.421831130981445,2.041747996421115,7.135330697689549,0.7823741007194245,blob,4.774072647094727,1.237935185432434
Lookalike_00026,Lookalike,0,0.2903026558341167,2903,-0.2959423065185547,2.1183793544769287,4.5965728759765625,3.2167618341781243,4.069462790707713,0.7854437229437229,linear,0.0816802978515625,5.534146785736084
Lookalike_00029,Lookalike,0,0.1190010886815704,1190,-0.4111804962158203,3.749772310256958,5.600912094116211,13.426666319823712,4.188086007558634,0.6782559133656312,linear,-0.27371883392333984,1.8626641035079956
Lookalike_00029,Lookalike,0,4.141037884288935,41410,-1.0094528198242188,3.8907253742218018,6.7570343017578125,1.2426805589998229,6.436419641810114,0.7086688286684864,blob,-2.5672826766967773,2.921314001083374
Lookalike_00029,Lookalike,0,4.176238206319114,41762,-0.9705524444580078,3.4695565700531006,6.275867462158203,2.8298062311538184,6.205021233474051,0.6192605114289316,blob,-1.4516181945800781,2.0068976879119873
Lookalike_00029,Lookalike,0,0.052100476641259,521,-2.4639244079589844,3.90490460395813,7.226926803588867,1.6892408009465074,8.587961829451801,0.8289578361177407,blob,-2.485135078430176,2.3756296634674072
Lookalike_00029,Lookalike,0,16.495750911392552,164956,-1.415422439575195,3.921246528625488,9.109912872314451,1.734222452662107,7.234148367218663,0.5844094649987068,blob,-2.153230667114258,2.3479347229003906
Lookalike_00029,Lookalike,0,0.8030073463134545,8030,-0.5751171112060547,4.127372741699219,7.199771881103516,4.732085623507039,6.401116483232394,0.6288914124603516,linear,-1.4614448547363281,3.0010385513305664
Lookalike_00029,Lookalike,0,0.1390012716532629,1390,-2.177043914794922,4.269946575164795,6.688846588134766,1.5065651618343887,8.86623682238717,0.8121530820917324,blob,-3.571136474609375,2.513288736343384
Lookalike_00029,Lookalike,0,0.4772043657045834,4772,-0.5928516387939453,3.3517117500305176,5.247932434082031,1.688742610556922,5.05249980494028,0.5227297622959799,blob,-0.5654392242431641,1.9054895639419556
Lookalike_00029,Lookalike,0,3.520132203932741,35201,-1.5096721649169922,3.799964427947998,7.1082611083984375,1.9626397373849345,7.054872371308458,0.6459847317037364,blob,-1.8716859817504883,2.4100403785705566
Lookalike_00029,Lookalike,0,0.1621014829855678,1621,-1.7194595336914062,3.6075267791748047,5.477916717529297,1.2082562491521598,6.43090880622878,0.5514543289675115,blob,-1.9129524230957031,2.068523645401001
Lookalike_00029,Lookalike,0,0.0807007382907793,807,-1.9440231323242188,3.889235258102417,6.92005729675293,2.112711382467494,8.998396438131396,0.7869332033154559,blob,-1.0491514205932617,2.78096866607666
Lookalike_00029,Lookalike,0,0.244502236828941,2445,-1.798025131225586,3.7207705974578857,6.509740829467773,4.393630265591272,8.815256117403518,0.8046733585650815,linear,-0.9975795745849609,2.780968427658081
Lookalike_00030,Lookalike,0,0.0725006632723853,725,-0.8426303863525391,2.408308744430542,4.078895568847656,2.91482530939358,6.33120824050713,0.4862508383635144,blob,-0.12678050994873047,1.8141611814498901
Lookalike_00030,Lookalike,0,0.0783007163341761,783,-1.043050765991211,2.156993865966797,3.7918529510498047,2.829530390151368,4.543364327923135,0.564935064935065,blob,-0.3095054626464844,1.8433514833450317
Lookalike_00030,Lookalike,0,0.0660006038065852,660,-0.760772705078125,2.218987226486206,3.331634521484375,2.641182665107272,4.349717462608659,0.6537890044576523,blob,0.4597740173339844,1.1919050216674805
Lookalike_00030,Lookalike,0,0.0579005297030497,579,-0.8083515167236328,2.343628168106079,3.936779022216797,3.197045247324454,4.445651426579531,0.6341730558598029,linear,-0.1466808319091797,1.2130650281906128
Lookalike_00030,Lookalike,0,0.1792016394263648,1792,-0.6104354858398438,2.0865626335144043,3.833127975463867,1.6761720600273278,5.2863811741429165,0.6715383174067828,blob,-0.21930694580078125,1.322973608970642
Lookalike_00030,Lookalike,0,0.1857016988921648,1857,-0.8238449096679688,2.1051008701324463,4.045871734619141,1.7790808355894734,5.231031573558696,0.5462568024709517,blob,0.25130176544189453,1.4196486473083496
Lookalike_00030,Lookalike,0,0.0836007648216746,836,-0.7258758544921875,2.0764951705932617,3.94694709777832,2.298939494654363,5.5949549401775815,0.6357414448669202,blob,0.19575786590576172,1.229702353477478
Lookalike_00030,Lookalike,0,0.0877008023308716,877,-0.7941722869873047,2.374731063842773,3.557514190673828,1.4491446336782876,5.387073492037128,0.4975886524822695,blob,0.1798858642578125,1.2488664388656616
Lookalike_00030,Lookalike,0,14.96073686831514,149606,-0.2497634887695312,2.751960515975952,10.231401443481444,1.594545464285644,5.306199919743271,0.5719627168668711,blob,-0.847900390625,2.924677848815918
Lookalike_00030,Lookalike,0,0.0535004894492774,535,-0.8635349273681641,2.325559377670288,3.588199615478516,2.24034224942717,3.915842458476612,0.854632587859425,blob,0.03648948669433594,1.3363910913467407
Lookalike_00030,Lookalike,0,0.7519068788207797,7519,-0.6211814880371094,2.1636416912078857,4.473077774047852,2.7559277904686725,5.246364679316762,0.3867599403322874,blob,-0.21457481384277344,2.0840227603912354
Lookalike_00030,Lookalike,0,0.074600682484413,746,-0.9006099700927734,2.208958864212036,3.5801963806152344,2.141862247933925,5.201845619236498,0.4653774173424828,blob,-0.1694793701171875,2.021432638168335
Lookalike_00031,Lookalike,0,104.35105465572047,1043501,0.2493877410888672,5.77459192276001,12.9827880859375,2.0059053843878947,8.025468204901989,0.6273341270941052,blob,-0.5654850006103516,4.043026924133301
Lookalike_00031,Lookalike,0,4.413140373618809,44131,-7.025754928588867,5.966307640075684,10.83934211730957,2.723848598191269,9.150902211888209,0.5097930492742574,blob,-5.405381202697754,3.126896619796753
Lookalike_00032,Lookalike,0,72.75516560070011,727545,0.333749771118164,5.664838790893555,10.9453125,2.9433298851249288,6.438348879326597,0.6913878360329052,blob,-0.5168571472167969,3.9828476905822754
Lookalike_00034,Lookalike,0,0.6401058560090197,6401,3.085123062133789,4.8502278327941895,14.462812423706056,4.462426407523115,9.747767553889512,0.7043741403026135,linear,1.6089744567871094,2.989409923553467
Lookalike_00035,Lookalike,0,1.2777116891465778,12777,-0.0027847290039062,6.200703144073486,10.666393280029297,3.4595485006440776,6.2101137011392185,0.8808079415414312,linear,0.19913482666015625,4.481512546539307
Lookalike_00036,Lookalike,0,0.685706273184479,6857,-0.3633480072021484,2.527010440826416,5.360414505004883,1.828007752175724,4.876383118792278,0.7773935717929823,blob,-2.0379562377929688,7.236230373382568
Lookalike_00036,Lookalike,0,0.1470013448419402,1470,-0.4936161041259765,2.0781619548797607,4.243425369262695,1.6432105955965883,5.24395471067314,0.6896551724137931,blob,-1.7260055541992188,4.818230628967285
Lookalike_00036,Lookalike,0,0.5613051351005512,5613,-1.397512435913086,3.281454563140869,9.791187286376951,1.2212435648376134,8.903315969600285,0.7999714957599943,blob,-0.702178955078125,0.0
Lookalike_00036,Lookalike,0,4.5941420295126365,45941,0.0552406311035156,4.736610412597656,12.51119613647461,1.366378289196143,7.8615512838195984,0.6212860910135912,blob,1.2348804473876953,5.94875431060791
Lookalike_00036,Lookalike,0,2.170419856088075,21704,-0.0058746337890625,3.731856346130371,8.003068923950195,2.3245052012452345,7.55889179985626,0.6119232558467372,blob,-0.5411777496337891,6.3887505531311035
Lookalike_00036,Lookalike,0,0.7722070645370491,7722,-0.7354049682617188,2.125669240951538,4.398605346679688,4.009796970456612,6.197301740151603,0.4993856302140593,linear,0.23990821838378906,1.5396093130111694
Lookalike_00036,Lookalike,0,1.9669179943511037,19669,-0.58184814453125,2.102382183074951,5.000703811645508,1.891883455738968,5.772571364639621,0.5504127605988527,blob,-0.04848289489746094,1.763920783996582
Lookalike_00036,Lookalike,0,0.073700674250687,737,-0.8397274017333984,2.1345345973968506,3.4355506896972656,1.4245335916799988,3.882068057146792,0.5433099889421305,blob,0.0041141510009765625,1.7659432888031006
Lookalike_00036,Lookalike,0,0.5455049905529141,5455,-0.0563507080078125,2.469557285308838,5.258308410644531,1.4961258077030484,5.679518454435365,0.6322438572090867,blob,0.030719757080078125,1.781095266342163
Lookalike_00036,Lookalike,0,0.111101016407752,1111,-0.8344535827636719,2.1232426166534424,3.450550079345703,1.1429276298459974,4.730520379645776,0.6455549099360837,blob,0.2830543518066406,1.5416041612625122
Lookalike_00036,Lookalike,0,0.2240020492829565,2240,-0.5987472534179688,2.0784802436828613,4.990804672241211,1.4913456011923223,6.18116178459604,0.6001339584728734,blob,-0.18488311767578125,1.7294813394546509
Lookalike_00036,Lookalike,0,0.053600490364136,536,-0.6597652435302734,2.293707132339477,3.725950241088867,2.45844447175928,5.695273747978252,0.7277664630006789,blob,-0.3161182403564453,1.8842378854751587
Lookalike_00036,Lookalike,0,0.0618005653825299,618,-0.8385028839111328,2.1302623748779297,3.4159889221191406,1.7718305025580017,4.378396574558799,0.7877629063097514,blob,0.1867237091064453,1.5864793062210083
Lookalike_00036,Lookalike,0,0.0844007721405425,844,-0.4562129974365234,2.035733222961426,3.241153717041016,1.3449863320079525,4.455126402587852,0.5649263721552878,blob,-0.03382110595703125,2.699585437774658
Lookalike_00036,Lookalike,0,0.0594005434259268,594,-0.6878604888916016,2.254159927368164,4.15192985534668,2.7240098773302552,5.129682011161146,0.8602461984069515,blob,0.43451499938964844,1.5091657638549805
Lookalike_00037,Lookalike,0,0.0705006449752161,705,-1.0045089721679688,2.0528454780578613,3.219306945800781,2.0418557560852952,5.267870455587112,0.4678168546781685,blob,-1.5169029235839844,4.12517786026001
Lookalike_00037,Lookalike,0,0.0819007492690808,819,-0.784759521484375,2.0872066020965576,3.677536010742188,1.221251812116082,4.12661926791193,0.5226547543075941,blob,0.2760887145996094,5.79325008392334
Lookalike_00039,Lookalike,0,0.0785007181638931,785,-0.8524742126464844,1.824736833572388,4.802425384521484,1.084276998924437,4.8213663396682,0.490625,blob,-0.6322708129882812,4.117578506469727
Lookalike_00039,Lookalike,0,0.0629005754459729,629,-0.5976905822753906,1.9182769060134888,4.023399353027344,1.6472550721095445,4.211119126788656,0.7127478753541077,blob,-0.244598388671875,4.628269672393799
Lookalike_00039,Lookalike,0,0.0530004848749851,530,-0.7386360168457031,1.9555972814559937,3.516416549682617,1.618034014150678,4.799287074298562,0.6050228310502284,blob,0.8203639984130859,3.961937189102173
Lookalike_00039,Lookalike,0,0.0769007035261577,769,-0.995037078857422,2.0453460216522217,3.622081756591797,2.471611318978289,5.040397512057281,0.577978203682826,blob,1.3726825714111328,3.535184860229492
Lookalike_00039,Lookalike,0,0.1355012396332167,1355,-0.9367141723632812,2.055362701416016,4.536563873291016,1.7128413006839782,4.968901044831358,0.4089331522559227,blob,-1.034515380859375,6.278868198394775
Lookalike_00040,Lookalike,0,6.390858466774634,63908,-0.4603919982910156,2.5785250663757324,5.265712738037109,2.464583294459563,4.816044913726721,0.8393595923245643,blob,0.4250164031982422,1.4677194356918335
Lookalike_00040,Lookalike,0,6.39435849879468,63943,-0.4716835021972656,3.378610134124756,8.239416122436523,4.761650256688811,6.1128621171240844,0.7134664092922576,linear,0.5272064208984375,1.809809684753418
Lookalike_00041,Lookalike,0,0.0691006321671974,691,-0.3057975769042969,5.146641254425049,13.440593719482422,2.813688554364213,13.839042635734383,0.5680230168516235,blob,0.5786800384521484,0.17410948872566223
Lookalike_00041,Lookalike,0,26.562443006534476,265622,-0.3546276092529297,9.522274017333984,18.37859344482422,2.4084902547116904,8.89091115913997,0.5668827870566793,blob,-0.4783954620361328,3.1900060176849365
Lookalike_00041,Lookalike,0,0.0660006038065851,660,0.3529586791992187,3.631314277648926,9.254383087158203,1.5789457337067268,11.023192127198511,0.6200093940817285,blob,2.0933990478515625,2.156412124633789
Lookalike_00041,Lookalike,0,1.3774126012604595,13774,0.0022602081298828,9.000795364379883,12.73250961303711,1.97093558157685,7.330423912445386,0.660940499040307,blob,0.5456943511962891,2.625089645385742
Lookalike_00042,Lookalike,0,35.999429340812775,359991,0.0073623657226562,8.817187309265137,17.441143035888672,4.396497292229042,6.228096584104136,0.496288085893072,linear,-0.008504867553710938,4.647181987762451
Lookalike_00042,Lookalike,0,0.0570005214693236,570,-0.8225688934326172,2.838850736618042,4.509469985961914,1.3225573136730582,4.328720286689971,0.8321167883211679,blob,-0.5372467041015625,3.706212282180786
Lookalike_00042,Lookalike,0,0.1911017482945218,1911,-0.4669780731201172,2.867818832397461,4.968513488769531,3.515596385464229,4.0651601899641285,0.5785649409627611,linear,-0.4207782745361328,3.6674320697784424
Lookalike_00042,Lookalike,0,0.0701006413157822,701,-0.6909046173095703,2.768531084060669,4.813398361206055,2.975841681016743,4.061736484674377,0.5448892343567819,blob,0.21582794189453125,3.1578125953674316
Lookalike_00042,Lookalike,0,0.0780007135896007,780,-0.7806167602539062,2.904930353164673,4.414312362670898,3.682707723209968,4.090657777940008,0.6721240844463593,linear,0.10991859436035156,3.530672788619995
Lookalike_00042,Lookalike,0,0.564105160716587,5641,-0.0685348510742187,3.1237521171569824,5.687252044677734,10.085451265629452,4.5145987153860485,0.5122360953461975,linear,-0.0552520751953125,4.064856052398682
Lookalike_00042,Lookalike,0,14.964636903994622,149645,-0.0889739990234375,7.768527030944824,17.53644561767578,2.4233534598600466,4.504255355145692,0.7303603849833082,blob,-0.21944427490234375,6.010486602783203
Lookalike_00042,Lookalike,0,0.0674006166146037,674,-0.3603744506835937,7.58826732635498,13.49089813232422,2.2879868031530943,9.99432840312177,0.9889948642699926,blob,-1.4460105895996094,4.248443126678467
Lookalike_00042,Lookalike,0,42.72209084308778,427217,-0.0708847045898437,6.242336273193359,16.649263381958008,2.128326383040615,6.258558000705556,0.5240865346279587,blob,-0.03579902648925781,4.608740329742432
Lookalike_00042,Lookalike,0,3.1585288958045385,31585,-0.1134376525878906,9.11713981628418,15.324501037597656,3.341350831162541,5.341868607287544,0.7317355697390217,linear,-0.24982261657714844,5.053431034088135
Lookalike_00042,Lookalike,0,0.198701817823765,1987,-0.1412849426269531,3.190709114074707,5.361949920654297,13.17367086278864,3.9680823814270014,0.8743674367436743,linear,-0.054813385009765625,2.1785964965820312
Lookalike_00044,Lookalike,0,0.0728006660169607,728,-0.7849578857421875,1.9209487438201904,3.908843994140625,1.350793248278605,4.9292063340302,0.5761772853185596,blob,-0.352447509765625,2.3341169357299805
Lookalike_00045,Lookalike,0,0.0920008416697856,920,-0.1559352874755859,3.349385976791382,7.523473739624023,5.865347796391752,4.7819743631299945,0.8630393996247655,linear,0.4335346221923828,2.389253616333008
Lookalike_00045,Lookalike,0,0.0621005681271053,621,-0.6909866333007812,1.868144392967224,3.697090148925781,1.420538697473742,4.60171875133719,0.5249366018596788,blob,-1.0325870513916016,2.959869623184204
Lookalike_00046,Lookalike,0,0.050800464748099,508,-0.8687629699707031,2.155478954315185,3.242862701416016,1.445113299158669,4.142490093899504,0.5521739130434783,blob,0.7194004058837891,6.373284339904785
Lookalike_00047,Lookalike,0,0.0699006394860653,699,-0.8038291931152344,2.2298214435577397,3.940345764160156,2.344988062234018,5.220711956709344,0.515676872002951,blob,1.5938892364501953,3.7370445728302
Lookalike_00047,Lookalike,0,0.0909008316063424,909,-0.8974685668945312,2.051086902618408,3.372081756591797,1.3306245578388385,4.731321824831183,0.5494106980961015,blob,0.9009685516357422,2.785804510116577
Lookalike_00048,Lookalike,0,0.0635005809351237,635,-0.7072715759277344,1.951343297958374,3.169380187988281,2.209272108885758,5.058381081152318,0.6296479920674268,blob,1.3533477783203125,2.960782051086426
Lookalike_00048,Lookalike,0,0.057300524213899,573,-0.9700546264648438,1.9926915168762207,3.583911895751953,1.1220514686292686,4.9436047810172745,0.6928657799274486,blob,-0.05084228515625,1.9391778707504272
Lookalike_00048,Lookalike,0,0.1477013512459492,1477,-0.7967033386230469,2.033139944076538,3.450366973876953,2.224308842520518,4.343309228136577,0.4630094043887147,blob,0.6994304656982422,2.927269220352173
Lookalike_00048,Lookalike,0,0.339403105029622,3394,-0.6878662109375,2.030505657196045,3.803558349609375,1.1282115777639827,4.719573045966398,0.4770539039988755,blob,-0.1527099609375,2.5406224727630615
Lookalike_00048,Lookalike,0,0.1539014079671739,1539,-0.7905998229980469,2.1041622161865234,3.4823875427246094,2.356297259431728,4.183835519221428,0.5376419213973799,blob,-0.0101165771484375,1.9029364585876465
Lookalike_00048,Lookalike,0,0.1517013878402877,1517,-0.67327880859375,2.0740203857421875,3.483642578125,1.4117286003509208,4.409077971687939,0.3802481513974182,blob,0.0145721435546875,1.913126826286316
Lookalike_00048,Lookalike,0,0.0570005214693236,570,-0.6863975524902344,2.017266273498535,3.120567321777344,2.74190834533864,5.075445358159555,0.7369101486748546,blob,0.19467926025390625,1.8544174432754517
Lookalike_00048,Lookalike,0,0.0522004775561174,522,-0.8895454406738281,2.1279985904693604,3.306098937988281,1.3297205784960568,5.37081710064048,0.5280728376327769,blob,0.03383636474609375,2.590219497680664
Lookalike_00048,Lookalike,0,0.2971027180444923,2971,-0.554779052734375,2.0707225799560547,3.79555892944336,1.9360922643816765,4.59829349164359,0.6548379986775402,blob,0.11225128173828125,1.6987051963806152
Lookalike_00050,Lookalike,0,0.1676015333027832,1676,-0.4672508239746094,2.0291237831115723,3.7739410400390634,1.1536401576814204,3.49881726083825,0.6454843057962643,blob,-0.025775909423828125,1.695658802986145
Lookalike_00050,Lookalike,0,0.3672033593602746,3672,-0.6132736206054688,2.059865713119507,3.753456115722656,1.266853860123302,4.5824285710372825,0.4247541931752458,blob,0.08431243896484375,1.5581339597702026
Lookalike_00050,Lookalike,0,0.0672006147848868,672,-0.7822380065917969,2.120499849319458,3.789905548095703,1.2737835038180634,4.256497750483952,0.4714135391090845,blob,-0.15548324584960938,1.667283058166504
Lookalike_00050,Lookalike,0,0.0803007346313454,803,-0.8061866760253906,2.108506679534912,3.476398468017578,1.380226564796805,4.6932606141686,0.4041268243583291,blob,-0.06109619140625,1.516940712928772
Lookalike_00050,Lookalike,0,0.0722006605278099,722,-0.671234130859375,2.0582730770111084,3.199325561523437,1.7167604660214422,3.9323004163833417,0.3983448275862069,blob,-0.002025604248046875,1.5127384662628174
Lookalike_00050,Lookalike,0,0.2573023539308242,2573,-0.8929252624511719,2.0244743824005127,3.9671707153320312,2.7058247671823312,4.768414167405212,0.4804855275443511,blob,0.0708160400390625,1.538119912147522
Lookalike_00050,Lookalike,0,0.2021018489289528,2021,-0.7246246337890625,1.999165654182434,3.795707702636719,2.3814642379058166,4.872434400490005,0.5575941509173679,blob,0.00252532958984375,1.6217912435531616
Lookalike_00050,Lookalike,0,0.1150010520872319,1150,-0.6031990051269531,2.0161406993865967,4.135158538818359,1.3783703004075134,4.256321286899994,0.5091875138366172,blob,-0.04517364501953125,1.5666148662567139
Lookalike_00050,Lookalike,0,0.0508004647480989,508,-1.055522918701172,2.2002737522125244,3.432659149169922,1.871796329856501,4.65989968547367,0.6973232669869595,blob,0.1618194580078125,1.5808337926864624
Lookalike_00050,Lookalike,0,0.0505004620035236,505,-0.7860069274902344,1.9976540803909304,3.5392799377441406,1.7741220663757171,4.371271602861108,0.6520335700451905,blob,-0.11476898193359375,1.7050927877426147
Lookalike_00050,Lookalike,0,0.0563005150653144,563,-0.8769874572753906,1.9757589101791384,3.2405967712402344,2.4204464148094598,4.696939159789809,0.6600234466588512,blob,-0.12137985229492188,2.0304412841796875
Lookalike_00050,Lookalike,0,0.0744006806546961,744,-0.6515083312988281,2.024474859237671,3.722412109375,2.173952357574213,4.68464623143884,0.6026731470230863,blob,-0.3234672546386719,2.108353614807129
Lookalike_00050,Lookalike,0,0.0604005525745114,604,-1.0169525146484375,2.0263020992279053,3.356269836425781,1.5256884049989734,4.267648915402607,0.7186198691255206,blob,0.07096099853515625,2.372610092163086
Lookalike_00051,Lookalike,0,0.0566005178098898,566,-0.817840576171875,1.9005894660949707,3.291187286376953,2.2750303920647528,4.84768907929143,0.6966153846153846,blob,-0.7036781311035156,5.115377902984619
Lookalike_00051,Lookalike,0,0.0818007483542224,818,-1.0909576416015625,2.0435996055603027,3.502880096435547,2.858780490071773,4.6428373937883,0.524527092016672,blob,-0.2519950866699219,4.9601006507873535
Lookalike_00052,Lookalike,0,0.0585005351922006,585,-0.7579574584960938,1.919386386871338,3.491985321044922,1.817241938205576,4.42438027728267,0.6794425087108014,blob,-0.6738815307617188,6.001654148101807
Lookalike_00052,Lookalike,0,0.1683015397067925,1683,-0.73944091796875,1.9507099390029907,3.9209251403808594,1.5519423332684503,4.330302919489421,0.4530282637954239,blob,0.8907203674316406,3.318455219268799
Lookalike_00052,Lookalike,0,0.1519013896700046,1519,-0.763336181640625,1.921800136566162,3.195175170898437,1.7759443820143122,4.796393817407446,0.62330734509643,blob,-1.0124702453613281,4.727339267730713
Lookalike_00052,Lookalike,0,0.0571005223841821,571,-0.6114578247070312,2.015285015106201,4.221317291259766,2.4022738057638646,3.547348978914369,0.8901013250194856,blob,1.8027057647705078,3.855245590209961
Lookalike_00052,Lookalike,0,0.0831007602473824,831,-1.047027587890625,2.112152099609375,3.9522666931152335,4.136104524347712,4.7700420418847305,0.6227051330086174,linear,0.20969009399414062,0.7434543371200562
Lookalike_00052,Lookalike,0,0.0727006651021023,727,-0.9879035949707032,1.921587586402893,3.7588958740234375,1.15071803227892,4.709194165228755,0.8892966360856269,blob,-0.33890533447265625,3.814697265625e-06
Lookalike_00053,Lookalike,0,0.1099010054294503,1099,-0.8910140991210938,2.063020706176758,3.86392593383789,1.3695314801096048,4.4810167073428815,0.7658536585365854,blob,-0.8688945770263672,3.7772207260131836
Lookalike_00053,Lookalike,0,0.0603005516596529,603,-0.9887924194335938,2.122509717941284,3.297283172607422,2.665629226900197,4.142041369392955,0.4690781796966161,blob,1.2149715423583984,1.6359225511550903
Lookalike_00053,Lookalike,0,0.0732006696763946,732,-0.7684326171875,2.026923179626465,3.3365402221679688,1.2379240052278822,4.411899591224546,0.3836477987421384,blob,0.331573486328125,2.576540231704712
Lookalike_00056,Lookalike,0,0.0935008553926626,935,-0.9529857635498048,2.0311858654022217,3.945369720458984,1.6098799599926168,4.931975142852344,0.3839047423526996,blob,-0.1453094482421875,1.80424964427948
Lookalike_00057,Lookalike,0,0.2711024801812923,2711,-0.3617744445800781,2.4569520950317383,4.699245452880859,4.403508896807022,4.012064790844016,0.4491385023194168,linear,-0.2761974334716797,3.0341663360595703
Lookalike_00057,Lookalike,0,0.1028009404744996,1028,0.002349853515625,3.779805898666382,8.437997817993164,2.226859531153805,5.2157365397928,0.7922928709055876,blob,-0.11706161499023438,2.5559608936309814
Lookalike_00058,Lookalike,0,0.0823007529285147,823,-0.6028404235839844,1.9399571418762207,3.1945953369140625,1.7353686370288195,4.4248432023914415,0.6618415761962203,blob,-0.09770584106445312,3.8010754585266113
Lookalike_00058,Lookalike,0,0.0611005589785206,611,-0.7095375061035156,2.097534418106079,3.642040252685547,1.3674293185693838,4.334643047263369,0.5145263157894737,blob,-0.4656257629394531,4.059101104736328
Lookalike_00058,Lookalike,0,0.0516004720669666,516,-0.7393608093261719,2.1084201335906982,3.4025135040283203,1.0611470125351812,4.202284710003712,0.487022180273714,blob,0.31377410888671875,1.3472996950149536
Lookalike_00058,Lookalike,0,0.050600462918382,506,-0.761627197265625,2.041254997253418,3.5604820251464844,3.1985332395452613,4.18997399605988,0.7808641975308642,linear,-0.21468544006347656,1.7685285806655884
Lookalike_00059,Lookalike,0,0.118901087766712,1189,-0.8894004821777344,2.206624984741211,3.754940032958984,2.03645355031148,4.554718868302865,0.4373735515909508,blob,-0.0387725830078125,2.410681962966919
Lookalike_00059,Lookalike,0,0.1050009606013857,1050,-0.8078269958496094,2.2419283390045166,3.665727615356445,1.096396137747624,4.938819208625235,0.4586154182135837,blob,0.09678268432617188,2.75278639793396
Lookalike_00059,Lookalike,0,0.1748015991725925,1748,-0.8384208679199219,2.11296010017395,3.896518707275391,1.5898662985419745,4.374165629691673,0.5473618287145765,blob,0.001026153564453125,1.550428032875061
Lookalike_00059,Lookalike,0,0.1785016330223557,1785,-0.7780494689941406,2.1082873344421387,3.5433311462402344,1.4762705379667058,4.239306253466117,0.4370714985308521,blob,0.011264801025390625,1.6256513595581055
Lookalike_00059,Lookalike,0,0.0771007053558746,771,-0.8328971862792969,2.1418817043304443,3.408170700073242,2.544538877593272,4.42003431253981,0.8308189655172413,blob,-0.5192127227783203,3.420743942260742
Lookalike_00059,Lookalike,0,0.0868007940971455,868,-0.8279457092285156,2.238518714904785,3.6337966918945312,1.815987480010547,5.257356706921453,0.3618174239266361,blob,0.14180374145507812,1.4179524183273315
Lookalike_00059,Lookalike,0,0.0620005672122467,620,-0.6591873168945312,2.1458914279937744,3.3005447387695312,2.8319394463087977,5.2251808872461325,0.695067264573991,blob,0.39223480224609375,1.766258955001831
Lookalike_00059,Lookalike,0,0.0786007190787515,786,-0.7703170776367188,2.115647315979004,3.2372055053710938,2.0387113664991365,4.404310524140035,0.504169339320077,blob,5.7220458984375e-05,2.0442349910736084
Lookalike_00059,Lookalike,0,0.2384021810225748,2384,-0.73675537109375,2.138641119003296,3.712841033935547,1.309524132452087,4.704721765993871,0.5399773499433749,blob,-0.10062026977539062,2.198014497756958
Lookalike_00059,Lookalike,0,0.0884008087348809,884,-0.7881889343261719,2.120192050933838,3.664649963378906,1.8212409364401756,5.052804765768428,0.5596707818930041,blob,-0.10301971435546875,1.3729146718978882
Lookalike_00059,Lookalike,0,0.1070009788985549,1070,-0.6076240539550781,2.215416669845581,3.757213592529297,1.848939312154798,4.079822229823799,0.5174081237911026,blob,-0.04174041748046875,1.211509346961975
Lookalike_00059,Lookalike,0,0.1028009404744995,1028,-0.6716461181640625,2.105358600616455,4.01416015625,1.414921808584473,4.892554135034859,0.3470042194092827,blob,0.048625946044921875,1.1794443130493164
Lookalike_00059,Lookalike,0,0.2020018480140944,2020,-0.8573188781738281,2.164202213287353,4.092506408691406,1.734197402919535,4.684141583107654,0.5917679800790977,blob,-0.09121322631835938,1.4007807970046997
Lookalike_00059,Lookalike,0,0.0855007822039855,855,-0.9083518981933594,2.176577091217041,3.53375244140625,3.863585005016352,4.5363544809271765,0.6014773126978544,linear,-0.0078125,1.9179977178573608
Lookalike_00059,Lookalike,0,0.0515004711521082,515,-0.9878997802734376,2.181459188461304,4.167453765869141,1.6184432738270924,4.347660889562232,0.5549568965517241,blob,0.439453125,1.328338384628296
Lookalike_00061,Lookalike,0,0.2247020556869654,2247,-1.1033935546875,2.1452579498291016,3.962543487548828,1.7245550595795551,4.986000754833953,0.6471774193548387,blob,-0.118682861328125,1.424553632736206
Lookalike_00061,Lookalike,0,0.0674006166146037,674,-0.9067039489746094,2.218356132507324,3.3141403198242188,2.5957553516736613,4.473045200740981,0.6683192860684184,blob,-0.04770660400390625,1.7709981203079224
Lookalike_00061,Lookalike,0,0.0715006541238007,715,-0.922832489013672,2.106333017349243,3.3330039978027344,1.2893738913392068,4.003626356368659,0.7107355864811133,blob,-0.3122215270996094,1.394526720046997
Lookalike_00061,Lookalike,0,0.0634005800202652,634,-0.7685813903808594,2.0730764865875244,3.3510971069335938,3.1119215238578466,3.891451360566731,0.674468085106383,linear,0.049518585205078125,1.0687779188156128
Lookalike_00062,Lookalike,0,0.0688006294226222,688,-0.9927902221679688,2.078944444656372,3.3116493225097656,1.62274048431242,4.7852275102436,0.4351676154332701,blob,0.2335338592529297,4.106271266937256
Lookalike_00062,Lookalike,0,0.0621005681271052,621,-0.8942642211914062,2.039719820022583,3.27359390258789,1.3982609151019694,3.999358877421676,0.6225563909774436,blob,0.7802200317382812,4.634939193725586
Lookalike_00062,Lookalike,0,0.0523004784709759,523,-0.9322357177734376,2.20979905128479,3.32973861694336,1.8952334463145213,4.924396597001596,0.8039969254419678,blob,0.018566131591796875,3.3860905170440674
Lookalike_00062,Lookalike,0,0.0686006275929053,686,-0.9564590454101562,2.092745780944824,3.149749755859375,1.4098299810817787,4.522036065400385,0.4680996247014671,blob,0.31696319580078125,3.109313488006592
Lookalike_00063,Lookalike,0,0.0608005562339452,608,-0.8613357543945312,2.1932241916656494,4.062129974365234,1.3762953737468786,4.448588273142816,0.3654944394349264,blob,-0.21927261352539062,4.346581935882568
Lookalike_00063,Lookalike,0,0.0933008535629455,933,-0.862030029296875,2.1699330806732178,4.022163391113281,1.343611999396791,4.653418324096884,0.4163319946452476,blob,0.4981422424316406,3.589141845703125
Lookalike_00063,Lookalike,0,0.0535004894492774,535,-0.938251495361328,2.169231414794922,4.902729034423828,6.175952052747776,5.121793117591099,0.6422569027611045,linear,-0.6523170471191406,4.756646633148193
Lookalike_00063,Lookalike,0,0.0530004848749851,530,-0.8277702331542969,2.123419523239136,3.2513999938964844,1.6850204736028866,4.568516874395365,0.4545454545454545,blob,0.12635040283203125,1.7175387144088745
Lookalike_00063,Lookalike,0,0.0602005507447944,602,-0.915935516357422,2.0699238777160645,3.380023956298828,1.191986939403515,4.502914645494901,0.5805207328833173,blob,0.050952911376953125,1.2980444431304932
Lookalike_00064,Lookalike,0,0.050600462918382,506,-0.930988311767578,2.0024070739746094,3.1505050659179688,1.261849141572413,4.431586592475649,0.7157001414427157,blob,0.2813148498535156,4.205781936645508
Lookalike_00064,Lookalike,0,0.0540004940235697,540,-0.969268798828125,2.122196912765503,3.4374961853027344,1.6407672548198822,5.713221893304284,0.5011600928074246,blob,-0.253875732421875,5.95251989364624
Lookalike_00064,Lookalike,0,0.0538004921938528,538,-0.9903068542480468,2.128899335861206,3.532291412353516,3.138381978511973,4.385428912909295,0.6041549691184728,linear,1.3817558288574219,2.9917550086975098
Lookalike_00066,Lookalike,0,36.30593214485396,363056,-0.073333740234375,3.999886274337769,12.193225860595703,2.645427746532428,4.372626952331591,0.4985180643730592,blob,-0.16912460327148438,5.403192043304443
Lookalike_00066,Lookalike,0,1.384612667130272,13846,0.0123729705810546,4.330999851226807,6.152992248535156,1.553390213148223,3.573925556865369,0.9844294347671524,blob,-0.3316535949707031,4.638337135314941
Lookalike_00066,Lookalike,0,0.2252020602612575,2252,-0.632293701171875,2.2223289012908936,3.801544189453125,3.8753407316168462,3.748507926659692,0.434162328899171,linear,-0.5133419036865234,3.885305881500244
Lookalike_00066,Lookalike,0,0.0827007565879485,827,-0.5852165222167969,2.18686842918396,3.676799774169922,1.6533174884732136,3.3273318435328605,0.6897414512093412,blob,0.08193778991699219,2.6967313289642334
Lookalike_00066,Lookalike,0,0.0502004592589481,502,-0.6315479278564453,2.3190114498138428,3.5338058471679688,4.450949397068756,4.475576304363462,0.6574983628028814,linear,0.0026340484619140625,3.318859338760376
Lookalike_00066,Lookalike,0,0.0840007684811085,840,-0.6140708923339844,2.136791467666626,3.409252166748047,2.318951112951281,3.7438790677996936,0.684596577017115,blob,-0.3919258117675781,3.13900089263916
Lookalike_00066,Lookalike,0,0.5950054434078519,5950,-0.514373779296875,2.149378538131714,4.19110107421875,2.0833281020212864,3.736625525307812,0.3970769795455304,blob,0.1962299346923828,3.192373514175415
Lookalike_00066,Lookalike,0,0.1087009944511487,1087,-0.6090831756591797,2.242294311523437,3.494979858398437,1.7212221036170157,4.171255074272174,0.564968814968815,blob,-0.237335205078125,3.4107699394226074
Lookalike_00066,Lookalike,0,0.0594005434259267,594,-0.6474113464355469,2.2350547313690186,3.69448471069336,2.2945393272508463,3.788268428444192,0.673469387755102,blob,0.3326568603515625,4.240015983581543
Lookalike_00066,Lookalike,0,0.0508004647480989,508,-0.6304721832275391,2.3190412521362305,3.3270416259765625,3.2622463332532528,4.079521129990448,0.7548291233283804,linear,-0.4722900390625,7.2696919441223145
Lookalike_00066,Lookalike,0,0.0762006971221484,762,-0.5605869293212891,2.1893155574798584,3.551429748535156,1.5745731002267858,3.7508546827164007,0.4816687737041719,blob,0.23535728454589844,6.424252510070801
Lookalike_00066,Lookalike,0,0.0529004839601266,529,-0.6609477996826172,2.182222604751587,3.1749191284179688,1.7783820734519722,4.481228120225277,0.835043409629045,blob,0.2010955810546875,6.412051200866699
Lookalike_00066,Lookalike,0,0.077200706270733,772,-0.6163787841796875,2.1730639934539795,3.427654266357422,1.6809701652677382,4.360165802292771,0.4632463246324632,blob,-0.4916210174560547,6.477056980133057
Lookalike_00066,Lookalike,0,0.0654005983174344,654,-0.6144084930419922,2.1597726345062256,3.3624267578125,1.9533923519898144,3.807145687061381,0.6052753354928274,blob,-0.3677196502685547,6.7776007652282715
Lookalike_00066,Lookalike,0,0.0536004903641359,536,-0.4402198791503906,2.086401462554932,3.4959449768066406,2.607774037455655,3.896187906472981,0.7613636363636364,blob,-0.23842239379882812,6.0671844482421875
Lookalike_00067,Lookalike,0,0.7488068504601686,7488,0.0072689056396484,2.966059684753418,4.834468841552734,1.4630727965636243,4.061696537234657,0.9867562759438624,blob,1.163381576538086,3.1637942790985107
Lookalike_00068,Lookalike,0,0.2941026905987388,2941,-0.0796775817871093,2.8910632133483887,5.229526519775391,1.4402876425028797,4.461003489931099,0.8716656787196206,blob,-1.8893852233886719,0.08119004219770432
Lookalike_00069,Lookalike,0,0.0751006870587054,751,-0.6208858489990234,2.094306230545044,3.795495986938477,1.2550479044608076,3.989053976726231,0.6858447488584475,blob,0.1560382843017578,2.581941843032837
Lookalike_00069,Lookalike,0,0.0515004711521082,515,-1.034685134887695,2.2462353706359863,3.676198959350586,2.151103883023012,5.330691036436771,0.8547717842323651,blob,0.6543521881103516,1.9104937314987183
Lookalike_00069,Lookalike,0,0.0723006614426684,723,-0.9586143493652344,2.2498927116394043,3.5498104095458984,3.740058044491788,4.525311596271094,0.4391132705739447,linear,0.10477828979492188,2.090794801712036
Lookalike_00070,Lookalike,0,0.0850007776296931,850,-0.7028579711914062,2.2426834106445312,3.587268829345703,2.5070263641346835,5.099961999354854,0.5427841634738186,blob,-0.052333831787109375,2.530975341796875
Lookalike_00070,Lookalike,0,0.0808007392056377,808,-1.010089874267578,2.2769534587860107,3.48480224609375,1.57208908368526,4.514920570093636,0.4721004966403739,blob,-0.12517929077148438,2.3429439067840576
Lookalike_00070,Lookalike,0,0.0527004821304097,527,-0.756988525390625,2.1704084873199463,3.7722091674804688,3.43148926267961,3.894040549621231,0.775570272259014,linear,0.3978080749511719,1.9536577463150024
Lookalike_00070,Lookalike,0,0.0749006852289884,749,-0.972726821899414,2.2228987216949463,3.6416244506835938,2.113832991399629,4.775223030224758,0.4996664442961974,blob,-0.28705596923828125,2.957880973815918
Lookalike_00070,Lookalike,0,3.0672280605387643,30672,-0.0603752136230468,5.345047473907471,8.329612731933594,1.349487502543783,3.760858228012652,0.9791696595316765,blob,-0.30858802795410156,8.730002403259277
Lookalike_00071,Lookalike,0,0.8504077799563657,8504,-0.5429420471191406,3.8666932582855225,8.211158752441406,1.4384608454566004,4.656580888834619,0.5047183809128138,blob,-0.20013809204101562,5.845597267150879
Lookalike_00071,Lookalike,0,0.0537004912789944,537,-1.0892219543457031,2.236891031265259,4.114170074462891,1.7915716712347989,5.339911081286263,0.7799564270152506,blob,0.08237075805664062,1.7161896228790283
Lookalike_00071,Lookalike,0,0.0514004702372497,514,-1.1064376831054688,2.393871784210205,3.711631774902344,1.602051826570905,5.156302299158983,0.550321199143469,blob,0.13094329833984375,1.2366770505905151
Lookalike_00071,Lookalike,0,0.1076009843877057,1076,-0.7506370544433594,2.176995038986206,3.5196533203125,2.0823736560499366,4.394212869129669,0.5897506166072897,blob,-0.3120841979980469,2.802278995513916
Lookalike_00071,Lookalike,0,0.2267020739841346,2267,-0.1022491455078125,3.5821995735168457,7.090633392333984,2.259793076884405,4.076138180792625,0.75265604249668,blob,0.052158355712890625,5.222163200378418
Lookalike_00071,Lookalike,0,0.0639005845945576,639,-1.1230812072753906,2.305464744567871,3.776182174682617,1.58373089846188,4.78602307458862,0.4153396165095873,blob,0.06154441833496094,1.5970414876937866
Lookalike_00071,Lookalike,0,0.0575005260436159,575,-1.1752471923828125,2.011171340942383,3.354999542236328,1.520495074843618,3.948475489287522,0.7595772787318362,blob,0.13942337036132812,1.2449195384979248
Lookalike_00071,Lookalike,0,0.0995009102841702,995,-0.8309535980224609,2.338576555252075,3.4845428466796875,2.127388532490983,4.597453894544117,0.6631122959013662,blob,-0.13489913940429688,1.1409879922866821
Lookalike_00072,Lookalike,0,0.0674006166146037,674,-0.8232631683349609,1.9964282512664795,4.002424240112305,2.549584604631612,5.4080229339412815,0.6980838943552563,blob,0.08349037170410156,0.9662303328514099
Lookalike_00072,Lookalike,0,0.0511004674926743,511,-0.9905662536621094,2.229973793029785,3.82050895690918,1.7884775416996916,5.909986850096913,0.6001174398120963,blob,-0.03939056396484375,3.3689470291137695
Lookalike_00072,Lookalike,0,0.0528004830452682,528,-0.9873542785644532,2.24553656578064,3.540109634399414,1.9300787047379016,5.064263278362829,0.5866666666666667,blob,-0.0019683837890625,2.8491251468658447
Lookalike_00072,Lookalike,0,0.0564005159801728,564,-0.7517890930175781,2.095670700073242,3.454303741455078,2.117921254057191,4.6340820089914345,0.5784615384615385,blob,-0.01464080810546875,1.5827587842941284
Lookalike_00073,Lookalike,0,0.0564005159801728,564,-0.6392059326171875,2.107010126113892,3.286849975585937,1.474537671773201,4.248177449348224,0.6117136659436009,blob,-0.061321258544921875,1.7155224084854126
Lookalike_00073,Lookalike,0,0.0526004812155513,526,-0.8228874206542969,2.244801998138428,3.762195587158203,1.6392834928817333,5.373576888442227,0.4558058925476603,blob,-0.05945587158203125,2.6286160945892334
Lookalike_00073,Lookalike,0,0.0760006952924315,760,-0.6920661926269531,2.1371490955352783,3.795713424682617,2.00495840938178,4.0910480194116285,0.6899682251475261,blob,-0.11039543151855469,1.9549883604049683
Lookalike_00073,Lookalike,0,0.0548005013424374,548,-0.7260932922363281,2.03307843208313,3.793569564819336,1.2622162172979416,5.245343435075456,0.7400405131667792,blob,-0.1640625,1.1330677270889282
Lookalike_00073,Lookalike,0,0.0503004601738066,503,-0.7659187316894531,2.152716398239136,3.524280548095703,1.356679979046837,4.0080004315927855,0.7927501970055162,blob,0.1403064727783203,2.2325081825256348
Lookalike_00075,Lookalike,0,12.091610620110997,120915,-0.2825241088867187,14.036301612854004,18.63201904296875,3.4498272639447194,10.888324960036416,0.7830242746267497,linear,-1.0117664337158203,7.3470940589904785
Lookalike_00075,Lookalike,0,108.05898857775742,1080580,-0.5719680786132812,12.890660285949709,18.37045288085937,1.713355818637466,9.234293547530882,0.5607806443543871,blob,-1.0476150512695312,7.475322723388672
Lookalike_00076,Lookalike,0,44.26470495569442,442643,-0.0099544525146484,5.397683143615723,16.726430892944336,2.151108044440372,4.414849207937178,0.5734270988586334,blob,0.3382434844970703,5.915266036987305
Lookalike_00076,Lookalike,0,0.0644005891688498,644,-0.5943660736083984,2.18652081489563,3.927631378173828,2.647936457216637,3.602021072786907,0.8586666666666667,blob,-0.5748977661132812,2.9634997844696045
Lookalike_00076,Lookalike,0,0.0806007373759207,806,-0.7731342315673828,2.2570059299468994,3.63615608215332,3.8334428263233744,4.62085469236159,0.6793088916982722,linear,0.05413818359375,2.3249025344848633
Lookalike_00076,Lookalike,0,0.1046009569419517,1046,0.1118297576904296,2.924006223678589,5.454921722412109,2.5919155825261404,4.267508826716174,0.7728112301440709,blob,0.8082008361816406,2.322528839111328
Lookalike_00076,Lookalike,0,0.369303378572302,3693,-0.0639915466308593,5.216277122497559,9.49249267578125,8.175310653883676,4.306559026576853,0.7433574879227053,linear,-0.09259796142578125,6.5044264793396
Lookalike_00077,Lookalike,0,0.7747070874085096,7747,-0.7635841369628906,2.0174825191497803,3.964008331298828,1.8611299997179185,4.27245070231295,0.5315083530582141,blob,-0.2706470489501953,4.767436504364014
Lookalike_00077,Lookalike,0,0.0526004812155513,526,-1.0146026611328125,2.168797254562378,3.2310752868652344,2.3173886250269917,3.9873534996053217,0.8708609271523179,blob,-1.0319595336914062,5.008738994598389
Lookalike_00077,Lookalike,0,0.0509004656629574,509,-0.85223388671875,2.1357009410858154,3.59671401977539,1.6835759369344043,4.676079760532114,0.5357894736842105,blob,-0.036285400390625,3.146202325820923
Lookalike_00077,Lookalike,0,0.0769007035261577,769,-0.6941871643066406,2.1354568004608154,3.3585739135742188,2.522248350588581,4.35860783874492,0.4404352806414662,blob,-0.13020706176757812,2.724040985107422
Lookalike_00078,Lookalike,0,0.0565005168950313,565,-1.0040206909179688,1.8659430742263796,3.1339988708496094,1.577371983928224,4.297311242750986,0.7836338418862691,blob,-0.4118061065673828,3.2414517402648926
Lookalike_00078,Lookalike,0,0.0525004803006928,525,-0.8520622253417969,2.2335336208343506,4.848678588867188,1.484443228482643,4.902960574678773,0.6944444444444444,blob,-0.8287010192871094,3.5094385147094727
Lookalike_00079,Lookalike,0,0.0764006989518654,764,-0.5907669067382812,2.402397394180298,4.620248794555664,1.3238634367859468,4.633805708925278,0.7077350625289486,blob,0.20503616333007812,2.574894428253174
Lookalike_00080,Lookalike,0,0.0717006559535176,717,-0.5220146179199219,2.372275114059448,3.8193416595458975,2.716787092878905,4.032866772383486,0.8515439429928741,blob,0.04712677001953125,2.7787082195281982
Lookalike_00080,Lookalike,0,0.1988018187386236,1988,-0.6885108947753906,2.552903652191162,5.425256729125977,1.049457935725289,4.619775006964669,0.5443592552026287,blob,0.3151588439941406,3.3142447471618652
Lookalike_00080,Lookalike,0,0.0554005068315882,554,-0.74005126953125,2.382473945617676,3.496149063110352,2.636784926519965,4.044779038940175,0.6145313366611204,blob,-0.07351875305175781,2.6541099548339844
Lookalike_00080,Lookalike,0,0.0987009029653025,987,-0.7971134185791016,2.3351049423217773,3.940408706665039,1.9131284465015688,4.402950894714996,0.6138059701492538,blob,-0.044452667236328125,2.3690738677978516
Lookalike_00080,Lookalike,0,0.0615005626379544,615,-1.089189529418945,2.3867359161376958,3.6874923706054688,2.6966368020100786,4.214922438379977,0.6050172159370388,blob,-0.16356658935546875,2.3332152366638184
Lookalike_00081,Lookalike,0,0.1626014875598601,1626,-0.62823486328125,2.158195734024048,3.8794193267822266,1.3867034634043862,4.429549004100047,0.6067164179104477,blob,-0.08388900756835938,1.9401023387908936
Lookalike_00081,Lookalike,0,0.0655005992322929,655,-0.6931362152099609,2.347259283065796,3.5787181854248047,3.3532692335832133,4.025429922006526,0.6576305220883534,linear,0.19666671752929688,1.8365858793258667
Lookalike_00081,Lookalike,0,0.0853007803742685,853,-0.8152275085449219,2.413978815078736,4.054903030395508,1.448707246928054,4.180591916110145,0.5578809679529104,blob,0.06414413452148438,1.8086143732070923
Lookalike_00081,Lookalike,0,0.0642005873391329,642,-0.9048671722412108,2.227733373641968,3.5336132049560547,2.0339897419010886,4.672174239435225,0.6966901790558871,blob,-0.15524864196777344,1.468368649482727
Lookalike_00081,Lookalike,0,1.1419104467687842,11419,-0.5976619720458984,2.22465443611145,4.147176742553711,2.171649572627699,4.275388107239513,0.593256442227764,blob,0.019456863403320312,1.351349949836731
Lookalike_00081,Lookalike,0,0.0942008617966717,942,-0.7259864807128906,2.3173131942749023,4.190055847167969,1.8967625173033789,4.174519733606767,0.4556227327690447,blob,-0.19144439697265625,1.2591205835342407
Lookalike_00081,Lookalike,0,0.070700646804933,707,-0.7010478973388672,2.170311212539673,4.014698028564453,1.2525774584474718,4.256909468777413,0.6240070609002648,blob,-0.2206859588623047,1.4796353578567505
Lookalike_00081,Lookalike,0,0.0678006202740376,678,-0.915935516357422,2.248504877090454,3.7476539611816406,2.1718290318918028,4.823016006864445,0.7095761381475667,blob,0.24074554443359375,0.9786126613616943
Lookalike_00082,Lookalike,0,0.0765006998667238,765,-0.8274917602539062,2.280703067779541,4.145717620849609,2.293786981589096,4.302256669851933,0.6527303754266212,blob,0.0012264251708984375,0.9296544790267944
Lookalike_00082,Lookalike,0,0.1270011618702475,1270,-0.9403953552246094,2.3126814365386963,3.9306907653808594,1.105745285493891,4.630954925479034,0.3668399768919699,blob,0.12657546997070312,1.1142035722732544
Lookalike_00083,Lookalike,0,0.053400488534419,534,-1.0033931732177734,2.30470609664917,3.597480773925781,2.3475301067099403,5.522673577931726,0.7105788423153693,blob,0.19198989868164062,0.9209157228469849
Lookalike_00083,Lookalike,0,0.0585005351922006,585,-0.9343700408935548,2.2031421661376958,3.87371826171875,2.7826803227715247,4.454682436252351,0.5732484076433121,blob,-0.16072654724121094,1.2585402727127075
Lookalike_00083,Lookalike,0,0.1197010950855797,1197,-0.6777248382568359,2.187344551086426,4.430931091308594,1.3514399709067928,4.169033229352921,0.5594765132040196,blob,0.1504802703857422,0.8131811022758484
Lookalike_00083,Lookalike,0,0.0593005425110683,593,-0.7663593292236328,2.2597315311431885,3.744190216064453,1.4127319999705004,4.043442358389647,0.5924075924075924,blob,-0.11798667907714844,0.8351355195045471
Lookalike_00083,Lookalike,0,0.1263011554662382,1263,-1.015665054321289,2.188616991043091,3.947969436645508,1.7244473027991425,4.661140296738286,0.4790441873696188,blob,-0.039661407470703125,0.9305322170257568
Lookalike_00083,Lookalike,0,0.0556005086613051,556,-1.004251480102539,2.2821478843688965,3.715799331665039,1.8845609619378008,5.1004726863885566,0.5176908752327747,blob,0.011617660522460938,0.9331756234169006
Lookalike_00083,Lookalike,0,0.0713006522940838,713,-0.724456787109375,2.2076845169067383,3.5211105346679688,1.9065060120325104,3.921588333363696,0.477882037533512,blob,-0.17142486572265625,1.0109196901321411
Lookalike_00084,Lookalike,0,26.16883940565162,261686,-0.3330230712890625,13.212039947509766,18.09556007385254,1.5569384162570274,9.73600139577431,0.6144832792667134,blob,-0.5764198303222656,5.605056285858154
Lookalike_00084,Lookalike,0,0.1578014436466538,1578,-1.2493362426757812,12.154967308044434,16.32522201538086,1.822914664772048,16.20585375261249,0.7365227537922987,blob,-2.8331832885742188,5.3680338859558105
Lookalike_00084,Lookalike,0,9.524187132034829,95241,-0.2605438232421875,13.438507080078123,17.02727699279785,2.6276104882292928,7.9332334234777715,0.7102899226251514,blob,-0.47301673889160156,6.251291275024414
Lookalike_00084,Lookalike,0,0.5575051003359285,5575,-0.6275539398193359,10.4038724899292,15.41321849822998,1.0853195221923186,9.199777751816256,0.6724158726329755,blob,-1.7499618530273438,6.070512771606445
Lookalike_00084,Lookalike,0,0.6042055275748305,6042,-0.467071533203125,12.055181503295898,15.335775375366213,1.4163763791082598,9.529351698230371,0.5001862659878307,blob,-0.9162635803222656,5.967462062835693
Lookalike_00084,Lookalike,0,1.3194120706425545,13194,-0.4099636077880859,12.01811408996582,16.986515045166016,4.764743333755929,7.237947896475163,0.7924800288305603,linear,-0.43767547607421875,4.775068759918213
Lookalike_00084,Lookalike,0,1.4254130403925247,14254,-0.1969432830810547,11.28053092956543,14.891485214233398,1.5203867885898297,5.2155655779938215,0.8931637320634125,blob,-0.32228660583496094,3.73425555229187
Lookalike_00084,Lookalike,0,0.2356021554065376,2356,-0.3454551696777344,11.321821212768556,14.326873779296877,2.0176253734996417,6.634375586114804,0.7447447447447447,blob,-1.3164310455322266,6.515295028686523
Lookalike_00084,Lookalike,0,38.06304821983201,380627,-0.2431545257568359,13.015626907348633,18.73538017272949,2.472030327153734,8.91775246522412,0.6114838677547073,blob,-0.46077537536621094,5.043172359466553
Lookalike_00084,Lookalike,0,6.661860946041055,66618,-0.1315193176269531,11.968210220336914,15.039411544799805,2.6485267958267733,8.86146517979112,0.605123081115451,blob,-0.3247413635253906,3.9738082885742188
Lookalike_00084,Lookalike,0,0.0598005470853605,598,-11.123968124389648,12.85448932647705,15.285511016845703,2.7883075419784054,16.336326961628096,0.5819951338199514,blob,-9.268020629882812,4.369858264923096
Lookalike_00086,Lookalike,0,20.073383641368896,200732,-0.4123859405517578,5.920736312866211,16.305036544799805,6.962070773018221,4.851245464135607,0.6177177015455867,linear,-0.20586585998535156,5.580502986907959
Lookalike_00086,Lookalike,0,5.963054553010119,59630,0.058380126953125,4.433095932006836,8.929841995239258,1.3498487625338502,5.6558271190127085,0.5393183226232414,blob,0.11126518249511719,5.029581546783447
Lookalike_00086,Lookalike,0,0.0896008197131824,896,-0.6076679229736328,2.3057801723480225,3.6261138916015625,1.770515050857767,3.7859560141252446,0.4573762123532414,blob,-0.2037830352783203,2.356210470199585
Lookalike_00086,Lookalike,0,0.0867007931822869,867,-0.4012565612792969,2.2277028560638428,3.399198532104492,1.2045129438624689,3.8815346495778713,0.6689814814814815,blob,0.03256797790527344,2.2216405868530273
Lookalike_00086,Lookalike,0,0.0669006120403114,669,-1.0478401184082031,2.3891165256500244,3.5309085845947266,1.7409002580839037,5.216630172595335,0.6137614678899083,blob,0.11551284790039062,2.29793119430542
Lookalike_00087,Lookalike,0,0.0673006156997453,673,-1.1502628326416016,2.280714511871338,4.732448577880859,1.2864179488765222,5.014399675228153,0.8103552077062011,blob,0.7532691955566406,2.960944652557373
Lookalike_00087,Lookalike,0,0.0837007657365331,837,-0.9121971130371094,2.1544787883758545,4.213897705078125,1.8152058359102992,5.046762495312379,0.527244094488189,blob,-0.7995281219482422,2.870634078979492
Lookalike_00090,Lookalike,0,102.54483813154694,1025439,0.1984596252441406,5.040212154388428,16.174304962158203,2.6226379646979554,5.020844648674752,0.7599700588817289,blob,0.030500411987304688,5.096053600311279
Lookalike_00090,Lookalike,0,0.0690006312523391,690,-0.5186004638671875,3.211487054824829,4.354278564453125,1.9481323168412004,3.517666783520329,0.9084924292297564,blob,0.007312774658203125,5.536584377288818
Lookalike_00091,Lookalike,0,0.0769007035261576,769,-0.7534770965576172,2.4281508922576904,3.9894027709960938,3.6120679581719934,4.410165153833497,0.6045597484276729,linear,0.1301136016845703,1.3527343273162842
Lookalike_00091,Lookalike,0,0.073300670591253,733,-0.7064495086669922,2.405991315841675,3.863861083984375,1.6881165407238805,5.224115061754131,0.7315369261477046,blob,-0.25895118713378906,2.1800308227539062
Lookalike_00091,Lookalike,0,0.0727006651021022,727,-0.476053237915039,2.1824445724487305,3.9250755310058594,1.979016680381333,4.190674314674848,0.7725823591923485,blob,-0.5898208618164062,1.6278984546661377
Lookalike_00091,Lookalike,0,0.0623005699568221,623,-0.7363433837890625,2.3008780479431152,3.5273208618164062,1.6680161579244213,4.602194165552924,0.570774163994503,blob,-0.2612495422363281,1.7480450868606567
Lookalike_00091,Lookalike,0,0.1998018278872081,1998,-0.5755023956298828,2.318654060363769,4.350852966308594,1.8200089709029377,4.196520531058758,0.5965069413345275,blob,0.34920692443847656,1.5917383432388306
Lookalike_00091,Lookalike,0,0.0515004711521081,515,-0.9870128631591796,2.168628931045532,4.173896789550781,1.8924095420110596,5.574858489918551,0.8040593286494926,blob,-1.5199298858642578,2.770277976989746
Lookalike_00091,Lookalike,0,0.0512004684075328,512,-0.9753360748291016,2.2414779663085938,3.3473052978515625,2.067256893920747,4.411782516563368,0.9317561419472248,blob,-0.04304695129394531,3.0290074348449707
Lookalike_00091,Lookalike,0,0.0955008736898316,955,-0.3316154479980469,2.975074291229248,5.016372680664063,2.1191038987715616,6.3215001349708055,0.746677091477717,blob,-3.8929576873779297,7.56337833404541
Lookalike_00091,Lookalike,0,0.0507004638332404,507,-0.7288417816162109,2.229079246520996,3.6470985412597656,1.8607920732404928,5.566720432321869,0.720682302771855,blob,0.6657543182373047,2.3795385360717773
Lookalike_00091,Lookalike,0,0.1300011893160012,1300,-0.6986007690429688,2.37540602684021,4.204923629760742,1.8408549797465763,5.282476417766952,0.4496713939813213,blob,1.1392650604248047,6.692176818847656
Lookalike_00091,Lookalike,0,0.129301182911992,1293,-0.6593742370605469,2.341627597808838,3.5876407623291016,1.1522589264553371,4.187835598984012,0.5791713325867861,blob,-0.08698654174804688,1.247328519821167
Lookalike_00091,Lookalike,0,0.0788007209084684,788,-0.58935546875,2.3009519577026367,4.0991058349609375,1.5625539867838936,4.258049375939744,0.6326776395022079,blob,0.48026084899902344,7.5600199699401855
Lookalike_00091,Lookalike,0,0.0974008910721424,974,-0.8323783874511719,2.3839516639709477,3.728809356689453,2.7787341298020274,4.064618893514833,0.5538811487062838,blob,0.22417259216308594,7.255392551422119
Lookalike_00091,Lookalike,0,0.5663051808434731,5663,-0.7806873321533203,2.3036437034606934,4.885677337646484,3.1458206736881937,4.205892582240936,0.3636422012457458,linear,-0.11070632934570312,3.3841090202331543
Lookalike_00091,Lookalike,0,1.7897163732219037,17897,-0.4288921356201172,2.2407426834106445,4.467453002929688,1.225952872559391,4.035177228663673,0.4977541683469845,blob,0.029033660888671875,1.1375595331192017
Lookalike_00091,Lookalike,0,0.0673006156997452,673,-0.6920261383056641,2.316833257675171,3.6956748962402335,2.159300491725564,4.210065732165923,0.6518159806295399,blob,0.2667255401611328,1.7989170551300049
Lookalike_00091,Lookalike,0,0.0867007931822869,867,-0.7523460388183594,2.329653739929199,3.661422729492188,1.1980213126454315,4.938435655352111,0.6065057712486883,blob,-0.4184761047363281,2.084582567214966
Lookalike_00091,Lookalike,0,0.0550005031721543,550,-0.8371944427490234,2.2592287063598637,3.4903526306152344,1.1388085240108303,4.092550857393666,0.4820333041191937,blob,0.6133327484130859,3.0703375339508057
Lookalike_00092,Lookalike,0,0.0770007044410162,770,-1.0336780548095703,2.345249652862549,3.654827117919922,1.5615709526792918,4.738613039745794,0.4991896272285251,blob,-0.4702014923095703,3.30416202545166
Lookalike_00092,Lookalike,0,0.050800464748099,508,-1.1722373962402344,3.1103079319000244,7.444667816162109,1.1484728110060625,9.29952683530616,0.8544995794785534,blob,-0.3737611770629883,2.134596824645996
Lookalike_00092,Lookalike,0,0.0646005909985668,646,-0.7661972045898438,2.594825506210327,5.397289276123047,1.664522741941359,10.095548398388525,0.4161030595813204,blob,0.012750625610351562,2.060120105743408
Lookalike_00092,Lookalike,0,0.113701040194072,1137,0.3157463073730469,4.4720869064331055,9.945470809936523,6.655359300423745,8.202039769461516,0.7825189263592567,linear,1.4108753204345703,4.383688926696777
Lookalike_00092,Lookalike,0,0.0710006495495084,710,-0.7904739379882812,2.282109260559082,3.6457557678222656,1.4374405418415932,4.736155483966814,0.5684547638110489,blob,0.19106483459472656,2.2574849128723145
Lookalike_00092,Lookalike,0,0.1037009487082257,1037,-1.1293983459472656,2.436741352081299,4.54705810546875,1.2863451381979258,5.510664237125618,0.3432638199271764,blob,-0.5149040222167969,2.7534382343292236
Lookalike_00092,Lookalike,0,0.2048018736301315,2048,-0.7747611999511719,2.142828702926636,4.17109489440918,1.1843822717748531,4.592731548396017,0.3843843843843844,blob,-0.061004638671875,2.1112823486328125
Lookalike_00092,Lookalike,0,0.0924008453292194,924,-0.7614707946777344,2.2704312801361084,4.38421630859375,1.1933605962435565,4.645082140310171,0.4284720612102944,blob,-0.2581653594970703,1.6395235061645508
Lookalike_00092,Lookalike,0,0.0912008343509179,912,-0.6703948974609375,2.2167322635650635,4.101402282714844,1.5057599581396848,5.274514043790601,0.8632276384287743,blob,-0.040401458740234375,1.24383544921875
Lookalike_00092,Lookalike,0,0.0679006211888961,679,-0.630889892578125,2.130337953567505,3.682460784912109,1.3312111775753783,4.740057894470503,0.8064133016627079,blob,-0.253875732421875,1.7515299320220947
Lookalike_00092,Lookalike,0,0.1607014701775494,1607,-0.6950225830078125,2.2712552547454834,3.873329162597656,1.593288804020914,4.5981739786773375,0.5419898819561552,blob,-0.24814605712890625,1.9586377143859863
Lookalike_00092,Lookalike,0,0.0531004857898436,531,-0.5830574035644531,2.358351945877075,3.803787231445313,1.685095665704076,5.115478651037456,0.7385257301808067,blob,-0.2459392547607422,1.8298951387405396
Lookalike_00092,Lookalike,0,0.1254011472325121,1254,-0.8458614349365234,2.302308797836304,3.8386306762695312,1.6998608387346203,5.274755392212461,0.4168190127970749,blob,-0.1738452911376953,1.7803518772125244
Lookalike_00092,Lookalike,0,0.1533014024780232,1533,-0.7910594940185547,2.193835496902466,4.089019775390625,2.215984631876465,4.916859881744372,0.50419338924519,blob,-0.2289276123046875,1.766615629196167
Lookalike_00092,Lookalike,0,0.0800007318867701,800,-0.7640895843505859,2.283036231994629,4.0778656005859375,2.211232498565867,4.715506166554156,0.5206638464041653,blob,0.2939434051513672,1.4613502025604248
Lookalike_00092,Lookalike,0,0.065500599232293,655,-0.8166294097900391,2.329155683517456,3.3381309509277344,2.0916240612483974,4.075815014591332,0.3997558742752518,blob,0.33835792541503906,1.5364453792572021
Lookalike_00092,Lookalike,0,0.0606005544042283,606,-0.896697998046875,2.375882148742676,5.030254364013672,3.291140538844748,4.571726541429015,0.606,linear,0.09637641906738281,1.5742450952529907
Lookalike_00092,Lookalike,0,0.5731052430538495,5731,-0.7656955718994141,2.2087979316711426,4.106212615966797,1.7335615024996414,4.966628664336054,0.3467554076539101,blob,0.00977325439453125,1.482413649559021
Lookalike_00092,Lookalike,0,0.0659006028917268,659,-0.9475173950195312,2.3449277877807617,4.029937744140625,1.4348799206469205,5.235390712591155,0.6463952918097107,blob,0.04807853698730469,1.158142328262329
Lookalike_00092,Lookalike,0,0.1303011920605768,1303,-0.9868011474609376,2.418970823287964,4.196701049804688,1.5588980530164818,4.839386042917955,0.4302459963678389,blob,0.3093547821044922,1.0730924606323242
Lookalike_00092,Lookalike,0,0.0542004958532867,542,-0.6731681823730469,2.212752342224121,3.794523239135742,1.4549977759277448,5.209772181604433,0.644854253420583,blob,-0.10707283020019531,1.8481981754302979
Lookalike_00092,Lookalike,0,0.0955008736898318,955,-0.8638324737548828,2.350548028945923,3.8945045471191406,1.5102907188885253,5.370197258382843,0.4283471630410406,blob,-0.053173065185546875,1.5063798427581787
Lookalike_00092,Lookalike,0,0.0824007538433732,824,-0.9404830932617188,2.45344877243042,3.934907913208008,1.5490993457362592,5.438200848347063,0.4987893462469733,blob,0.49999427795410156,1.0822036266326904
Lookalike_00092,Lookalike,0,0.1834016778504205,1834,-0.8043460845947266,2.171649932861328,3.718217849731445,1.4709726399678429,5.049597764407909,0.4735347276013426,blob,-0.06716537475585938,1.3349889516830444
Lookalike_00092,Lookalike,0,0.0795007273124778,795,-0.8535728454589844,2.340604305267334,4.562070846557617,1.863090540790166,6.09579298201466,0.4694419840566873,blob,-0.04061317443847656,1.571515440940857
Lookalike_00092,Lookalike,0,0.163201493049011,1632,-0.8199787139892578,2.2244136333465576,3.5814647674560547,1.2437886154140383,4.87064315797931,0.4999234185939654,blob,0.35723876953125,1.183387279510498
Lookalike_00092,Lookalike,0,0.0790007227381855,790,-0.8639430999755859,2.1340627670288086,3.5107860565185547,1.2977935946798322,5.050180911422263,0.5701912666907254,blob,0.13946533203125,1.1863616704940796
Lookalike_00092,Lookalike,0,0.0623005699568222,623,-0.7786178588867188,2.300084114074707,3.5153350830078125,2.0037844878260023,4.83537063671232,0.4748475609756097,blob,-0.5722770690917969,1.520716667175293
Lookalike_00092,Lookalike,0,0.0669006120403115,669,-0.8384132385253906,2.4151298999786377,3.71578598022461,1.410465764348936,5.189897227463325,0.5886493620765508,blob,0.026935577392578125,1.217111587524414
Lookalike_00092,Lookalike,0,0.115001052087232,1150,-0.8444156646728516,2.316840648651123,3.684133529663086,2.275794331611595,5.640311158900477,0.4767827529021559,blob,0.12063407897949219,1.63375723361969
Lookalike_00092,Lookalike,0,0.2333021343647933,2333,-0.2435207366943359,3.012523412704468,8.430606842041016,1.6968945463762972,11.645924905435033,0.5291449308233159,blob,0.00885772705078125,3.611511468887329
Lookalike_00092,Lookalike,0,0.0578005287881914,578,-1.0604896545410156,2.3521618843078613,3.4544239044189453,1.1174340060321324,5.240307773488478,0.8672168042010503,blob,-0.37929534912109375,2.919616937637329
Lookalike_00092,Lookalike,0,0.1224011197867582,1224,-0.8100242614746094,2.237890720367432,3.8138370513916016,1.151154611243494,4.6469257673026965,0.5274725274725275,blob,0.023937225341796875,2.7012135982513428
Lookalike_00093,Lookalike,0,64.81209293349242,648115,-0.7101554870605469,12.617338180541992,18.930736541748047,2.096016973245529,7.785453136236747,0.4213530900732719,blob,-1.4834671020507812,8.147597312927246
Lookalike_00094,Lookalike,0,4.667742702848455,46677,-0.2883358001708984,4.294361591339111,9.712594985961914,2.529596844068412,4.486102146708078,0.7669506494360053,blob,0.7165184020996094,6.039784908294678
Lookalike_00094,Lookalike,0,0.0866007922674285,866,-0.3135738372802734,2.2562360763549805,3.6040306091308594,6.9580593408677816,2.985674805153363,0.6676946800308404,linear,-0.6133956909179688,3.1394708156585693
Lookalike_00094,Lookalike,0,0.0619005662973882,619,-0.9417190551757812,2.228182792663574,3.958963394165039,3.361729200713341,5.882993205329727,0.6458007303077725,linear,-1.9091300964355469,4.914252758026123
Lookalike_00094,Lookalike,0,2.453422445137519,24534,-0.1372909545898437,3.734166145324707,15.571775436401367,1.3028920843297365,6.87688891645191,0.8546496438088934,blob,0.10767745971679688,4.563930511474609
Lookalike_00094,Lookalike,0,0.0789007218233269,789,-0.7365989685058594,2.014899253845215,3.7033863067626953,1.7347604463170916,4.471955606950851,0.4724550898203593,blob,0.07056427001953125,2.2368385791778564
Lookalike_00094,Lookalike,0,0.1383012652492536,1383,-0.74603271484375,2.063992977142334,4.020053863525391,2.3512873743164704,4.855314333154323,0.5714876033057851,blob,-0.07353401184082031,2.5056402683258057
Lookalike_00094,Lookalike,0,0.0833007620770992,833,-0.8620014190673828,2.254913091659546,4.61717414855957,2.421971264063968,4.26257760438763,0.5538563829787234,blob,0.6287994384765625,1.9853286743164062
Lookalike_00094,Lookalike,0,0.2107019276067805,2107,-0.813446044921875,2.01346206665039,3.5557899475097656,2.1303855403937915,4.389062794217947,0.5473438108845304,blob,-0.2805366516113281,2.594831705093384
Lookalike_00094,Lookalike,0,0.0631005772756898,631,-0.5484943389892578,2.0314126014709477,3.377021789550781,1.610530235404986,4.013602716480963,0.7639225181598063,blob,-0.24088096618652344,2.266421318054199
Lookalike_00094,Lookalike,0,0.0650005946580006,650,-0.9295940399169922,2.181471109390259,3.5290756225585938,3.03224920577103,3.598344869225013,0.490566037735849,linear,-0.29798316955566406,2.2992804050445557
Lookalike_00094,Lookalike,0,0.0959008773492655,959,-0.7211894989013672,1.9643243551254272,3.41877555847168,1.2482848183908724,4.456148566883469,0.5392184425077312,blob,-0.5770072937011719,2.8350908756256104
Lookalike_00094,Lookalike,0,0.0676006184443206,676,-0.9463710784912108,2.1989002227783203,3.951995849609375,2.557444419136893,4.009849968870562,0.5883376849434291,blob,-0.2489147186279297,2.8044958114624023
Lookalike_00094,Lookalike,0,0.0765006998667238,765,-0.8495674133300781,2.106118679046631,3.795358657836914,1.983249878272344,4.429388738795236,0.715622076707203,blob,0.35741615295410156,1.905572772026062
Lookalike_00094,Lookalike,0,0.1733015854497155,1733,-0.8159332275390625,2.118151426315308,3.4021987915039062,4.115454662665006,4.835883692397227,0.4271102895871842,linear,-0.07733345031738281,2.071988344192505
Lookalike_00094,Lookalike,0,0.0530004848749851,530,-0.953176498413086,2.208360195159912,3.758979797363281,2.509544060816358,4.209407677415634,0.7940074906367042,blob,-0.0364837646484375,2.08341646194458
Lookalike_00094,Lookalike,0,2.907826602254373,29078,-0.7452716827392578,2.0488932132720947,4.256341934204102,2.7874284081722207,4.661179453911438,0.3968392608565111,blob,0.2640953063964844,2.041264533996582
Lookalike_00094,Lookalike,0,0.0521004766412589,521,-0.7815589904785156,2.0959692001342773,3.510305404663086,4.814274829682657,3.5351821408421684,0.7799401197604791,linear,-0.4511394500732422,2.544058322906494
Lookalike_00094,Lookalike,0,0.3843035158010714,3843,-0.6605415344238281,1.9804270267486568,3.358684539794922,1.3945385733967763,4.198826277874661,0.4119412584414192,blob,-0.076904296875,1.839472770690918
Lookalike_00094,Lookalike,0,0.0881008059903054,881,-0.8126506805419922,2.092127799987793,3.3948116302490234,2.0433679116461727,4.290153091337932,0.4874135546334716,blob,-0.2704753875732422,2.0331509113311768
Lookalike_00094,Lookalike,0,0.3962036246692285,3962,-0.59967041015625,2.068657398223877,3.7410888671875,1.283985821184629,4.155253419417454,0.6458554079387073,blob,0.2841224670410156,1.9589695930480957
Lookalike_00094,Lookalike,0,0.7990073097191155,7990,-0.6999397277832031,2.023375988006592,3.929241180419922,2.262023752369162,4.2613121728392445,0.3598774885145482,blob,-0.2424182891845703,2.697535991668701
Lookalike_00094,Lookalike,0,0.1151010530020903,1151,-0.5958118438720703,2.0576744079589844,3.34134292602539,1.725644649691968,4.032161124759773,0.5260511882998172,blob,-0.8710880279541016,3.803171396255493
Lookalike_00094,Lookalike,0,0.0540004940235697,540,-0.8562240600585938,2.0107760429382324,2.9306888580322266,1.8736685699833664,4.266342203849585,0.6923076923076923,blob,0.17181396484375,1.2525819540023804
Lookalike_00094,Lookalike,0,2.6729244532518446,26729,-0.6729469299316406,2.039824247360229,4.615669250488281,1.6896574970465448,4.615396115546024,0.3523278498365496,blob,-0.1546649932861328,2.655604600906372
Lookalike_00094,Lookalike,0,0.2176019907320144,2176,-0.5910053253173828,1.984135985374451,3.488677978515625,1.1640750274047098,4.107490646726823,0.4957284428750427,blob,-0.19647979736328125,2.755542516708374
Lookalike_00094,Lookalike,0,0.0608005562339452,608,-0.7386360168457031,2.052374601364136,3.4338207244873047,1.1742956561408766,4.4260141150535866,0.6471527408195848,blob,-0.12384033203125,1.9719310998916626
Lookalike_00094,Lookalike,0,0.0745006815695545,745,-0.6404094696044922,2.08962082862854,3.4127273559570312,2.13054594336561,3.709542661266976,0.5737389295340778,blob,-0.39399147033691406,2.6592962741851807
Lookalike_00094,Lookalike,0,0.0512004684075328,512,-0.8137168884277344,2.126368999481201,3.116785049438477,1.6604002834832094,4.2487544693160935,0.521650534895568,blob,-0.4787425994873047,2.4038069248199463
Lookalike_00094,Lookalike,0,0.1158010594060995,1158,-0.8924198150634766,2.115629911422729,3.789985656738281,1.71752173935395,4.726424032897588,0.6051737653514502,blob,-0.5921535491943359,3.1935529708862305
Lookalike_00094,Lookalike,0,2.1579197417307623,21579,-0.6752548217773438,2.0215871334075928,4.788494110107422,1.7280068634417365,4.480413266506483,0.4512547051442911,blob,0.519683837890625,2.072140693664551
Lookalike_00094,Lookalike,0,0.1009009230921886,1009,-0.6692771911621094,2.032212018966675,3.5952301025390625,1.602656848050989,4.566792946989417,0.6165597311335167,blob,0.6560726165771484,1.5232508182525635
Lookalike_00094,Lookalike,0,0.0799007309719115,799,-0.5452919006347656,1.924498200416565,3.560617446899414,2.1059624428389143,3.657682124653799,0.7613149118627918,blob,0.3651618957519531,2.1095125675201416
Lookalike_00094,Lookalike,0,0.1155010566615242,1155,-0.6575202941894531,2.0748682022094727,3.463068008422852,1.5180567373529574,4.7604433187927215,0.7396733909702209,blob,-0.17490196228027344,3.313621997833252
Lookalike_00094,Lookalike,0,0.1746015973428755,1746,-0.7501392364501953,2.0439140796661377,3.798084259033203,3.4651830896725904,4.826892671558799,0.5452841973766396,linear,-0.09933090209960938,3.7918970584869385
Lookalike_00094,Lookalike,0,0.8892081349214487,8892,-0.6443939208984375,2.0430588722229004,4.009988784790039,1.718894165538339,4.32892197015075,0.4947145877378435,blob,0.11880111694335938,2.035144090652466
Lookalike_00094,Lookalike,0,0.1015009285813394,1015,-0.885711669921875,2.151385545730591,4.196016311645508,3.8054037431234393,5.082438448271729,0.6072390068800478,linear,0.10531425476074219,4.285213947296143
Lookalike_00094,Lookalike,0,0.0524004793858343,524,-1.062255859375,2.0952160358428955,3.788030624389648,2.27762657075006,4.588814878264214,0.5021562050790609,blob,0.5387306213378906,1.2432687282562256
Lookalike_00094,Lookalike,0,0.1117010218969026,1117,-0.6509933471679688,2.1180260181427,3.7907752990722656,3.4713862977420686,4.564145491448852,0.510745313214449,linear,0.1310882568359375,4.354774475097656
Lookalike_00094,Lookalike,0,0.0500004574292312,500,-0.5063381195068359,2.0942540168762207,3.138885498046875,1.3499996723139405,4.760764072606645,0.8051529790660226,blob,0.3614311218261719,4.089059829711914
Lookalike_00094,Lookalike,0,0.0927008480737947,927,-0.8724174499511719,2.016602039337158,3.4541492462158203,1.779076057181328,4.682515711459344,0.4547461368653421,blob,-0.4769115447998047,1.7106517553329468
Lookalike_00094,Lookalike,0,0.7573069282231366,7573,-0.6408653259277344,2.029374361038208,3.9000396728515625,1.3274080701490831,4.482574242354441,0.406822455009401,blob,-0.1169891357421875,5.228533744812012
Lookalike_00094,Lookalike,0,0.1647015067718877,1647,-0.7846603393554688,2.008331537246704,3.546377182006836,1.6908300148732365,4.21099668892201,0.4324537219377707,blob,-0.09684944152832031,2.1478271484375
Lookalike_00094,Lookalike,0,0.0556005086613051,556,-0.8513412475585938,2.0570216178894043,2.991701126098633,2.175101118086296,3.116227763635158,0.6136865342163356,blob,-0.4718494415283203,2.34112286567688
Lookalike_00094,Lookalike,0,0.6249057169505322,6249,-0.7024974822998047,2.1095998287200928,3.846000671386719,2.3300429142056918,4.145931816343826,0.6348029256399838,blob,-0.1271381378173828,2.0024425983428955
Lookalike_00094,Lookalike,0,0.1392012734829798,1392,-0.4564990997314453,1.9833422899246216,3.3653717041015625,1.8040989316167508,3.859144992964042,0.611062335381914,blob,-0.11528778076171875,5.679471969604492
Lookalike_00094,Lookalike,0,0.1176010758735519,1176,-0.8591938018798828,2.062385082244873,4.778860092163086,1.1870043758011486,4.167866337369469,0.6901408450704225,blob,1.8559551239013672,1.967788815498352
Lookalike_00095,Lookalike,0,0.0884008087348808,884,-1.1091060638427734,2.2421371936798096,3.752037048339844,3.289799612590565,4.938707505182282,0.6273953158268275,linear,-0.14545822143554688,2.7459871768951416
Lookalike_00095,Lookalike,0,0.051900474811542,519,-0.8707599639892578,2.3051271438598637,3.936588287353516,3.780515946223295,3.4279722296504045,0.6645326504481434,linear,0.19942665100097656,1.975070834159851
Lookalike_00095,Lookalike,0,0.056000512320739,560,-0.811065673828125,2.3437931537628174,3.6420822143554688,1.5088125214196764,4.313757673716347,0.498220640569395,blob,0.2946300506591797,2.345900535583496
Lookalike_00095,Lookalike,0,0.0626005727013975,626,-1.0886764526367188,2.220414161682129,3.807384490966797,3.342800005108644,4.471855165345477,0.7849529780564264,linear,0.5854988098144531,2.046389102935791
Lookalike_00095,Lookalike,0,0.0850007776296931,850,-0.9421329498291016,2.268751621246338,3.775806427001953,2.5914741757208968,4.708429652024638,0.7787448465414567,blob,-0.3146934509277344,2.8970110416412354
Lookalike_00095,Lookalike,0,0.0584005342773421,584,-1.1698837280273438,2.417031764984131,3.619604110717773,2.309466994934906,5.11200337330697,0.6067532467532467,blob,-0.16120338439941406,4.006999969482422
Lookalike_00095,Lookalike,0,0.0524004793858343,524,-0.9096546173095704,2.313478469848633,3.382143020629883,1.7465286649188392,4.593887482459897,0.524,blob,-0.6511917114257812,2.7370994091033936
Lookalike_00095,Lookalike,0,0.0536004903641359,536,-0.8815650939941406,2.359433889389038,4.263370513916016,1.5008093875545392,4.383576871166489,0.5508735868448099,blob,0.5638751983642578,3.380378007888794
Lookalike_00095,Lookalike,0,0.0641005864242744,641,-0.7546920776367188,2.2849221229553223,3.425209045410156,2.190327169727929,5.080538923493106,0.7746223564954683,blob,-0.13085556030273438,2.950319528579712
Lookalike_00095,Lookalike,0,0.0697006376563483,697,-0.9147987365722656,2.405642032623291,4.535346984863281,2.2192925071734573,5.137585842480154,0.4803583735354927,blob,-0.03897666931152344,2.405911445617676
Lookalike_00095,Lookalike,0,0.0501004583440897,501,-1.0392322540283203,2.484901428222656,3.893218994140625,3.106218452206972,5.0531962481909565,0.6477052359405301,linear,-0.0905914306640625,2.3976941108703613
Lookalike_00095,Lookalike,0,0.0508004647480989,508,-1.1472511291503906,2.5688798427581787,3.883983612060547,3.6879078222774,3.8169869421804137,0.6571798188874515,linear,-0.5919857025146484,3.8817427158355713
Lookalike_00095,Lookalike,0,0.0579005297030497,579,-0.975107192993164,2.372933864593506,3.617443084716797,1.7275750296933086,5.27453273022087,0.6117274167987322,blob,0.2892875671386719,2.2888262271881104
Lookalike_00095,Lookalike,0,0.111801022811761,1118,-0.7741718292236328,2.3213460445404053,4.2650909423828125,1.1686368562410467,5.455044767128374,0.6375819788993442,blob,-0.5068092346191406,4.475337505340576
Lookalike_00095,Lookalike,0,0.0929008499035116,929,-0.9032096862792968,2.251182079315185,4.5666351318359375,1.870870938325215,4.350752538495382,0.6211969241056503,blob,0.15017318725585938,2.2644174098968506
Lookalike_00095,Lookalike,0,0.1107010127483179,1107,-0.8369159698486328,2.274198293685913,3.8963584899902335,1.481305700129726,4.855334346278673,0.6610928635413557,blob,-0.3924293518066406,4.711045265197754
Lookalike_00095,Lookalike,0,0.0557005095761636,557,-0.7594242095947266,2.293656349182129,3.4841136932373047,2.4427749513399464,4.774513553705169,0.79288256227758,blob,-0.1988372802734375,4.174066066741943
Lookalike_00095,Lookalike,0,0.0671006138700283,671,-0.6609764099121094,2.3109569549560547,3.819860458374024,1.2655586370848515,5.442927582940526,0.582971329278888,blob,-0.7860679626464844,5.35671329498291
Lookalike_00095,Lookalike,0,0.0727006651021022,727,-0.9516773223876952,2.493723154067993,3.615816116333008,3.709036039180629,4.548775399452868,0.4044506258692629,linear,0.8925361633300781,1.2521411180496216
Lookalike_00095,Lookalike,0,0.0529004839601266,529,-0.8740787506103516,2.311463594436645,3.964448928833008,1.7115746159036946,4.82528625099623,0.5759390310288514,blob,0.0528717041015625,1.3743095397949219
Lookalike_00095,Lookalike,0,0.1001009157733209,1001,-0.8428554534912109,2.276580333709717,3.861602783203125,1.676779518661228,4.27214209018902,0.577277970011534,blob,0.23038291931152344,2.4106571674346924
Lookalike_00095,Lookalike,0,0.0696006367414899,696,-0.9064464569091796,2.2944393157958984,3.948810577392578,1.9234052205226349,5.194326694531026,0.4778578784757981,blob,-0.2761077880859375,6.014366626739502
Lookalike_00095,Lookalike,0,0.0726006641872437,726,-0.7990608215332031,2.204637050628662,3.8801116943359375,2.262595665313624,3.687377485535822,0.6332315743567379,blob,-0.46832847595214844,4.51701021194458
Lookalike_00095,Lookalike,0,0.071800656868376,718,-0.93597412109375,2.366850614547729,3.55610466003418,3.67482311037515,4.148468456514521,0.6059071729957806,linear,-0.1198577880859375,5.801022052764893
Lookalike_00095,Lookalike,0,0.0751006870587053,751,-0.8351593017578125,2.2553749084472656,4.201915740966797,1.4710457584482173,5.187166487304124,0.6590609916630101,blob,0.13743972778320312,2.995070695877075
Lookalike_00095,Lookalike,0,0.0991009066247363,991,-0.8974990844726562,2.323982000350952,3.929031372070313,1.4426451697520548,3.880952133269828,0.6122953351869015,blob,-0.5128345489501953,1.4734512567520142
Lookalike_00095,Lookalike,0,0.1009009230921886,1009,-0.7697029113769531,2.2532973289489746,3.7656402587890634,3.5894653023503538,5.111330907680364,0.6390120329322356,linear,-0.1173858642578125,4.680683612823486
Lookalike_00095,Lookalike,0,0.0743006797398376,743,-0.8043766021728516,2.245436191558838,4.356813430786133,1.352159403785529,4.522276684109505,0.700282752120641,blob,-0.5489101409912109,1.5933581590652466
Lookalike_00095,Lookalike,0,0.0540004940235697,540,-0.9073486328125,2.2466609477996826,4.594366073608398,1.4830910743226424,4.88147251343386,0.6737367436057392,blob,-0.27088356018066406,1.498261570930481
Lookalike_00095,Lookalike,0,0.0706006458900745,706,-0.8744430541992188,2.3086929321289062,3.4659461975097656,3.221829583659722,5.040496292964932,0.4810902896081772,linear,-0.4187164306640625,3.8215889930725098
Lookalike_00095,Lookalike,0,0.0537004912789943,537,-0.9873504638671876,2.423828125,4.18574333190918,1.3021753285774655,5.143643285558884,0.5462868769074263,blob,0.31955718994140625,3.178140878677368
Lookalike_00095,Lookalike,0,0.0507004638332404,507,-1.2631454467773438,2.378513813018799,4.354656219482422,1.9494606888385608,5.542498179452268,0.786046511627907,blob,0.8355369567871094,2.4305858612060547
Lookalike_00095,Lookalike,0,0.0965008828384163,965,-0.7409458160400391,2.2293593883514404,3.920108795166016,2.626670306565056,4.2667184326730965,0.5625182162634801,blob,-0.13570213317871094,5.70241641998291
Lookalike_00095,Lookalike,0,0.1055009651756779,1055,-0.9225540161132812,2.2369210720062256,3.561363220214844,2.049412945621954,3.67148792971241,0.4685765045525205,blob,0.15630340576171875,1.2514305114746094
Lookalike_00095,Lookalike,0,0.0564005159801728,564,-0.8110866546630859,2.312728881835937,3.365020751953125,2.44592656902098,3.972121756554425,0.4632443531827515,blob,0.1687183380126953,5.137580394744873
Lookalike_00095,Lookalike,0,0.0680006221037545,680,-1.0702743530273438,2.354622364044189,3.4162044525146484,2.24229158033806,4.411084879520032,0.7057602490918526,blob,-0.0322418212890625,2.765848159790039
Lookalike_00095,Lookalike,0,0.3150028818041569,3150,-0.6847019195556641,2.228015899658203,5.299243927001953,1.891602654822268,4.587146566834655,0.4540540540540541,blob,-0.5278148651123047,5.179877758026123
Lookalike_00095,Lookalike,0,0.0633005791054067,633,-0.7079429626464844,2.338705539703369,3.562419891357422,1.3156653158656455,4.732288070171581,0.5373514431239389,blob,0.9996013641357422,1.603948712348938
Lookalike_00095,Lookalike,0,0.0534004885344189,534,-0.6762771606445312,2.349015235900879,3.698118209838867,2.293913585242452,4.716005550211002,0.6234676007005254,blob,-0.7689151763916016,3.1487138271331787
Lookalike_00095,Lookalike,0,0.1106010118334595,1106,-0.8288440704345703,2.409285306930542,4.217729568481445,3.734386878320718,5.068145302972782,0.5911277391769107,linear,0.5984783172607422,2.2087666988372803
Lookalike_00095,Lookalike,0,0.0523004784709758,523,-0.8206996917724609,2.209686756134033,3.4598522186279297,1.6123867940082557,4.156766696674885,0.7164383561643836,blob,1.0166149139404297,1.4152390956878662
Lookalike_00095,Lookalike,0,0.1388012698235459,1388,-1.0404701232910156,2.273895263671875,3.855422973632813,1.6895313560087015,5.106781694295884,0.4803599238622599,blob,-0.1844024658203125,3.0766305923461914
Lookalike_00095,Lookalike,0,0.1753016037468847,1753,-0.8740425109863281,2.3662171363830566,4.3348541259765625,1.9273984487990683,4.907475372580907,0.5633033419023136,blob,0.07160377502441406,4.168996334075928
Lookalike_00095,Lookalike,0,0.0714006532089422,714,-1.0326995849609375,2.3854360580444336,3.984722137451172,1.5451500891851853,4.277607942930713,0.5908150599917252,blob,-0.20351219177246094,1.5540691614151
Lookalike_00095,Lookalike,0,0.1199010969152965,1199,-0.6689071655273438,2.2186055183410645,3.992481231689453,1.3542380653848236,4.304255903561581,0.565432680971469,blob,0.08074760437011719,2.9264962673187256
Lookalike_00095,Lookalike,0,0.0521004766412589,521,-0.3852195739746094,1.9430681467056277,5.790580749511719,1.9187321678858795,10.667786275989926,0.8868085106382979,blob,-0.0159759521484375,6.352648735046387
Lookalike_00095,Lookalike,0,0.0626005727013975,626,-0.9537181854248048,2.215756416320801,3.8415374755859375,2.200570814652442,4.892417944501434,0.7412670219064535,blob,0.5854988098144531,2.046389102935791
Lookalike_00095,Lookalike,0,0.1059009688351118,1059,-0.6582221984863281,2.0472559928894043,4.1324005126953125,1.233566601785318,4.4408160677183774,0.82734375,blob,-0.38626861572265625,5.1628031730651855
Lookalike_00096,Lookalike,0,0.1366012496966598,1366,-0.9973373413085938,2.2972729206085205,3.990642547607422,1.8338040694153743,5.307000509919993,0.4291548853283066,blob,-0.11029052734375,4.125634670257568
Lookalike_00096,Lookalike,0,0.0793007254827607,793,-1.009870529174805,2.410508155822754,4.07237434387207,1.2122617219581313,5.822990699311093,0.4735742012541057,blob,-0.05850982666015625,4.7669501304626465
Lookalike_00096,Lookalike,0,0.0510004665778158,510,-0.776336669921875,2.2515902519226074,3.4032936096191406,1.85594408498898,3.8920740238140894,0.5516495402920497,blob,-0.09301376342773438,3.721966505050659
Lookalike_00096,Lookalike,0,0.0616005635528129,616,-1.1003150939941406,2.311010360717773,3.844913482666016,1.451304564881288,4.584667240616194,0.5816808309726157,blob,-0.2721214294433594,1.7929613590240479
Lookalike_00096,Lookalike,0,0.0626005727013975,626,-0.8550395965576172,2.140281915664673,4.422527313232422,1.022777672638775,11.921377112802736,0.5688323489323035,blob,-0.5468177795410156,3.870330810546875
Lookalike_00096,Lookalike,0,0.174701598257734,1747,-0.8454856872558594,2.311396837234497,6.649082183837891,1.9835032750023796,9.936077945929329,0.3384674997578223,blob,-0.37764930725097656,4.034183979034424
Lookalike_00096,Lookalike,0,0.0881008059903054,881,-0.8234729766845703,2.3317387104034424,3.511411666870117,2.9679026212397983,4.1388121388365136,0.6335850413520316,blob,-0.12336540222167969,1.1962907314300537
Lookalike_00097,Lookalike,0,29.04056567764209,290403,-0.1984672546386718,11.43870449066162,18.967967987060547,1.1747473360271543,8.975321491000036,0.3660598925277409,blob,-0.09634971618652344,5.996530055999756
Lookalike_00097,Lookalike,0,0.2514022999541747,2514,-0.0896320343017578,11.122416496276855,17.027822494506836,1.911516204694482,7.63610757100373,0.9072536990256224,blob,-0.4988517761230469,4.493760108947754
Lookalike_00097,Lookalike,0,9.259184707659902,92591,-0.1857852935791015,12.80101203918457,18.520078659057617,1.6016234599838408,12.769850297588745,0.6994413745434492,blob,-0.5486927032470703,5.008797645568848
Lookalike_00097,Lookalike,0,76.62270098285114,766220,-0.2658214569091797,10.664435386657717,19.027498245239254,1.427292741298315,7.555692998850422,0.5705751883716506,blob,0.6657772064208984,5.153173923492432
Lookalike_00098,Lookalike,0,0.458804197370626,4588,-0.2259387969970703,2.1519577503204346,4.170063018798828,1.8488205082420008,4.219880557202405,0.3070231204202496,blob,0.5427799224853516,0.0
Lookalike_00098,Lookalike,0,5.042346129908255,50423,-0.0264472961425781,2.785828113555908,6.992458343505859,4.721478486412245,3.5860652788719176,0.8769522418171067,linear,-0.06906700134277344,0.0
Lookalike_00098,Lookalike,0,0.432203954018275,4322,0.1346168518066406,2.269494771957397,4.225154876708984,3.9146971655998426,3.918349217879989,0.578852206522467,linear,-0.21962738037109375,3.790309190750122
Lookalike_00098,Lookalike,0,0.0730006678466776,730,-0.9563426971435548,1.9788843393325808,3.475736618041992,1.6022941620913156,5.416269357755863,0.5882352941176471,blob,-0.09109115600585938,2.599045515060425
Lookalike_00098,Lookalike,0,0.1050009606013856,1050,-1.0248031616210938,2.057812213897705,3.6270828247070312,2.655431189348373,4.7089893945097785,0.5416559195254063,blob,0.7308025360107422,1.6022533178329468
Lookalike_00098,Lookalike,0,0.6637060719156157,6637,-0.1354866027832031,3.362673044204712,7.738262176513672,3.866487487751226,5.468065115092754,0.7571298197581565,linear,1.4857711791992188,4.9021897315979
Lookalike_00099,Lookalike,0,28.106357131034333,281061,-0.5587997436523438,12.769281387329102,20.18597221374512,2.74193801835511,10.047566840448107,0.4324640794207162,blob,-0.9166030883789062,5.597090244293213
Lookalike_00099,Lookalike,0,0.1019009322407733,1019,-0.1039619445800781,13.246891021728516,16.905487060546875,6.018961796902758,14.638589643128908,0.9259427532939573,linear,-0.5853652954101562,4.004990577697754
Lookalike_00099,Lookalike,0,1.055109652671638,10551,-0.3425827026367187,10.646323204040527,14.625772476196287,2.3637565260706004,6.732533643645083,0.5224819253243538,blob,-0.492828369140625,3.9899160861968994
Lookalike_00099,Lookalike,0,0.1705015598336785,1705,0.2297325134277343,12.858880996704102,17.349050521850586,7.418319126748892,6.245551867232018,0.9982435597189696,linear,0.7303447723388672,3.493399143218994
Lookalike_00099,Lookalike,0,12.174011373954368,121739,-0.4380302429199219,14.643991470336914,20.53300094604492,3.159702456107004,9.786270680441715,0.8423386957273828,linear,-1.0891056060791016,5.464465618133545
Lookalike_00100,Lookalike,0,19.859981689060938,198598,0.0768547058105468,7.351152896881103,20.03014373779297,2.252755102807356,4.568386177478192,0.6375783336757757,blob,0.2119903564453125,4.916834831237793
Lookalike_00100,Lookalike,0,3.078828166662344,30788,-0.2106361389160156,3.191460132598877,8.492488861083984,4.439258621219896,4.635001121834719,0.7993457349447639,linear,0.12383270263671875,2.479870080947876
Lookalike_00100,Lookalike,0,0.0648005928282837,648,-0.9597091674804688,2.1433613300323486,3.51785659790039,1.5600458976635327,4.681467860534952,0.8212927756653993,blob,-0.9246444702148438,2.608586549758911
Lookalike_00100,Lookalike,0,0.0559005114058805,559,-0.809906005859375,2.181649684906006,3.5499725341796875,2.676931218077545,4.365692824943685,0.4827288428324697,blob,-0.2863960266113281,1.5523836612701416
Lookalike_00100,Lookalike,0,0.1123010273860534,1123,-0.6699943542480469,2.030435085296631,3.445053100585937,1.9708122194874764,4.171234277431774,0.480736301369863,blob,0.4837512969970703,1.2122740745544434
Lookalike_00100,Lookalike,0,0.0582005324476251,582,-0.7710304260253906,1.9759491682052608,3.16827392578125,3.3359654689771387,4.465821691377306,0.6689655172413793,linear,0.14449501037597656,1.632806658744812
Lookalike_00100,Lookalike,0,0.0775007090153084,775,-0.7051467895507812,2.011052370071411,3.5650177001953125,2.412401296859333,4.389038530917836,0.5916030534351145,blob,-0.03389167785644531,2.5696513652801514
Lookalike_00100,Lookalike,0,0.062500571786539,625,-0.6530532836914062,2.0337331295013428,3.15228271484375,1.8564133129731104,4.373796565909215,0.556049822064057,blob,0.14888572692871094,1.6137745380401611
Lookalike_00100,Lookalike,0,0.1263011554662381,1263,-0.8199424743652344,2.027393579483032,3.769954681396485,1.3706466594737965,4.671178645041259,0.4470005308794904,blob,-0.2425251007080078,1.6041277647018433
Lookalike_00100,Lookalike,0,0.1044009551122348,1044,-0.5935173034667969,1.9367274045944212,3.7129173278808594,1.470083005874609,3.678487823175939,0.7131147540983607,blob,-0.12578201293945312,1.4775655269622803
Lookalike_00100,Lookalike,0,0.1124010283009118,1124,-0.7278213500976562,1.968196153640747,3.625469207763672,2.306830320300131,4.317515560337019,0.6415525114155252,blob,-0.12895965576171875,2.004222869873047
Lookalike_00100,Lookalike,0,0.0538004921938528,538,-0.933380126953125,2.0317604541778564,3.5720386505126958,2.4979828624910074,5.046525382029167,0.5732551944592434,blob,0.06708526611328125,1.5475033521652222
Lookalike_00100,Lookalike,0,0.1629014903044354,1629,-0.2374763488769531,2.2920684814453125,4.177099227905273,11.09165274866866,4.094563628631192,0.6705083350483638,linear,0.21457481384277344,1.7601087093353271
Lookalike_00100,Lookalike,0,0.2514022999541747,2514,-0.7140922546386719,1.9574263095855715,3.7209739685058594,1.4266435177678418,4.680057155208609,0.4886297376093294,blob,-0.03141593933105469,1.723059892654419
Lookalike_00100,Lookalike,0,0.0767007016964407,767,-0.8636627197265625,2.0395307540893555,3.5858917236328125,2.1370058362733824,6.536923831944171,0.6046511627906976,blob,0.03955650329589844,2.1279683113098145
Lookalike_00100,Lookalike,0,0.0870007959268623,870,-0.7480621337890625,2.055570125579834,3.4219894409179688,1.9914719123269355,5.095707154454058,0.5435801312089972,blob,-0.20812606811523438,1.638384461402893
Lookalike_00100,Lookalike,0,0.0660006038065852,660,-0.6929244995117188,1.992343187332153,4.002170562744141,1.6599552724549942,4.8504175517366965,0.609981515711645,blob,0.17723846435546875,1.8775581121444702
Lookalike_00100,Lookalike,0,0.0714006532089422,714,-0.7830238342285156,1.9692060947418213,3.3247604370117188,1.6974954661912625,4.81784336395187,0.56353591160221,blob,0.7539119720458984,1.4440292119979858
Lookalike_00100,Lookalike,0,0.0701006413157822,701,-0.9011268615722656,1.9388564825057983,3.375629425048828,1.697467606852389,5.025632868162977,0.4067304902814041,blob,-0.15291786193847656,2.082551956176758
Lookalike_00100,Lookalike,0,0.1150010520872318,1150,-0.7920570373535156,2.04636812210083,3.588592529296875,1.8703123872800576,4.235102954022625,0.3370951194489228,blob,0.5011386871337891,1.81205415725708
Lookalike_00100,Lookalike,0,0.1418012972692998,1418,-0.8630752563476562,2.0574052333831787,3.964683532714844,2.472441830199522,5.1709064381389,0.3821072487200215,blob,0.44588279724121094,2.7337698936462402
Lookalike_00100,Lookalike,0,0.0678006202740375,678,-0.9083175659179688,1.9789916276931765,3.4588165283203125,2.183648945652495,5.418135382878251,0.8620470438652257,blob,-0.1443042755126953,3.8968844413757324
Lookalike_00101,Lookalike,0,0.0680006221037545,680,-1.0211143493652344,1.842947244644165,3.285655975341797,2.9721752958116823,4.056860303890234,0.7003089598352215,blob,-0.15546607971191406,2.0625197887420654
Lookalike_00101,Lookalike,0,0.1335012213360474,1335,-0.7111740112304688,1.77646005153656,3.3203353881835938,1.437509952923104,5.025845931901629,0.4840464104423495,blob,-0.6837482452392578,2.559011459350586
Lookalike_00101,Lookalike,0,0.0899008224577578,899,-0.9195404052734376,1.8450400829315183,3.550504684448242,1.0520278109742651,4.477559847558916,0.4139042357274402,blob,-0.39246177673339844,2.848816156387329
Lookalike_00101,Lookalike,0,0.0553005059167297,553,-0.5527076721191406,1.7605712413787842,3.117624282836914,1.3675192150976183,4.568107263127906,0.7805222300635145,blob,-0.30425071716308594,2.355319023132324
Lookalike_00101,Lookalike,0,0.0521004766412589,521,-0.9236412048339844,2.0822339057922363,3.13259506225586,3.094247151806546,4.743747193236502,0.6002304147465438,linear,-0.09998703002929688,2.1594035625457764
Lookalike_00101,Lookalike,0,0.1486013594796753,1486,0.0340576171875,2.177132129669189,4.129064559936523,1.5352396792031229,5.928114748450912,0.7802572853767393,blob,2.660909652709961,3.019322156906128
Lookalike_00102,Lookalike,0,0.1498013704579768,1498,-1.7858009338378906,11.555031776428224,15.57192611694336,3.249000728341131,10.902980625582687,0.7668287688763757,linear,-1.9212970733642578,1.985101580619812
Lookalike_00102,Lookalike,0,0.1241011353393519,1241,-0.7169208526611328,12.6260986328125,17.076562881469727,1.336619851454289,11.013853256275867,0.9509578544061302,blob,-1.7128734588623047,3.989567756652832
Lookalike_00102,Lookalike,0,1.7394159130480968,17394,-1.3588409423828125,13.012338638305664,19.42914581298828,1.5383463928288426,13.955362871780144,0.5813114096651293,blob,-1.214162826538086,3.5094563961029053
Lookalike_00102,Lookalike,0,1.0859099344480443,10859,-0.3201789855957031,11.57675075531006,16.50637435913086,1.7856222412796103,12.563361580753968,0.5769465770528385,blob,-0.5759258270263672,2.384434223175049
Lookalike_00102,Lookalike,0,0.1677015342176416,1677,-10.47397804260254,9.415010452270508,14.87400245666504,2.2371717936141367,13.785942191859752,0.6305696559503666,blob,-8.869400024414062,3.7329514026641846
Lookalike_00102,Lookalike,0,1.80231648849407,18023,-0.5410900115966797,10.019749641418455,16.630966186523438,8.778834442837988,7.668936589542276,0.7363238959022756,linear,-0.066192626953125,5.857198238372803
Lookalike_00102,Lookalike,0,24.273922069998616,242737,-0.2479782104492187,11.254559516906738,20.64232444763184,8.387410179197362,10.297206616724017,0.4203201703881352,linear,-0.615020751953125,6.238850116729736
Lookalike_00102,Lookalike,0,0.2822025817305812,2822,-0.0892829895019531,14.146787643432615,19.42191696166992,3.3783737506398217,12.427789851437284,0.9444444444444444,linear,-0.2658882141113281,4.694606781005859
Lookalike_00102,Lookalike,0,0.2207020190926267,2207,-0.053558349609375,10.598817825317385,13.39533233642578,3.762597087533597,5.811611766394769,0.9993208059769074,linear,-0.20447921752929688,6.356945991516113
Lookalike_00103,Lookalike,0,0.2635024106520487,2635,-0.5640239715576172,10.94285011291504,16.5156192779541,3.538288613505624,7.418131529021992,0.3965984346779049,linear,-0.20191001892089844,5.155821800231934
Lookalike_00103,Lookalike,0,0.2884026384518058,2884,-0.4775886535644531,9.896490097045898,13.482097625732422,1.928198494832879,7.303847260641397,0.9262887425726676,blob,0.06522560119628906,2.517958641052246
Lookalike_00103,Lookalike,0,49.00904835932446,490086,0.1003952026367187,11.56902027130127,20.53182411193848,2.044457031743491,10.53073836777624,0.3316211602132559,blob,-0.05964469909667969,5.64009428024292
Lookalike_00103,Lookalike,0,0.4537041507128444,4537,-1.4799652099609375,7.82091760635376,13.747156143188477,3.422090972208066,7.98995329300883,0.6050140018669156,linear,-0.6852970123291016,3.9061293601989746
Lookalike_00103,Lookalike,0,0.1083009907917149,1083,-0.4973125457763672,9.21156883239746,14.21927261352539,1.4819971535356116,11.647685720378718,0.6473401075911536,blob,-0.2598381042480469,3.4030659198760986
Lookalike_00103,Lookalike,0,0.0851007785445516,851,-0.35430908203125,10.6934814453125,12.878257751464844,1.604972056716458,10.664272799024088,0.9906868451688008,blob,0.36414337158203125,5.753177642822266
Lookalike_00103,Lookalike,0,0.1508013796065614,1508,0.0747756958007812,10.573237419128418,13.548635482788086,2.528905826313764,10.428399254341198,0.9087074420006026,blob,-0.2971515655517578,7.983268737792969
Lookalike_00104,Lookalike,0,1.6331149405535512,16331,-0.3357429504394531,2.966496229171753,7.209365844726562,1.3710444073600483,5.114481085836678,0.6134400120201338,blob,-0.3852081298828125,2.7964282035827637
Lookalike_00104,Lookalike,0,17.972564422022316,179724,-0.0758094787597656,4.4597930908203125,13.695819854736328,1.5766728911700951,5.123477136797319,0.7295977396451145,blob,-0.16309547424316406,5.018728733062744
Lookalike_00104,Lookalike,0,0.0539004931087112,539,-0.8665580749511719,2.3818747997283936,3.995342254638672,2.3637942631081383,4.379546771603206,0.7205882352941176,blob,0.010883331298828125,2.122842311859131
Lookalike_00104,Lookalike,0,0.0671006138700283,671,-0.9671859741210938,2.4316160678863525,3.79678726196289,1.705498583092548,4.353403568364188,0.5852594853903184,blob,-0.5160007476806641,2.5734610557556152
Lookalike_00104,Lookalike,0,0.0790007227381853,790,-1.1313400268554688,2.2391207218170166,3.7031326293945312,2.77269583170736,5.372197381660687,0.5151613955004891,blob,0.11072731018066406,1.999610424041748
Lookalike_00104,Lookalike,0,0.0913008352657762,913,-0.704986572265625,2.3768579959869385,3.745494842529297,2.521540788372634,4.337830158034304,0.4929805615550756,blob,-0.9588756561279297,2.568747043609619
Lookalike_00104,Lookalike,0,0.1002009166881794,1002,-0.6820068359375,2.355773687362671,4.2287445068359375,5.146167787734377,4.777828310824706,0.5388545307878462,linear,0.16991043090820312,2.4451112747192383
Lookalike_00104,Lookalike,0,0.0566005178098897,566,-0.789031982421875,2.340200185775757,3.610275268554688,1.8492935558823111,4.382944044249996,0.7137452711223203,blob,-0.10501289367675781,2.2155275344848633
Lookalike_00104,Lookalike,0,0.097300890157284,973,-0.8298873901367188,2.284266471862793,3.4969558715820312,1.6421791841423448,4.172400279891961,0.4804938271604938,blob,-0.12662315368652344,2.3267710208892822
Lookalike_00104,Lookalike,0,0.1336012222509059,1336,-1.1387710571289062,2.436805963516236,4.628097534179688,2.54803204545778,5.299081024800334,0.3866859623733719,blob,0.26502037048339844,1.597054362297058
Lookalike_00105,Lookalike,0,5.731152431453345,57311,-0.6902694702148438,3.1818325519561768,17.576662063598633,4.109170601093207,4.886366938208404,0.579753980617881,linear,0.09335517883300781,3.6671407222747803
Lookalike_00105,Lookalike,0,0.1242011362542104,1242,-0.8582191467285156,2.3420724868774414,3.90639877319336,1.7186766488944052,4.250730351749437,0.6180641950734014,blob,0.39696502685546875,1.6883972883224487
Lookalike_00105,Lookalike,0,0.0626005727013975,626,-0.6574630737304688,2.108133316040039,3.8620681762695312,1.9311960969541255,4.129713423854285,0.7408284023668639,blob,-0.5553836822509766,2.8167922496795654
Lookalike_00105,Lookalike,0,0.0603005516596528,603,-0.7856521606445312,2.242841958999634,4.131862640380859,1.242079193695817,4.330896644819206,0.5474353154788925,blob,0.3227500915527344,1.882399082183838
Lookalike_00105,Lookalike,0,0.0665006083808775,665,-1.044036865234375,2.2675061225891118,4.254917144775391,1.847155780517771,4.47750778499581,0.4436290860573715,blob,-0.03208351135253906,3.39851713180542
Lookalike_00105,Lookalike,0,0.0536004903641359,536,-0.8746719360351562,2.157489776611328,3.3889236450195312,3.0870926313203984,5.104405862339001,0.646172393007836,linear,0.17615127563476562,3.571091413497925
Lookalike_00105,Lookalike,0,0.0556005086613051,556,-0.8892173767089844,2.2016289234161377,3.7085227966308594,3.375269418701368,5.325316149535377,0.6607248960190136,linear,0.4238739013671875,2.1756300926208496
Lookalike_00107,Lookalike,0,0.0578005287881913,578,-1.0948944091796875,2.7949154376983643,4.345186233520508,5.025442277917146,4.4883112550203705,1.0,linear,1.2114505767822266,1.3095364570617676
Lookalike_00107,Lookalike,0,0.1073009816431302,1073,-0.6954612731933594,2.3403234481811523,3.442466735839844,1.2701011091992405,4.313298794283729,0.4575692963752665,blob,0.12864112854003906,7.37857723236084
Lookalike_00107,Lookalike,0,0.149201364968826,1492,-0.9764900207519532,2.409531116485596,3.900218963623047,3.369435713109413,4.4773940787378175,0.6005232441135038,linear,-0.2729778289794922,5.408251762390137
Lookalike_00107,Lookalike,0,0.0600005489150775,600,-0.8332099914550781,2.311734676361084,3.7763500213623047,2.291699807849737,4.504340683483076,0.8119079837618404,blob,-0.48348045349121094,7.378577709197998
Lookalike_00107,Lookalike,0,0.0897008206280408,897,-1.0059165954589844,2.573822498321533,4.3897552490234375,1.240893141316244,5.164797120359306,0.453030303030303,blob,-1.1290225982666016,7.37857723236084
Lookalike_00107,Lookalike,0,0.1330012167617551,1330,-0.8384742736816406,2.3586320877075195,3.693225860595703,1.9615701784711803,4.236786244814973,0.6900129701686122,blob,0.12200546264648438,7.37857723236084
Lookalike_00107,Lookalike,0,0.0600005489150775,600,-0.9745597839355468,2.3753530979156494,3.6201171875,2.7706397124524837,4.548229748451427,0.6497022198159177,blob,-0.48348045349121094,7.378577709197998
Lookalike_00107,Lookalike,0,0.1277011682742566,1277,-0.8371734619140625,2.328340768814087,4.478790283203125,1.4778075391687662,4.287414708360451,0.6794360202181431,blob,-0.03469657897949219,7.37857723236084
Lookalike_00107,Lookalike,0,0.0490004482806466,490,-1.3072357177734375,2.690556287765503,4.096920013427734,6.781041475054276,5.18648547530601,0.5033384694401644,linear,-0.5512943267822266,7.3073649406433105
Lookalike_00107,Lookalike,0,0.0788007209084684,788,-1.3967361450195312,2.7006874084472656,4.058483123779297,1.9216872585705087,4.582924546349714,0.643527970600245,blob,0.9840068817138672,5.556687831878662
Lookalike_00107,Lookalike,0,0.2085019074798943,2085,-0.7407455444335938,2.369848728179932,4.167579650878906,1.6567349127507975,4.273772275513097,0.3495682789839886,blob,-0.14881515502929688,4.821475982666016
Lookalike_00107,Lookalike,0,0.1545014134563245,1545,-0.7357711791992188,2.5285143852233887,3.999448776245117,1.8841391981970248,4.497461124411225,0.3375942313995411,blob,0.3824882507324219,3.759187698364258
Lookalike_00107,Lookalike,0,0.088000805075447,880,-0.8021469116210938,2.5188992023468018,3.9105453491210938,2.9189721926208203,4.048376205013358,0.5576679340937896,blob,-0.11436271667480469,4.282024383544922
Lookalike_00107,Lookalike,0,0.0538004921938528,538,-0.7274742126464844,2.214038610458374,7.507461547851562,1.6077946163715933,9.10002763399099,0.3286499694563225,blob,-0.3879890441894531,2.1303956508636475
Lookalike_00107,Lookalike,0,0.4369039970166227,4369,-0.7788009643554688,2.303443431854248,9.3046875,1.4873306371769794,12.681614577501705,0.396694965269896,blob,-0.32482147216796875,2.2935450077056885
Lookalike_00107,Lookalike,0,0.1417012963544413,1417,-0.6608352661132812,2.3903818130493164,7.415912628173828,2.912491218460879,12.019838635791237,0.4884522578421234,blob,-0.3842430114746094,1.951513409614563
Lookalike_00107,Lookalike,0,0.5590051140588055,5590,-0.7609062194824219,2.3000147342681885,18.39232635498047,1.1602032604618446,12.158284894190516,0.3809588714348996,blob,-0.4286003112792969,2.9940805435180664
Lookalike_00107,Lookalike,0,0.0674006166146037,674,-0.8718032836914062,2.0399608612060547,8.147274017333984,2.313447706243796,15.683421482888738,0.6477654973570399,blob,-0.17689132690429688,1.7180914878845215
Lookalike_00107,Lookalike,0,0.0740006769952622,740,-0.9060287475585938,2.400226593017578,5.806861877441406,1.952702873464232,13.20216513890385,0.3607116743845966,blob,-1.1220207214355469,3.4835479259490967
Lookalike_00107,Lookalike,0,0.1298011874862843,1298,-0.6906051635742188,2.3237218856811523,7.796836853027344,1.4080563957862595,15.047626194297116,0.293167701863354,blob,-0.5162200927734375,2.403987407684326
Lookalike_00107,Lookalike,0,0.0572005232990405,572,-0.8894767761230469,2.4061198234558105,7.427639007568359,1.6130454761090491,11.735213381698124,0.4622222222222222,blob,-0.08008575439453125,1.930801510810852
Lookalike_00107,Lookalike,0,0.1248011417433612,1248,-0.7768898010253906,2.1672089099884038,8.367012023925781,1.376385423674179,13.821241896386177,0.4423179160021265,blob,-0.6182327270507812,2.302144765853882
Lookalike_00107,Lookalike,0,0.0500004574292312,500,-1.245220184326172,2.648961544036865,10.61504364013672,1.8382334493908787,9.590752902291472,0.4161464835622139,blob,0.249237060546875,3.057354211807251
Lookalike_00107,Lookalike,0,0.0659006028917267,659,-0.7488327026367188,2.021890878677368,8.594827651977539,1.6146678977814473,12.755158762019535,0.3582495243272628,blob,-0.3879508972167969,2.205702781677246
Lookalike_00109,Lookalike,0,0.4968045450168417,4968,-0.6142368316650391,2.039950132369995,5.57237434387207,2.3439343129108643,4.317922471427744,0.4551951621770203,blob,-0.04334068298339844,5.772334575653076
Lookalike_00109,Lookalike,0,0.0632005781905483,632,-0.7267112731933594,1.8702430725097656,2.86294174194336,1.6097927309343498,3.9401769175942447,0.610923151280812,blob,0.08161544799804688,2.6368439197540283
Lookalike_00109,Lookalike,0,0.0584005342773421,584,-0.6251544952392578,1.880046248435974,3.6409988403320312,1.9256131878027247,4.933282482437062,0.830135039090263,blob,0.0118560791015625,2.806183338165283
Lookalike_00109,Lookalike,0,35.68022642058457,356799,0.3322658538818359,4.0702714920043945,12.255996704101562,6.72140630576673,6.164675069266431,0.6032089521328349,linear,7.457424163818359,2.9999194145202637
Lookalike_00110,Lookalike,0,6.495259421886855,64952,0.1298046112060547,8.001888275146484,14.767841339111328,3.4588280314384763,5.850456311912241,0.7241348555119514,linear,0.1815319061279297,4.183086395263672
Lookalike_00110,Lookalike,0,0.1415012945247244,1415,-0.5436458587646484,1.9466315507888796,3.789327621459961,1.8872497524802752,4.734590878051524,0.6770334928229665,blob,0.09103965759277344,2.335444450378418
Lookalike_00110,Lookalike,0,0.1120010246414779,1120,-0.8500251770019531,2.1082608699798584,3.704946517944336,1.4102033738806377,4.933733639451401,0.5378151260504201,blob,-0.36112213134765625,1.6044316291809082
Lookalike_00110,Lookalike,0,0.1313012012091612,1313,-0.8580703735351562,2.06186842918396,3.627178192138672,1.9548371543660528,4.382896232756553,0.520102990691226,blob,0.07361221313476562,2.1830801963806152
Lookalike_00110,Lookalike,0,0.0879008041605885,879,-0.8582744598388672,2.216788053512573,3.538291931152344,2.407547922324762,4.791193905722687,0.4808533916849015,blob,0.1339397430419922,1.7132072448730469
Lookalike_00110,Lookalike,0,0.0815007456096469,815,-0.8279666900634766,2.1067917346954346,3.513072967529297,1.487076273492851,4.9942656192111,0.6322730799069046,blob,0.7262020111083984,1.5273085832595825
Lookalike_00110,Lookalike,0,0.1129010328752041,1129,-0.8047637939453125,2.0676863193511963,3.827648162841797,2.2969344795791136,4.886086667061612,0.5200368493781667,blob,0.024265289306640625,1.7661824226379395
Lookalike_00110,Lookalike,0,0.0522004775561174,522,-0.6298770904541016,2.018291473388672,3.378826141357422,1.4117305602942325,4.555901353027087,0.8024596464258262,blob,0.4823741912841797,1.506210446357727
Lookalike_00110,Lookalike,0,0.0951008700303978,951,-0.6702327728271484,2.10268497467041,3.776611328125,1.885222025572402,4.738301118996887,0.5587544065804936,blob,0.15564918518066406,1.6556075811386108
Lookalike_00110,Lookalike,0,0.0808007392056376,808,-0.8638801574707031,2.147256851196289,3.418529510498047,2.8809173302938604,3.947251322079769,0.7062937062937062,blob,0.3135414123535156,1.7395894527435303
Lookalike_00110,Lookalike,0,0.0670006129551698,670,-0.7953872680664062,2.14005446434021,3.893516540527344,1.81321844732865,4.546442740775314,0.67472306143001,blob,0.13824462890625,1.5678311586380005
Lookalike_00110,Lookalike,0,0.0925008462440778,925,-0.8767795562744141,1.9972970485687256,3.495565414428711,1.442325865613625,5.363821091377129,0.4754561809303521,blob,0.37099456787109375,1.3774806261062622
Lookalike_00110,Lookalike,0,0.0656006001471513,656,-0.8105926513671875,2.022798538208008,3.2566452026367188,1.2889981182383072,5.189897678772688,0.5825932504440497,blob,0.12696456909179688,1.5275202989578247
Lookalike_00110,Lookalike,0,0.3127028607624121,3127,-0.4180908203125,4.013339042663574,8.945825576782227,2.6152118425133977,5.564211435191852,0.7516826923076924,blob,-0.3185710906982422,5.323785305023193
Lookalike_00111,Lookalike,0,0.2576023566753994,2576,-0.9545936584472656,2.4908287525177,4.284656524658203,1.7153646270134406,5.244829438698007,0.4182497158629648,blob,-0.24751663208007812,2.017411231994629
Lookalike_00111,Lookalike,0,0.0530004848749851,530,-0.5711956024169922,2.371263265609741,3.859363555908203,1.2168146398183888,5.777458182625694,0.7047872340425532,blob,-0.3277587890625,2.716182231903076
Lookalike_00111,Lookalike,0,0.0910008325212008,910,-0.8434333801269531,2.3864998817443848,4.497770309448242,1.9873347699381456,4.490932551732001,0.7401382675884506,blob,-0.3862800598144531,2.8488497734069824
Lookalike_00111,Lookalike,0,0.2001018306317834,2001,-0.8813209533691406,2.304996967315674,3.851152420043945,1.4812589272642045,5.2678994992706025,0.4501180969519739,blob,-0.13483428955078125,1.953650951385498
Lookalike_00111,Lookalike,0,0.2017018452695188,2017,-0.9074935913085938,2.2708752155303955,4.627328872680664,3.977801977312312,5.375390945883874,0.5776886724903336,linear,-0.4052467346191406,2.295569658279419
Lookalike_00111,Lookalike,0,0.0866007922674285,866,-0.9263420104980468,2.2600371837615967,3.649564743041992,1.2386710223490816,4.756526441434528,0.6778864970645793,blob,0.05241966247558594,1.6408144235610962
Lookalike_00111,Lookalike,0,0.0914008361806347,914,-0.7403774261474609,2.372912168502808,3.967620849609375,2.25855694937155,5.313863909452538,0.6303448275862069,blob,-0.30994606018066406,3.053945541381836
Lookalike_00111,Lookalike,0,49.06774889634636,490673,-0.6641998291015625,2.299088716506958,6.804437637329102,2.173302014733034,6.765784253838568,0.4235853417767305,blob,0.3338165283203125,1.7476052045822144
Lookalike_00111,Lookalike,0,0.0570005214693236,570,-0.8808517456054688,2.358211040496826,3.503835678100586,2.7357493167188367,5.322432508108646,0.8649468892261002,blob,-0.21466827392578125,1.9609426259994507
Lookalike_00111,Lookalike,0,0.0816007465245053,816,-1.009050369262695,2.518003463745117,3.7065372467041016,1.5723242583978303,6.027424339051595,0.3795348837209302,blob,0.42568206787109375,1.4764059782028198
Lookalike_00111,Lookalike,0,0.0658006019768683,658,-0.8645725250244141,2.373359203338623,3.728349685668945,1.865363149708844,6.079702496243146,0.8287153652392947,blob,-0.04417991638183594,1.9971437454223633
Lookalike_00111,Lookalike,0,0.0554005068315882,554,-1.0456905364990234,2.2627694606781006,4.078458786010742,1.24632679224049,4.9168020559525765,0.6320593268682259,blob,-0.3340587615966797,2.3842110633850098
Lookalike_00111,Lookalike,0,0.1398012789721305,1398,-1.0610218048095703,2.4282219409942627,4.020753860473633,2.446886039459688,5.199562943702309,0.5735384615384616,blob,0.1486053466796875,2.761660575866699
Lookalike_00111,Lookalike,0,0.1041009523676594,1041,-0.8460521697998047,2.273385524749756,3.855213165283203,1.4047792765483356,5.933890155247472,0.6031286210892236,blob,-0.6397762298583984,2.857217311859131
Lookalike_00111,Lookalike,0,0.115901060320958,1159,-1.2408123016357422,2.466423511505127,4.2398681640625,1.7191457350423454,7.0412655894649605,0.4825145711906744,blob,0.0010433197021484375,1.6876055002212524
Lookalike_00111,Lookalike,0,0.0572005232990405,572,-1.0513248443603516,2.3418426513671875,3.3439598083496094,1.6988363352203957,5.213210209267648,0.5737211634904714,blob,-0.17835617065429688,3.1360371112823486
Lookalike_00111,Lookalike,0,0.0639005845945575,639,-1.0446701049804688,2.4702370166778564,3.576923370361328,1.1076839742955031,5.051286147345147,0.5035460992907801,blob,0.5681972503662109,1.1751110553741455
Lookalike_00111,Lookalike,0,0.3197029248025045,3197,-1.1455612182617188,2.402318000793457,4.946556091308594,1.2787679615092815,7.681482564827792,0.5381701876946385,blob,0.2396259307861328,1.3419712781906128
Lookalike_00111,Lookalike,0,0.1496013686282598,1496,-1.264739990234375,2.478174924850464,5.029748916625977,1.361906201626898,7.223981183055546,0.651284283848498,blob,-0.09498405456542969,4.025398254394531
Lookalike_00111,Lookalike,0,0.3357030711798585,3357,-1.0656623840332031,2.311910390853882,4.615762710571289,1.6659640608429007,7.334706551631828,0.4668335419274093,blob,0.6646404266357422,2.7795324325561523
Lookalike_00111,Lookalike,0,0.122401119786758,1224,-1.309795379638672,2.5215585231781006,5.2335357666015625,1.8641901843490072,8.110864282116609,0.5073575129533678,blob,0.07621574401855469,1.8203113079071045
Lookalike_00111,Lookalike,0,0.1009009230921886,1009,-1.4728984832763672,2.4811346530914307,5.355108261108398,1.8350459697041,6.699549642409242,0.4697392923649907,blob,-0.19957733154296875,1.7614814043045044
Lookalike_00111,Lookalike,0,0.058400534277342,584,-1.4014911651611328,2.1389949321746826,4.049072265625,2.0271999463101458,7.599903981372761,0.6931750741839763,blob,-0.18585205078125,1.5184720754623413
Lookalike_00112,Lookalike,0,173.96289149967456,1739613,-2.0677490234375,7.3533759117126465,15.616134643554688,2.0313187140224884,10.370893401658362,0.7639586869898536,blob,-1.0402069091796875,5.846407413482666
Lookalike_00112,Lookalike,0,0.4267039037010595,4267,-1.4808349609375,5.095856666564941,7.725793838500977,1.1817901477216928,8.460713209254866,0.6023433088650479,blob,-0.6513175964355469,3.942171573638916
Lookalike_00112,Lookalike,0,0.0874007995862962,874,-3.984180450439453,5.618153095245361,8.715145111083984,3.1847977173193645,11.25688351951855,0.8941176470588236,linear,-0.6374034881591797,3.2074904441833496
Lookalike_00113,Lookalike,0,51.25246888325919,512520,-0.7407035827636719,2.2063097953796387,13.362180709838867,1.729124185079997,5.9469995522691805,0.5226883797394513,blob,0.15253639221191406,3.1673991680145264
Lookalike_00113,Lookalike,0,0.1267011591256719,1267,-0.9746360778808594,1.9613687992095947,3.4601192474365234,1.9588319840827173,5.423696034139949,0.3617416131334761,blob,0.13669204711914062,7.943356990814209
Lookalike_00113,Lookalike,0,0.0538004921938528,538,-1.0400009155273438,1.8828022480010984,3.12466812133789,2.535858355954125,5.278481549629609,0.5442589782498736,blob,-0.051189422607421875,7.97443151473999
Lookalike_00113,Lookalike,0,0.3727034096774896,3727,-0.960317611694336,2.0239646434783936,3.779151916503906,2.0865572275544517,5.011600543674198,0.3875227449961008,blob,0.3310737609863281,1.3691062927246094
Lookalike_00113,Lookalike,0,0.7113065073882436,7113,-0.6770038604736328,1.9297972917556765,4.076725006103516,1.4757675950555782,4.608678022777849,0.496579167830215,blob,-0.27692222595214844,1.578018307685852
Lookalike_00113,Lookalike,0,0.3099028351463752,3099,-0.8729915618896484,1.9518663883209229,3.4128246307373047,2.2736651552338563,4.624602873124712,0.5292460080266416,blob,-0.1462230682373047,1.805619478225708
Lookalike_00113,Lookalike,0,0.0907008297766254,907,-0.8547420501708984,2.0055150985717773,3.149259567260742,1.604659804935683,4.477195213964276,0.6674025018395879,blob,0.27573204040527344,1.3748044967651367
Lookalike_00113,Lookalike,0,0.6182056556550151,6182,-0.6727313995361328,1.957320213317871,4.334573745727539,1.738186234396225,4.930358326669787,0.4047798330332297,blob,-0.34432220458984375,2.584648609161377
Lookalike_00113,Lookalike,0,0.0724006623575268,724,-0.972309112548828,2.060109853744507,3.7846527099609375,2.77962774524383,5.358446242653983,0.5721058870011853,blob,0.950958251953125,1.180271863937378
Lookalike_00113,Lookalike,0,0.0503004601738066,503,-0.8251628875732422,2.17612886428833,3.0864505767822266,2.5278125673372283,5.388303853713895,0.580161476355248,blob,-0.9070358276367188,2.3912551403045654
Lookalike_00113,Lookalike,0,0.0928008489886531,928,-0.6080780029296875,1.876156210899353,3.201763153076172,1.754044483413285,5.01631845442529,0.7330173775671406,blob,-0.04388427734375,2.394580602645874
Lookalike_00113,Lookalike,0,0.050400461088665,504,-0.6078052520751953,1.8868974447250368,3.214515686035156,1.689948314672404,3.93717941844676,0.6829268292682927,blob,-0.8683757781982422,2.817779779434204
Lookalike_00113,Lookalike,0,0.0510004665778158,510,-0.8000602722167969,1.879666328430176,3.201702117919922,1.4496127354180508,5.1652879782627386,0.8166533226581265,blob,-0.1982707977294922,2.359703779220581
Lookalike_00113,Lookalike,0,0.205201877289565,2052,-0.6724834442138672,2.066688299179077,4.153823852539063,1.6677899111937555,5.180255315405927,0.4663106465174412,blob,-0.07862091064453125,2.8626585006713867
Lookalike_00113,Lookalike,0,0.1702015570891031,1702,-0.6903190612792969,2.0514039993286133,4.2333984375,1.380996907865172,4.749734035519964,0.4457831325301205,blob,-0.11209678649902344,3.1726036071777344
Lookalike_00113,Lookalike,0,0.0629005754459729,629,-1.2688465118408203,1.893922209739685,3.421863555908203,1.2665077106880107,5.397212722209153,0.4927536231884058,blob,-0.0909423828125,2.6142067909240723
Lookalike_00113,Lookalike,0,0.0702006422306406,702,-0.7734107971191406,2.057215929031372,3.505849838256836,2.751956592649365,5.644248543978029,0.820572764465225,blob,0.15597915649414062,2.891874313354492
Lookalike_00114,Lookalike,0,0.5888053866866285,5888,-6.644147872924805,10.974250793457031,13.628820419311523,1.1406704040188556,18.64395835305877,0.3834331857254493,blob,-6.760146141052246,6.18289852142334
Lookalike_00116,Lookalike,0,13.964727756324884,139646,0.4782390594482422,6.484287738800049,12.694204330444336,2.925987822662813,7.348181937561703,0.611854500205929,blob,0.6766490936279297,3.660414218902588
Lookalike_00116,Lookalike,0,0.1818016632126852,1818,-0.6389789581298828,2.217493295669556,3.6651477813720703,1.426023705289705,3.740350436151121,0.5473430678910131,blob,-1.7724876403808594,6.32990837097168
Lookalike_00116,Lookalike,0,0.0553005059167298,553,-1.0222511291503906,2.2118020057678223,3.5306434631347656,2.4659743483295493,4.981314239908796,0.6595110316040549,blob,0.2998313903808594,1.6758887767791748
Lookalike_00117,Lookalike,0,0.1164010648952503,1164,-0.563079833984375,1.9916352033615112,3.730600357055664,2.387134877511842,4.3027439835014265,0.6934763181411975,blob,-0.0269775390625,2.1328742504119873
Lookalike_00117,Lookalike,0,0.050400461088665,504,-1.016824722290039,2.210176944732666,3.8484115600585938,1.585558557989491,5.706610950540596,0.7143869596031184,blob,0.2336292266845703,1.7062838077545166
Lookalike_00117,Lookalike,0,0.2961027088959074,2961,-0.6718845367431641,1.935330867767334,3.628976821899414,1.999282156467554,4.390848400597045,0.3927576601671309,blob,-0.29357337951660156,4.560458660125732
Lookalike_00117,Lookalike,0,0.289102644855815,2891,0.1907920837402343,4.666615009307861,8.874807357788086,2.712212467568833,9.49763722088917,0.6970464135021097,blob,-0.10642242431640625,4.60024356842041
Lookalike_00117,Lookalike,0,0.1028009404744994,1028,-0.2387676239013672,2.9044880867004395,7.147520065307617,3.063528110799486,6.208246323089338,0.7148817802503477,linear,0.09666061401367188,5.889237880706787
Lookalike_00117,Lookalike,0,0.0678006202740375,678,-0.8030738830566406,1.9272770881652832,3.389833450317383,1.3487586738859074,5.03589402050408,0.5842309349418354,blob,-0.3575935363769531,2.772529363632202
Lookalike_00117,Lookalike,0,0.0879008041605885,879,-0.7456550598144531,1.9795234203338623,3.282106399536133,1.0666463869764435,4.853420165257968,0.5504070131496556,blob,0.4468040466308594,2.11020565032959
Lookalike_00117,Lookalike,0,0.2847026046020426,2847,1.5964202880859375,2.35117506980896,9.304039001464844,1.089380196196463,7.635798202994616,0.5088017156643732,blob,2.749734878540039,2.3409693241119385
Lookalike_00117,Lookalike,0,0.0579005297030497,579,-0.6103267669677734,1.9234212636947632,3.1711368560791016,1.236763036534722,4.277029663744596,0.491302503182011,blob,-0.35206031799316406,2.088646173477173
Lookalike_00117,Lookalike,0,0.3398031086890555,3398,-0.6479015350341797,1.9293287992477417,3.821617126464844,1.6336278492953835,4.511807330804882,0.4449682446146795,blob,-0.38091087341308594,2.648141860961914
Lookalike_00117,Lookalike,0,0.2208020200074851,2208,-0.380563735961914,2.2676150798797607,6.958240509033203,1.5018675824613017,6.663542980844331,0.5026750142287991,blob,0.9427375793457031,2.0753586292266846
Lookalike_00117,Lookalike,0,0.0706006458900745,706,-0.4521121978759765,1.819117903709412,3.3061695098876958,1.7675554014555634,4.601621420625466,0.7267112712300566,blob,-0.22682571411132812,2.2275805473327637
Lookalike_00117,Lookalike,0,0.0899008224577577,899,-0.5625400543212891,1.9383960962295528,3.73344612121582,2.623940030629079,3.959881609008802,0.4839838492597577,blob,0.37262725830078125,1.6429792642593384
Lookalike_00117,Lookalike,0,0.054500498597862,545,-1.0096187591552734,2.1175689697265625,3.653533935546875,1.8320100373081087,5.125231390278075,0.4505994212484497,blob,-0.6547336578369141,2.533705234527588
Lookalike_00117,Lookalike,0,0.1110010154928933,1110,-0.6487960815429688,3.7343380451202393,9.150020599365234,1.393009960218346,6.417517055609525,0.8349003384731102,blob,0.28289031982421875,2.892075777053833
Lookalike_00117,Lookalike,0,0.050600462918382,506,-0.2703781127929687,2.4028353691101074,3.9155139923095694,2.1871618086717706,7.927491700437421,0.5505984766050055,blob,-1.9048404693603516,0.9630345702171326
Lookalike_00117,Lookalike,0,0.2431022240209223,2431,2.978525161743164,3.688134670257568,9.213653564453123,1.8303990657134872,9.967285346682363,0.7859683155512448,blob,4.828354835510254,3.9528276920318604
Lookalike_00117,Lookalike,0,0.2832025908791657,2832,0.1613941192626953,6.49539041519165,12.22728157043457,3.198694873418804,4.843392411762564,0.6104763957749515,linear,0.5094566345214844,2.389655113220215
Lookalike_00117,Lookalike,0,0.141201291780149,1412,-0.7371978759765625,1.9428662061691284,3.4792518615722656,2.566275579545899,4.739435789388295,0.4812542603953647,blob,-0.0962982177734375,2.0049033164978027
Lookalike_00118,Lookalike,0,0.0781007145044592,781,-0.7413730621337891,2.00032901763916,3.284942626953125,2.7282346149266408,4.697523931237573,0.5030595813204509,blob,0.1951732635498047,2.288325071334839
Lookalike_00118,Lookalike,0,0.0828007575028069,828,-0.8601722717285156,2.026026487350464,3.4415740966796875,2.673997335161018,5.116664754257754,0.4436110366997053,blob,-0.08537101745605469,1.5508272647857666
Lookalike_00118,Lookalike,0,0.0739006760804037,739,-0.8328609466552734,1.97290301322937,3.3566932678222656,3.0373283443561285,5.377116567440544,0.7544665645737622,linear,-0.18265724182128906,1.4417344331741333
Lookalike_00118,Lookalike,0,0.0830007593325238,830,-0.8026885986328125,2.0783510208129883,3.904338836669922,1.2033643436839512,4.262384494638271,0.5202130993418991,blob,-0.40091514587402344,1.75110924243927
Lookalike_00118,Lookalike,0,1.055809659075647,10558,-0.83123779296875,2.1544508934021,4.430620193481445,2.465797493576224,3.995129630211733,0.7465441046491073,blob,0.25647544860839844,1.6798020601272583
Lookalike_00118,Lookalike,0,0.0500004574292312,500,-0.8538265228271484,2.109647035598755,3.2489891052246094,1.357683509605828,4.170689425618725,0.4926108374384236,blob,0.14179420471191406,1.4913556575775146
Lookalike_00118,Lookalike,0,0.050600462918382,506,-0.9996833801269532,2.0105769634246826,3.8983078002929688,1.2007815647898388,5.824105570907205,0.797478329393223,blob,0.9787025451660156,1.097080945968628
Lookalike_00118,Lookalike,0,0.1123010273860533,1123,-0.6480541229248047,2.1008450984954834,3.5048179626464844,1.4225736408268943,3.939637899675549,0.7007800312012481,blob,0.13908004760742188,1.4993019104003906
Lookalike_00119,Lookalike,0,0.0886008105645979,886,-0.6916046142578125,2.032633781433105,3.4523849487304688,1.6031384114116911,4.214835929602263,0.4866794836583356,blob,0.02024078369140625,1.9715983867645264
Lookalike_00119,Lookalike,0,0.1096010026848751,1096,-0.6658973693847656,1.9986543655395508,4.031101226806641,1.313827694842063,4.940121567084861,0.5117908008405323,blob,0.28935813903808594,1.5729002952575684
Lookalike_00119,Lookalike,0,0.050800464748099,508,-0.5067596435546875,1.839729070663452,3.1366958618164062,1.4415312911787317,3.751288623574855,0.8293877551020408,blob,0.3676776885986328,1.3832865953445435
Lookalike_00119,Lookalike,0,0.0958008764344072,958,-0.8788242340087891,1.9109848737716677,3.7621917724609375,2.28716897196821,5.625707915911895,0.7414860681114551,blob,0.5757217407226562,0.9350761771202087
Lookalike_00119,Lookalike,0,0.060100549829936,601,-1.0289440155029297,2.0750434398651123,3.486957550048828,3.2467364915897203,4.352993237329725,0.4635557269571924,linear,-0.00963592529296875,1.9985437393188477
Lookalike_00119,Lookalike,0,0.1013009267516227,1013,-0.8773727416992188,1.941961646080017,3.5571727752685547,1.8953588261932184,4.905960601412928,0.514866581956798,blob,0.22005271911621094,1.8881711959838867
Lookalike_00119,Lookalike,0,0.0630005763608314,630,-0.9501171112060548,1.859265685081482,3.6167125701904297,3.5778087675342616,4.782905223062919,0.9025787965616046,linear,0.5401611328125,0.8646687865257263
Lookalike_00119,Lookalike,0,0.510304668522735,5103,-0.6617717742919922,1.8824542760849,4.383050918579102,1.8763989624450508,4.353063749786452,0.6109182329701903,blob,-0.08109474182128906,2.651306629180908
Lookalike_00119,Lookalike,0,0.4000036594338507,4000,-0.6170291900634766,1.9555578231811523,3.859006881713867,1.3425805173529477,4.567912316026043,0.5219206680584552,blob,-0.4846382141113281,3.9282186031341553
Lookalike_00119,Lookalike,0,0.0736006733358285,736,-0.7405109405517578,2.0403220653533936,3.315160751342773,2.964635554858671,4.764754391616527,0.8335220838052095,blob,0.1367168426513672,1.7989637851715088
Lookalike_00120,Lookalike,0,0.0576005269584744,576,-0.7798080444335938,2.3590071201324463,4.490520477294922,1.6582223963496192,3.9249331192144505,0.5477888730385164,blob,0.44184303283691406,1.5416200160980225
Lookalike_00120,Lookalike,0,0.0520004757264005,520,-0.8683528900146484,2.334584951400757,3.820369720458984,2.521550897294549,5.505687489284944,0.5380237972064149,blob,0.396209716796875,1.89826238155365
Lookalike_00120,Lookalike,0,0.0622005690419636,622,-0.9308223724365234,2.2239813804626465,3.551685333251953,1.7416853552957547,3.866477231538487,0.6496083550913838,blob,0.15664291381835938,1.6022111177444458
Lookalike_00120,Lookalike,0,0.0673006156997452,673,-0.8320236206054688,2.1731581687927246,3.7283802032470703,2.07257232968786,5.286041080088223,0.7978660343805573,blob,1.2728443145751953,0.8286444544792175
Lookalike_00120,Lookalike,0,0.3592032861715973,3592,-0.6474494934082031,2.084216833114624,3.355274200439453,1.604405990960643,4.756619623204073,0.4941192654240319,blob,-0.09320259094238281,1.8562092781066895
Lookalike_00120,Lookalike,0,0.0844007721405423,844,-0.7575969696044922,2.1203536987304688,3.726856231689453,1.743390044501926,5.174798679799235,0.5832757429163787,blob,0.7707405090332031,1.2560954093933105
Lookalike_00120,Lookalike,0,0.133401220421189,1334,-0.7396163940429688,2.2675607204437256,3.661828994750977,1.747589623853305,4.676577937885972,0.4931608133086876,blob,-0.1695079803466797,2.231534004211426
Lookalike_00120,Lookalike,0,0.0752006879735638,752,-0.8739013671875,2.384671211242676,3.818788528442383,1.79267772189024,5.087008374797834,0.6232905097389142,blob,-0.0047454833984375,2.140162229537964
Lookalike_00120,Lookalike,0,0.057300524213899,573,-0.972482681274414,2.450622797012329,4.155048370361328,2.5387221015660404,4.234815638207992,0.6066701958708312,blob,0.5284080505371094,1.378389835357666
Lookalike_00120,Lookalike,0,0.1268011600405304,1268,-0.4787807464599609,2.175943374633789,4.2176666259765625,5.815187057119884,4.083087906893007,0.7085778150321319,linear,-0.07222366333007812,1.882603406906128
Lookalike_00120,Lookalike,0,1.0445095556966408,10445,-0.8546314239501953,2.230398178100586,4.975368499755859,1.4168837719681953,4.956685683930677,0.3088363566475954,blob,0.010616302490234375,1.687705159187317
Lookalike_00120,Lookalike,0,0.1813016586383925,1813,-0.7178192138671875,2.2205300331115723,3.5003910064697266,2.587607551425558,4.425317127613762,0.6413158825610188,blob,0.17951393127441406,1.9727485179901123
Lookalike_00120,Lookalike,0,0.0535004894492774,535,-1.260944366455078,2.413970947265625,3.581380844116211,3.2710580588195057,5.725937026186585,0.5450840550178299,linear,0.3261756896972656,1.4250056743621826
Lookalike_00120,Lookalike,0,0.0659006028917267,659,-0.9150447845458984,2.3101818561553955,3.688426971435547,2.094269296187945,4.302501893936908,0.6222851746931067,blob,0.09489822387695312,1.898928165435791
Lookalike_00120,Lookalike,0,0.0581005315327667,581,-0.7697105407714844,2.228792190551758,3.799135208129883,2.715567367530312,4.857422336056225,0.8389891696750903,blob,0.42504310607910156,1.4684953689575195
Lookalike_00120,Lookalike,0,0.1162010630655334,1162,-0.6658954620361328,2.207862138748169,3.6521034240722656,2.4923542960797618,4.6796899389240085,0.4491689215307305,blob,0.04896736145019531,1.9854154586791992
Lookalike_00120,Lookalike,0,0.0622005690419636,622,-0.6489791870117188,2.1706535816192627,3.324708938598633,1.4004493806601324,3.775014489269801,0.853809196980096,blob,0.15664291381835938,1.6022111177444458
Lookalike_00120,Lookalike,0,0.0553005059167297,553,-0.6499195098876953,2.1291146278381348,3.2748165130615234,1.680867142524216,3.9029315166427447,0.9701754385964912,blob,0.18198776245117188,1.733264446258545
Lookalike_00120,Lookalike,0,0.6393058486901508,6393,-0.72564697265625,2.1889591217041016,4.090471267700195,2.969253907904843,4.353676409454005,0.2670816535416623,blob,0.06802177429199219,1.8154059648513794
Lookalike_00120,Lookalike,0,0.0622005690419636,622,-0.7446689605712891,2.2565817832946777,3.473928451538086,2.3582246848247337,3.9047340879367294,0.6846450192625206,blob,0.15664291381835938,1.6022111177444458
Lookalike_00120,Lookalike,0,0.2779025423916673,2779,-0.6613178253173828,2.157345771789551,3.9555435180664062,2.323823919784425,4.895282513403745,0.5380445304937076,blob,0.016386032104492188,1.7605500221252441
Lookalike_00121,Lookalike,0,0.0642005873391329,642,-0.9688053131103516,2.189442873001098,4.04920768737793,1.2012313548863718,5.551403958854111,0.693304535637149,blob,0.532806396484375,1.3338860273361206
Lookalike_00122,Lookalike,0,0.0609005571488036,609,-0.8597145080566406,2.237405776977539,4.023893356323242,1.2917216792516508,3.944885136036481,0.5753424657534246,blob,-0.28566741943359375,1.9240714311599731
Lookalike_00123,Lookalike,0,0.2158019742645623,2158,-0.1249961853027343,6.096227169036865,12.434520721435549,1.3938548273983558,7.818150057548041,0.9177120986604296,blob,0.27826499938964844,1.2533433437347412
Lookalike_00123,Lookalike,0,2.0981191946454043,20981,-0.1220149993896484,4.172385215759277,13.528417587280272,2.273471133682413,6.601253116228198,0.6560662914321451,blob,-1.0677547454833984,3.1191112995147705
Lookalike_00123,Lookalike,0,54.86850196454127,548680,-0.0620250701904296,6.410102367401123,17.722110748291016,2.1183676741561577,7.127747260971079,0.8111840140509822,blob,-0.18871116638183594,2.482177257537842
Lookalike_00125,Lookalike,0,0.6790062118889603,6790,0.1227321624755859,6.8557448387146,12.20494270324707,18.090997944231965,9.0147341488774,0.7323123382226057,linear,0.16385841369628906,2.0388474464416504
Lookalike_00125,Lookalike,0,0.4287039219982286,4287,0.0027122497558593,5.54227876663208,9.372129440307615,3.4261687655138107,7.42677613975176,0.6995186424084197,linear,0.49921607971191406,2.4834847450256348
Lookalike_00125,Lookalike,0,0.0520004757264004,520,-0.7767887115478516,2.010536432266236,3.8647308349609375,1.839851986775429,5.0524983359418965,0.7308503162333099,blob,0.4126548767089844,1.1519463062286377
Lookalike_00125,Lookalike,0,0.0502004592589481,502,-0.5776023864746094,1.998180866241455,3.2744293212890625,1.140976033415997,3.8393253349144825,0.8892825509300266,blob,0.16156768798828125,1.3607527017593384
Lookalike_00125,Lookalike,0,0.2427022203614884,2427,-0.6473274230957031,2.1215991973876958,3.70108413696289,1.5987253530994594,4.529785381462601,0.3710725479703387,blob,-0.1850261688232422,1.8476972579956055
Lookalike_00125,Lookalike,0,0.0864007904377115,864,-0.8240928649902344,2.2033350467681885,3.5656681060791016,1.8141461439303372,4.352166332895478,0.5451104100946372,blob,0.36716270446777344,1.6523405313491821
Lookalike_00125,Lookalike,0,0.0589005388516344,589,-0.6707210540771484,2.1438589096069336,3.527130126953125,2.3109939682714864,3.789275070188839,0.4152273528375044,blob,0.6453475952148438,1.1755497455596924
Lookalike_00125,Lookalike,0,0.1860017016367402,1860,-0.8901596069335938,2.1284384727478027,3.8487777709960938,1.3361712075640022,4.745912637021138,0.4348842646714987,blob,-0.10850715637207031,1.5013277530670166
Lookalike_00126,Lookalike,0,4.930545107096494,49305,-0.3432159423828125,11.730624198913574,16.89676284790039,1.55753829299165,15.375165874450852,0.5464066049758963,blob,-1.110107421875,3.395905017852783
Lookalike_00126,Lookalike,0,0.6252057196951076,6252,-0.2758769989013672,6.853344440460205,14.378448486328123,1.2017670861388374,13.019398970757733,0.7182491814578666,blob,-0.9701271057128906,2.6159229278564453
Lookalike_00126,Lookalike,0,49.63675410189103,496363,-0.1511993408203125,7.660482406616211,15.629304885864258,1.1415583945298924,8.085812358311308,0.414638913972719,blob,-0.49505615234375,4.5895915031433105
Lookalike_00126,Lookalike,0,0.0979008956464348,979,-0.3000354766845703,5.739025592803955,8.430112838745117,2.485434218326295,6.6854275267601855,0.7447698744769874,blob,-0.09037208557128906,1.9867446422576904
Lookalike_00126,Lookalike,0,7.103364985141168,71033,-0.1867294311523437,10.419629096984863,15.494913101196287,1.464303584020138,8.219570766391573,0.6010017683241533,blob,-0.18515396118164062,2.5255961418151855
Lookalike_00126,Lookalike,0,6.731861586441979,67318,-12.083515167236328,11.188751220703123,17.066801071166992,1.869358236228053,17.778663114854655,0.5494248089157678,blob,-10.711454391479492,6.046151161193848
Lookalike_00129,Lookalike,0,0.0536004903641359,536,-0.7506484985351562,1.8424298763275144,3.626136779785156,1.4572199923428697,5.010904348792075,0.6157380815623205,blob,-0.08976554870605469,5.900650978088379
Lookalike_00131,Lookalike,0,0.0809007401204962,809,-0.8424034118652344,1.903117537498474,3.2494468688964844,1.9531673582252236,4.8060280469067145,0.889010989010989,blob,0.3487968444824219,3.547722101211548
Lookalike_00132,Lookalike,0,0.3088028250829322,3088,-0.8259124755859375,2.1185426712036133,3.713415145874024,8.96609276773372,4.779324510362873,0.6726936063609629,linear,-0.011991500854492188,0.8242350220680237
Lookalike_00133,Lookalike,0,30.62448016808529,306242,-0.4633960723876953,10.93008518218994,16.313812255859375,2.056575952601137,13.56246001777632,0.7548530617023768,blob,-0.5848770141601562,5.681748390197754
Lookalike_00133,Lookalike,0,17.610461109319836,176103,-0.1435222625732422,8.047910690307617,16.343978881835938,1.2568962223313709,9.522088671660322,0.545182676426746,blob,-0.3015632629394531,4.242948055267334
Lookalike_00133,Lookalike,0,0.1962017949523035,1962,-0.1596088409423828,4.166357517242432,5.893558502197266,14.896831267479005,4.102633690539165,0.7965895249695494,linear,0.07904243469238281,2.202371835708618
Lookalike_00133,Lookalike,0,25.074429393440624,250742,-0.1295051574707031,7.676575660705566,15.073923110961914,1.0398487128951988,9.599111161480856,0.5566255538684213,blob,-0.00888824462890625,3.061871290206909
Lookalike_00133,Lookalike,0,0.192201758357965,1922,-2.4563140869140625,5.740914821624756,9.281368255615234,4.121619781025721,12.914197005710632,0.8551724137931035,linear,-1.792104721069336,1.8260589838027954
Lookalike_00133,Lookalike,0,0.4351039805491706,4351,-5.298873901367188,7.699214458465576,10.392969131469728,2.887518420594273,12.509410288780456,0.9433062330623306,blob,-4.990381240844727,2.245440721511841
Lookalike_00133,Lookalike,0,0.0824007538433731,824,-3.4671192169189453,5.5674920082092285,10.50562858581543,2.1151435615440075,15.488999324860242,0.5986196876135126,blob,-1.8446407318115234,3.3473143577575684
Lookalike_00133,Lookalike,0,0.0508004647480989,508,-3.242242813110352,4.449838638305664,7.448341369628906,1.8833118960465076,13.04493132820664,0.4725581395348837,blob,-2.2682409286499023,4.788581371307373
Lookalike_00134,Lookalike,0,47.38253347915167,473821,0.1333274841308593,7.622694492340088,15.413049697875977,2.961591481778509,6.247284234200588,0.5231524444810028,blob,-0.20455360412597656,5.164052486419678
Lookalike_00134,Lookalike,0,0.0671006138700284,671,-9.05427360534668,5.166022777557373,6.666994094848633,2.039165792723029,4.340226651453607,0.5468622656886716,blob,-3.414400100708008,3.6138458251953125
Lookalike_00134,Lookalike,0,5.572150976828402,55721,-0.0224990844726562,4.321421146392822,11.792085647583008,2.178631746138179,6.847418263760178,0.6038482170433426,blob,-0.2260723114013672,5.831785678863525
Lookalike_00134,Lookalike,0,0.0596005452556437,596,-0.8949851989746094,2.7883758544921875,4.509490966796875,2.362355593213337,5.171710087586056,0.6585635359116022,blob,-0.0941162109375,2.0805513858795166
Lookalike_00134,Lookalike,0,25.209630630329304,252094,0.1159706115722656,7.269787311553955,15.628597259521484,1.186864022691012,5.63022958871458,0.3734252920555989,blob,0.06045341491699219,4.99581241607666
Lookalike_00134,Lookalike,0,0.1553014207751926,1553,-0.1962203979492187,2.947202682495117,4.361021041870117,21.241006084912478,3.2657898577158844,0.552275960170697,linear,0.08061599731445312,1.9235601425170898
Lookalike_00134,Lookalike,0,0.054900502257296,549,-0.8615798950195312,2.943441152572632,4.389982223510742,1.4179942837398514,4.229451813304022,0.3984034833091437,blob,-0.32300758361816406,2.5877890586853027
Lookalike_00134,Lookalike,0,1.6735153101563738,16735,-0.0791988372802734,5.19304084777832,7.436454772949219,1.553817390449218,5.302838443734122,0.8866929822237529,blob,0.189453125,1.5120903253555298
Lookalike_00137,Lookalike,0,0.0685006266780468,685,-0.7585716247558594,1.7448244094848633,3.508819580078125,1.8155161462489988,3.913553879294064,0.5993000874890638,blob,1.0060253143310547,1.910346269607544
Lookalike_00137,Lookalike,0,0.3248029714602862,3248,-0.1333084106445312,4.363979339599609,8.92180061340332,3.775213462589445,4.978348961418278,0.6861730220766874,linear,-0.17726898193359375,10.689342498779297
Lookalike_00138,Lookalike,0,0.0704006440603576,704,-0.5554218292236328,1.7178250551223757,3.759712219238281,1.8219300568419217,4.672199970335363,0.5271433919880195,blob,-0.21268272399902344,8.112035751342773
Lookalike_00139,Lookalike,0,3.628833198383888,36288,-0.1683979034423828,2.2096025943756104,5.325691223144531,2.264828970784467,4.071794139170586,0.8708527820108233,blob,-0.2096729278564453,0.8786060214042664
Lookalike_00139,Lookalike,0,0.2030018571626789,2030,-0.6331329345703125,1.8375015258789065,3.3123550415039062,1.1589870692709274,4.162372843818112,0.5888324873096447,blob,-0.07012939453125,1.4934065341949463
Lookalike_00139,Lookalike,0,0.2542023255702117,2542,-0.1364669799804687,1.8422967195510864,3.8242149353027344,2.5197340186979087,4.070330732366461,0.7050339758701983,blob,-0.16255760192871094,0.9565293192863464
Lookalike_00140,Lookalike,0,11.597806102539906,115977,-0.2132682800292968,2.104820489883423,5.116695404052734,1.65374259328931,4.365705149601944,0.5495602645994049,blob,-0.06046104431152344,1.271748661994934
Lookalike_00140,Lookalike,0,3.1559288720182184,31559,-0.2744159698486328,2.062260627746582,5.0764007568359375,2.5208576594830703,4.581262159531315,0.5495594330094382,blob,-0.1303863525390625,3.621345281600952
Lookalike_00140,Lookalike,0,0.2861026174100612,2861,-0.2267723083496093,1.7085636854171753,3.413593292236328,1.1830850576977838,6.859780266846834,0.4162968352128046,blob,0.5485305786132812,1.6381831169128418
Lookalike_00140,Lookalike,0,0.5522050518484299,5522,-0.4452838897705078,1.7478986978530884,3.796926498413086,1.5261016561976746,5.8491442605681945,0.4948028673835125,blob,-0.07145309448242188,3.4338884353637695
Lookalike_00140,Lookalike,0,0.0693006339969145,693,-0.8934783935546875,1.830557465553284,3.2932567596435547,2.5512256399899504,4.825183505160947,0.6507042253521127,blob,-0.03207588195800781,0.8352946639060974
Lookalike_00142,Lookalike,0,0.0645005900837084,645,-1.0335826873779297,2.245025157928467,3.503713607788086,1.6283745126134967,4.0168037644176495,0.876358695652174,blob,-0.26717376708984375,2.2650911808013916
Lookalike_00142,Lookalike,0,0.062900575445973,629,-1.3153438568115234,2.221773147583008,3.72099494934082,3.1837275448840243,5.146490632054447,1.0,linear,0.2993316650390625,1.4833765029907227
Lookalike_00142,Lookalike,0,0.1091009981105828,1091,-0.1728801727294922,2.7909932136535645,4.217107772827148,14.049166789527929,3.1588635556536127,0.8224651338107802,linear,-0.11082077026367188,1.2991288900375366
Lookalike_00142,Lookalike,0,56.98662134215843,569861,0.074716567993164,8.841278076171875,14.187015533447266,1.6723697447212862,6.967590229882742,0.5304027483425525,blob,0.8656749725341797,3.7476096153259277
Lookalike_00142,Lookalike,0,0.107200980728272,1072,-0.5322666168212891,2.077211141586304,4.454051971435547,2.588625218501628,4.145364398528902,0.6584766584766585,blob,0.04844474792480469,3.019679307937622
Lookalike_00144,Lookalike,0,0.0510004665778159,510,-1.1028099060058594,2.198152780532837,3.5203399658203125,2.672517536330669,5.371706758404713,0.4992657856093979,blob,0.14930343627929688,1.8035012483596802
Lookalike_00145,Lookalike,0,0.1565014317534941,1565,-0.2088336944580078,2.294734001159668,7.513586044311523,2.1354904464038453,10.167411750869793,0.2610073382254836,blob,0.07802200317382812,1.9535601139068604
Lookalike_00145,Lookalike,0,0.1259011518068045,1259,-0.4278640747070312,2.0031492710113525,3.823467254638672,1.979838979612972,4.976026383876151,0.659680377259628,blob,0.027822494506835938,2.0226733684539795
Lookalike_00145,Lookalike,0,0.0739006760804039,739,-0.2094345092773437,2.1284024715423584,4.697469711303711,3.1168975450552967,10.186004617233252,0.5372591784805525,linear,0.90008544921875,2.246090888977051
Lookalike_00145,Lookalike,0,0.0584005342773422,584,-0.6410961151123047,2.1329588890075684,3.787055969238281,1.2056537333588293,4.084795096004286,0.7268201617921594,blob,0.7219657897949219,1.303520917892456
Lookalike_00145,Lookalike,0,0.2202020145183349,2202,-0.7400131225585938,2.0747175216674805,4.378850936889648,1.846866805875211,4.360122371560108,0.4836902800658978,blob,-0.11208152770996094,2.1353890895843506
Lookalike_00145,Lookalike,0,0.6068055513611518,6068,-0.7152023315429688,2.0789284706115723,4.424076080322266,2.74476346192914,4.765930815918563,0.3823325562346418,blob,-0.1975841522216797,2.165816307067871
Lookalike_00145,Lookalike,0,0.0602005507447945,602,-0.7905235290527344,2.0451602935791016,3.9923324584960938,1.378796290137254,4.970607263527351,0.5318021201413428,blob,-0.5851669311523438,2.521397590637207
Lookalike_00145,Lookalike,0,0.0623005699568222,623,-0.6976146697998047,2.095036029815674,3.416446685791016,1.4526812014173678,4.1764343733993226,0.534763948497854,blob,-0.05930137634277344,1.1306990385055542
Lookalike_00145,Lookalike,0,0.150201374117411,1502,-0.8899631500244141,2.069653034210205,3.920368194580078,3.3578732278467176,4.9934086538416445,0.5054686185428235,linear,-0.5918674468994141,2.555763006210327
Lookalike_00145,Lookalike,0,0.1037009487082258,1037,-0.8119029998779297,2.1027865409851074,3.40066909790039,2.100594558290996,4.556405195182279,0.464397671294223,blob,-0.029531478881835938,1.8583871126174927
Lookalike_00145,Lookalike,0,0.1519013896700048,1519,-0.7721595764160156,2.0784170627593994,4.255311965942383,2.4128627750403577,4.7027782656482096,0.4884244372990354,blob,-0.3820819854736328,2.104196786880493
Lookalike_00145,Lookalike,0,0.2649024234600677,2649,-0.9087390899658204,2.086012840270996,3.6259994506835938,2.3690481834127697,4.940259164720625,0.3477975448040438,blob,0.26194000244140625,2.0038437843322754
Lookalike_00145,Lookalike,0,0.4231038707661558,4231,-0.5564632415771484,1.9409550428390503,3.915714263916016,1.4345872412550045,4.30204496457884,0.6794604143247149,blob,0.3300361633300781,1.5498534440994263
Lookalike_00146,Lookalike,0,0.0616005635528129,616,-0.5488567352294922,1.8136067390441892,2.9614830017089844,1.4208071259424622,4.656950661925127,0.5542060278902384,blob,1.4269180297851562,5.076948165893555
Lookalike_00148,Lookalike,0,7.308166858771298,73081,-1.6788043975830078,2.2850513458251958,4.951187133789063,2.0243986699195617,4.883386278453531,0.9504369765385215,blob,-0.4863758087158203,3.18207049369812
Lookalike_00149,Lookalike,0,1.472413470376002,14724,-1.539897918701172,2.062403678894043,4.080362319946289,5.2399524171620255,5.136819961131715,0.891526142108928,linear,-0.45162391662597656,1.0180165767669678
Lookalike_00149,Lookalike,0,0.4360039887828965,4360,-0.3223552703857422,1.8852245807647705,4.516811370849609,2.285221476904564,4.576192517397176,0.6285137667579646,blob,-0.015411376953125,2.7870936393737793
Lookalike_00149,Lookalike,0,23.151011797052934,231508,-0.1279315948486328,2.0599536895751958,6.457359313964844,1.8988947243631595,4.675344129669925,0.727031771603717,blob,-0.020509719848632812,2.0203466415405273
Lookalike_00149,Lookalike,0,0.150701378691703,1507,-0.349496841430664,1.741821527481079,3.2062015533447266,2.3326725363551346,3.5521549003048074,0.7269657501205982,blob,0.22896575927734375,2.9918177127838135
Lookalike_00149,Lookalike,0,0.1712015662376878,1712,-0.4261837005615234,1.7555707693099976,3.2191925048828125,1.5949119573920554,3.6423523875860826,0.633370329263781,blob,0.06592750549316406,3.2576451301574707
No oil_00000,No oil,0,0.0517004729818251,517,-1.0165271759033203,2.0727829933166504,3.6156158447265625,1.215936778008135,5.11076962301555,0.5222222222222223,blob,0.14386749267578125,1.6052353382110596
No oil_00000,No oil,0,0.1017009304110565,1017,-0.6748619079589844,2.0131540298461914,3.461956024169922,1.524542191318237,4.980272111059004,0.3786299329858525,blob,0.07881927490234375,1.8928800821304321
No oil_00000,No oil,0,0.0602005507447945,602,-0.9672698974609376,2.243206024169922,4.899875640869141,2.090403366532043,4.976426539297492,0.6264308012486993,blob,-0.0373687744140625,1.524953842163086
No oil_00000,No oil,0,0.2433022258506396,2433,-0.7780036926269531,2.07615065574646,3.3841514587402344,1.233093613878422,4.589038269849452,0.453579418344519,blob,-0.13988113403320312,1.8839434385299683
No oil_00000,No oil,0,0.0829007584176655,829,-0.7902870178222656,2.0567586421966557,3.405181884765625,1.206390678565942,4.83669130510792,0.3710832587287377,blob,-0.5514736175537109,2.5371196269989014
No oil_00000,No oil,0,0.255702339293089,2557,-0.53741455078125,1.9595006704330444,3.748554229736328,1.2348192181767736,4.222791455283777,0.42744901370779,blob,0.10724830627441406,1.8964587450027466
No oil_00000,No oil,0,0.0732006696763946,732,-0.6017265319824219,2.0351686477661133,3.1292381286621094,1.664699730919765,3.793535065900848,0.8394495412844036,blob,-0.4788703918457031,2.514751672744751
No oil_00000,No oil,0,0.326602987927739,3266,-0.7065715789794922,1.9864234924316408,3.740203857421875,1.5923172062204063,4.085201603671944,0.4477039067854695,blob,0.08638191223144531,1.6085706949234009
No oil_00000,No oil,0,0.1232011271056259,1232,-0.7470607757568359,1.9533981084823608,3.243759155273437,1.54463484894197,4.332227510601517,0.6290528465662497,blob,0.36795997619628906,1.4854092597961426
No oil_00000,No oil,0,0.0566005178098898,566,-0.6964035034179688,2.0667121410369877,3.3626861572265625,3.1443622525827832,4.629502151711629,0.827485380116959,linear,-0.0899505615234375,1.9646397829055786
No oil_00000,No oil,0,0.0569005205544652,569,-0.6378364562988281,2.0272481441497803,3.2777175903320312,1.649632370615073,4.2505903762291615,0.8423390081421169,blob,-0.223480224609375,2.069101572036743
No oil_00000,No oil,0,0.0577005278733329,577,-0.6413002014160156,1.9589163064956665,3.133922576904297,2.781404265869621,4.79962126327194,0.733630006357279,blob,0.5077381134033203,1.0713008642196655
No oil_00001,No oil,0,0.0808007392056378,808,-0.2395496368408203,2.231663703918457,4.385669708251953,1.0562737492065992,4.217985600092165,0.8174001011633789,blob,-0.0797109603881836,1.4564605951309204
No oil_00002,No oil,0,0.1978018095900391,1978,-0.7381134033203125,2.0671157836914062,4.107477188110352,1.9749017529997464,5.082279405260215,0.760476739715494,blob,0.45377540588378906,1.1395719051361084
No oil_00002,No oil,0,0.5145047069467903,5145,-0.6643352508544922,1.9997414350509644,4.3746185302734375,2.799113937852765,6.388480923245022,0.6404431443331051,blob,0.20372962951660156,1.5154072046279907
No oil_00002,No oil,0,0.078900721823327,789,-0.9476184844970704,2.0819337368011475,3.76406478881836,1.6296217802542508,5.689344355815489,0.682230869001297,blob,-0.6451625823974609,1.7106647491455078
No oil_00002,No oil,0,0.1391012725681215,1391,-0.7675151824951172,1.9937635660171509,3.6839599609375,1.1286660969378537,4.5469506309482055,0.3362746283089568,blob,-0.4462127685546875,2.2436599731445312
No oil_00003,No oil,0,16.18574807533133,161856,-1.0338211059570312,2.220418930053711,5.737159729003906,1.2107579963041228,6.9805229380400124,0.4236458101582233,blob,0.05817222595214844,1.707352876663208
No oil_00003,No oil,0,0.3476031800480161,3476,-1.285634994506836,2.419118404388428,4.914621353149414,1.5559710444461423,7.734633729532204,0.3869962146515253,blob,-0.0919342041015625,1.3239872455596924
No oil_00003,No oil,0,0.0739006760804038,739,-1.137216567993164,2.4457833766937256,4.516956329345703,2.9855343339925744,7.019814922603887,0.6839426191577973,blob,-0.469818115234375,2.1302406787872314
No oil_00003,No oil,0,0.1479013530756662,1479,-1.4224834442138672,2.433163642883301,4.140268325805664,2.418941226764338,6.5827109114237,0.3872741555380989,blob,-0.1964855194091797,1.9920105934143066
No oil_00003,No oil,0,0.1227011225313336,1227,-0.9791049957275392,2.1073689460754395,4.136919021606445,1.2034611813707512,7.052424315731791,0.5324365372098069,blob,0.143585205078125,1.567710518836975
No oil_00003,No oil,0,2.694024646286984,26940,-1.1132469177246094,2.2746801376342773,5.410917282104492,1.7261495629380408,6.872855253009335,0.373140530208593,blob,0.03204154968261719,1.6062893867492676
No oil_00003,No oil,0,0.1465013402676477,1465,-1.17816162109375,2.398402452468872,4.553260803222656,1.298240029816027,7.439823864578226,0.5855315747402078,blob,-0.12610244750976562,1.6856905221939087
No oil_00003,No oil,0,0.4606042138380789,4606,-1.0002689361572266,2.191877841949463,4.346866607666016,2.119832906770032,6.479186133189434,0.558675480623446,blob,0.06764602661132812,1.5420811176300049
No oil_00003,No oil,0,0.1010009240070472,1010,-1.1106014251708984,2.332961320877075,4.115896224975586,3.409244321342464,5.926038493833032,0.4279661016949153,linear,-0.2331256866455078,1.4862887859344482
No oil_00003,No oil,0,0.2463022532963935,2463,-1.312570571899414,2.290111303329468,4.43858528137207,1.1395656967774734,6.369877628465488,0.4331310999736217,blob,-0.07655525207519531,1.5932358503341675
No oil_00003,No oil,0,0.1061009706648288,1061,-0.8613529205322266,2.2649738788604736,3.9759693145751953,1.454411840479159,5.876700286821289,0.6195620437956204,blob,0.022600173950195312,1.4970457553863525
No oil_00003,No oil,0,0.1182010813627028,1182,-0.9408779144287108,2.372746229171753,4.208427429199219,1.2313012927495277,6.299063717091509,0.4319386077105792,blob,0.1791362762451172,1.6544270515441895
No oil_00003,No oil,0,0.1695015506850941,1695,-0.9937305450439452,2.305218458175659,3.9708251953125,1.311676938759374,6.086564755268716,0.3323855279929404,blob,0.16436386108398438,1.7444318532943726
No oil_00003,No oil,0,0.0952008709452564,952,-0.9530487060546876,2.209662914276123,3.6575889587402335,1.5257486201333716,5.460182749711278,0.7067557535263549,blob,0.17905807495117188,1.3513284921646118
No oil_00003,No oil,0,0.1769016183846204,1769,-0.9950008392333984,2.341417074203491,4.445131301879883,2.5735705240363083,6.192430890623242,0.6033424283765347,blob,0.19338226318359375,1.6034376621246338
No oil_00003,No oil,0,0.069400634911773,694,-0.9305438995361328,2.2459933757781982,3.645174026489258,1.8294572247294696,5.974749899488023,0.7931428571428571,blob,0.4077281951904297,1.4395970106124878
No oil_00003,No oil,0,0.0596005452556437,596,-0.9977912902832032,2.191755771636963,3.452259063720703,1.4972862400257227,6.026424772388935,0.6834862385321101,blob,0.2696857452392578,1.494732141494751
No oil_00003,No oil,0,0.07350067242097,735,-0.5597705841064453,2.392879009246826,4.149927139282227,1.237932182933175,5.747154929605483,0.7600827300930714,blob,0.5604114532470703,1.7601423263549805
No oil_00003,No oil,0,0.2953027015770402,2953,-0.7390499114990234,2.2192094326019287,4.482656478881836,1.982280117570721,5.065174479377777,0.607863318237958,blob,-0.03076934814453125,1.9192687273025513
No oil_00003,No oil,0,0.0810007410353547,810,-0.9131317138671876,2.120201587677002,4.068695068359375,2.11521737202452,4.5276200997608935,0.6237966884867154,blob,0.1492290496826172,1.9135318994522095
No oil_00004,No oil,0,0.0742006788249792,742,-5.235012054443359,10.10719108581543,13.274511337280272,1.637403329078189,11.388786388945428,0.9979825151311366,blob,-3.7830543518066406,2.115924596786499
No oil_00004,No oil,0,0.1822016668721189,1822,-5.100605010986328,8.76634693145752,13.390280723571776,1.6000752257888906,10.98267171061353,0.9586950802420416,blob,-2.4993772506713867,1.2536602020263672
No oil_00004,No oil,0,1.4852135874778871,14852,-3.672609329223633,8.721659660339355,14.464259147644045,1.9899229883553529,10.179288591593698,0.5941631828455984,blob,-2.679558753967285,2.770596504211426
No oil_00004,No oil,0,0.5561050875279108,5561,-6.634496688842773,9.632246017456056,13.814126014709473,1.538373662617619,15.70421526774444,0.6338766670466203,blob,-3.589811325073242,1.6362621784210205
No oil_00004,No oil,0,0.3420031288159422,3420,-4.856464385986328,9.699600219726562,12.590834617614746,1.8772108766037217,10.453308250856988,0.8645096056622852,blob,-2.8897476196289062,1.8803730010986328
No oil_00004,No oil,0,1.0015091623075034,10015,-5.715782165527344,9.036718368530272,13.45668601989746,2.3677969473951963,10.394149837675972,0.5271191347140715,blob,-4.760433197021484,1.7624239921569824
No oil_00004,No oil,0,0.273002497563603,2730,-3.4700584411621094,8.948304176330566,13.000602722167969,1.8084951023366844,10.767677571180707,0.6952756908187954,blob,-1.7431793212890625,1.2449406385421753
No oil_00004,No oil,0,0.6301057645231731,6301,-4.267486572265625,9.13669204711914,12.988164901733398,1.4479770006209371,11.69817491418654,0.4250252951096121,blob,-2.6787405014038086,1.878166913986206
No oil_00004,No oil,0,0.0756006916329977,756,-4.096736907958984,9.840266227722168,12.64146614074707,2.4914830156589574,14.899489032978014,0.8904593639575972,blob,-2.0752906799316406,2.633607864379883
No oil_00004,No oil,0,0.0708006477197915,708,-4.266809463500977,9.08778953552246,13.125262260437012,2.3487478564434725,10.8784527964919,0.6271036315323295,blob,-2.865610122680664,2.766187906265259
No oil_00004,No oil,0,0.0626005727013976,626,-4.706939697265625,9.481939315795898,12.23259735107422,1.380028397555222,15.320837040503534,0.978125,blob,-3.3613128662109375,1.1822351217269897
No oil_00004,No oil,0,0.085400781289127,854,-5.37822151184082,9.559149742126465,12.337882041931152,5.535635200283426,13.809340148025871,0.7191578947368421,linear,-3.9359588623046875,2.230381727218628
No oil_00004,No oil,0,0.0623005699568222,623,-3.991579055786133,9.355878829956056,12.32378101348877,1.6034821968295192,10.868950669850644,0.6731496488384657,blob,-0.039383888244628906,0.020010901615023613
No oil_00004,No oil,0,0.064000585509416,640,-3.766132354736328,8.8812837600708,11.71246337890625,3.927845614352874,9.18954076092874,0.7472270869819031,linear,-3.7540435791015625,2.7213032245635986
No oil_00004,No oil,0,0.0932008526480871,932,-5.100200653076172,8.995555877685547,13.064778327941896,2.6525377570565154,10.897599146273754,0.8347514554411106,blob,-2.9477357864379883,1.9977003335952759
No oil_00004,No oil,0,0.0780007135896008,780,-6.281757354736328,9.55053997039795,12.746626853942873,4.557275857259604,13.517671733201128,0.8432432432432433,linear,-3.0094661712646484,1.837448000907898
No oil_00004,No oil,0,0.0866007922674286,866,-5.921848297119141,9.535799026489258,13.075818061828612,2.4225722499729465,13.346327202084364,0.8955532574974147,blob,-3.924959182739258,1.8883730173110962
No oil_00004,No oil,0,0.2815025753265723,2815,-5.433605194091797,9.306514739990234,13.519927024841309,1.4730179482593542,12.342992329140984,0.7278603749191984,blob,-3.9529151916503906,3.524818181991577
No oil_00004,No oil,0,0.8087073984603874,8087,-3.8896350860595694,8.985174179077148,13.915083885192873,1.3660732341231916,11.99223193196725,0.5840676007511194,blob,-3.3490123748779297,1.8182519674301147
No oil_00004,No oil,0,0.0569005205544652,569,-5.910392761230469,9.828179359436035,12.31289005279541,2.2783262142386933,17.04851638128461,0.6947496947496947,blob,-3.890512466430664,3.3341472148895264
No oil_00004,No oil,0,0.255702339293089,2557,-3.515838623046875,8.761625289916992,12.113690376281738,3.59728598176486,9.231717464368964,0.72426001982722,linear,-2.107362747192383,3.206861734390259
No oil_00004,No oil,0,0.0767007016964408,767,-5.793270111083984,9.559493064880373,12.59485912322998,1.9923621447093545,12.542852353360235,0.9845956354300384,blob,-3.7801599502563477,3.1350209712982178
No oil_00004,No oil,0,0.9657088347881738,9657,-4.328336715698242,8.984004974365234,13.503132820129396,2.5641818658515887,11.60918649140703,0.4551753393665158,blob,-2.919536590576172,2.8657925128936768
No oil_00004,No oil,0,0.1121010255563366,1121,-4.672433853149414,9.379247665405272,12.26413631439209,2.223052577038909,12.279642736084062,0.6333333333333333,blob,-2.5409469604492188,2.199692487716675
No oil_00004,No oil,0,0.0890008142240317,890,-3.091957092285156,9.422622680664062,14.364466667175291,1.4113762863810169,10.00548530936418,0.7897071872227152,blob,-2.3983983993530273,1.3379992246627808
No oil_00004,No oil,0,0.0564005159801729,564,-2.612438201904297,8.59493637084961,11.699061393737791,1.5791649948168445,8.532564467714932,0.912621359223301,blob,-1.057417869567871,2.2181825637817383
No oil_00004,No oil,0,0.0743006797398377,743,-3.742525100708008,8.939227104187012,12.661229133605955,2.0203616573246634,11.84185191896305,0.6832183908045977,blob,-2.269878387451172,2.2177822589874268
No oil_00004,No oil,0,0.2193020062846085,2193,-3.6077613830566406,8.549046516418457,12.084803581237791,2.4450169143780087,9.78022951050194,0.6136840632433189,blob,-2.0404224395751953,0.9099913835525513
No oil_00004,No oil,0,0.1585014500506633,1585,-4.2198333740234375,8.66789722442627,11.881744384765623,1.6685291585548527,11.049486273337774,0.745356219139431,blob,-3.6098480224609375,2.3406496047973633
No oil_00004,No oil,0,0.3609033017241916,3609,-2.5525360107421875,8.754005432128906,12.6705904006958,2.3608417800959547,8.901523072930573,0.5466525295365041,blob,-1.6724233627319336,2.949151039123535
No oil_00004,No oil,0,0.4445040665458664,4445,-6.089601516723633,9.026185035705566,12.60398006439209,2.4482888913570573,11.371925653068857,0.6327402135231317,blob,-2.1203155517578125,0.6531555652618408
No oil_00004,No oil,0,0.0598005470853606,598,-4.113203048706055,8.95894718170166,11.848742485046388,2.043815471015764,12.508039621562494,0.8666666666666667,blob,-2.2481164932250977,3.0503087043762207
No oil_00004,No oil,0,0.0915008370954933,915,-3.483551025390625,9.378878593444824,12.655327796936035,2.1370378759754614,9.584889693726698,0.8697718631178707,blob,-2.5599746704101562,3.5522775650024414
No oil_00004,No oil,0,0.0682006239334715,682,-3.0094985961914062,8.417645454406738,12.421613693237305,1.387257021775558,9.860786386914288,0.8378378378378378,blob,-2.1858043670654297,2.2335457801818848
No oil_00004,No oil,0,0.2247020556869655,2247,-4.022256851196289,8.776769638061523,11.968234062194824,2.296312689015594,12.157291424094613,0.6722513089005235,blob,-3.2569408416748047,1.5083309412002563
No oil_00004,No oil,0,0.1329012158468968,1329,-2.9294586181640625,9.050216674804688,12.981440544128418,2.315258926117121,9.667178527026778,0.7991581479254359,blob,-2.5664796829223633,3.3624331951141357
No oil_00004,No oil,0,0.1272011636999644,1272,-5.777948379516602,8.328169822692871,11.44969654083252,1.6540148090119435,9.644747115136552,0.8907563025210085,blob,-5.026830673217773,3.0213046073913574
No oil_00004,No oil,0,0.086900795012004,869,-5.081605911254883,9.571176528930664,12.971848487854004,2.1723730965951997,13.25566423150099,0.761612620508326,blob,-2.719719886779785,2.107450008392334
No oil_00004,No oil,0,0.1075009834728473,1075,-4.603670120239258,8.674060821533203,12.164728164672852,2.2848471251281275,11.342800648115386,0.617993676343777,blob,-3.462357521057129,0.6296270489692688
No oil_00004,No oil,0,0.1004009185178965,1004,-3.8873424530029297,8.32691478729248,11.703557014465332,1.7941191644229435,8.605813762819631,0.8080482897384306,blob,-2.219095230102539,3.4562056064605713
No oil_00004,No oil,0,0.1499013713728355,1499,-4.637805938720703,9.514974594116213,13.402819633483888,2.1189993351683305,11.042445352677031,0.7839958158995816,blob,-3.734058380126953,1.7968111038208008
No oil_00004,No oil,0,0.0684006257631884,684,-4.279445648193359,8.617416381835938,11.65888214111328,1.473947855155071,10.26416917638203,0.7370689655172413,blob,-2.982914924621582,1.5048989057540894
No oil_00004,No oil,0,0.2474022633598366,2474,-3.5347728729248047,8.576757431030273,12.864542007446287,1.0948523601503857,9.22496509241301,0.5796626054358013,blob,-1.391087532043457,1.1463059186935425
No oil_00004,No oil,0,0.1677015342176418,1677,-4.595003128051758,9.29307460784912,13.216351509094238,1.3696240241117217,14.14369434128689,0.645,blob,-3.0375137329101562,1.8329899311065674
No oil_00004,No oil,0,0.1849016915732974,1849,-6.660749435424805,10.004815101623535,13.37316608428955,3.2590016581874384,12.81994595837103,0.8060156931124673,linear,-4.902370452880859,2.8180458545684814
No oil_00004,No oil,0,0.1036009477933673,1036,-5.399261474609375,9.63333511352539,13.649606704711914,1.6649427368390723,14.54151339956899,0.9217081850533808,blob,-4.4635162353515625,3.030364751815796
No oil_00004,No oil,0,0.0587005370219175,587,-4.723550796508789,9.15189266204834,12.436549186706545,2.4487790040895896,12.203733969845992,0.7402269861286255,blob,-3.887761116027832,1.9158155918121338
No oil_00004,No oil,0,0.2188020017103162,2188,-3.94278335571289,8.3854341506958,12.034852981567385,2.646766212340957,10.576826951925629,0.7897491427540155,blob,-2.6160097122192383,2.5735743045806885
No oil_00004,No oil,0,0.1321012085280291,1321,-5.110883712768555,9.722819328308104,12.811604499816896,2.121395785046999,10.721793462171016,0.8648117839607201,blob,-3.4965200424194336,3.1235806941986084
No oil_00004,No oil,0,0.1821016659572605,1821,-4.721210479736328,8.980515480041504,12.233745574951172,2.139685034823529,10.477977217382982,0.5679975046787273,blob,-3.247725486755371,1.1126941442489624
No oil_00004,No oil,0,0.064200587339133,642,-3.4146785736083984,8.438579559326172,11.67866325378418,2.658853370714233,9.846367726046248,0.8885813148788927,blob,-2.858783721923828,2.801154613494873
No oil_00004,No oil,0,0.0932008526480871,932,-2.2126007080078125,8.313761711120605,11.813116073608398,3.8794976542293953,9.720019176572746,0.8058798097708604,linear,-2.9477357864379883,1.9977003335952759
No oil_00004,No oil,0,1.6829153961530678,16829,-3.767152786254883,8.592845916748047,14.287166595458984,2.097275863578629,10.53170491402381,0.3403373240575958,blob,-2.9579343795776367,2.6572890281677246
No oil_00004,No oil,0,0.1588014527952387,1588,-3.244129180908203,8.128113746643066,12.412471771240234,2.95930252452831,9.16445755006336,0.7170918943328065,blob,-2.910360336303711,2.523167133331299
No oil_00004,No oil,0,0.1314012021240199,1314,-2.3922119140625,8.14721393585205,12.288528442382812,1.8931446267241492,9.484926085854042,0.8458319922755069,blob,-1.454665184020996,2.6606712341308594
No oil_00004,No oil,0,0.3025027674468495,3025,-2.902437210083008,8.547945976257324,13.031067848205566,2.1921946373890253,7.654359704509783,0.7767364231608679,blob,-1.6602706909179688,2.4316604137420654
No oil_00004,No oil,0,0.1816016613829681,1816,-5.750202178955078,9.583640098571776,11.698060035705566,3.626453132639946,11.7631917609505,0.7842798531634636,linear,-4.894296646118164,2.740048408508301
No oil_00004,No oil,0,0.0504004610886651,504,-4.873939514160156,9.011619567871094,12.30038833618164,2.640234051742417,10.511322784150392,0.8920353982300885,blob,-3.9209060668945312,1.3214895725250244
No oil_00004,No oil,0,0.1387012689086877,1387,-4.509504318237305,9.036952018737791,13.276847839355469,2.335444804844199,9.818194010778718,0.7179089026915114,blob,-3.467893600463867,1.445355772972107
No oil_00004,No oil,0,0.1803016494898081,1803,-6.465486526489258,10.409303665161133,14.332538604736328,2.3387483104587843,12.691240111474311,0.7923533289386948,blob,-5.73558235168457,2.5306265354156494
No oil_00004,No oil,0,0.0759006943775731,759,-3.354774475097656,8.486987113952637,11.548026084899902,1.7915415958902228,7.907399721290613,0.6678398592168939,blob,-3.320138931274414,2.40762996673584
No oil_00004,No oil,0,0.1036009477933673,1036,-5.349029541015625,8.696694374084473,12.243313789367676,2.6829383775637115,12.453129301013153,0.8218960729869099,blob,-4.4635162353515625,3.030364751815796
No oil_00004,No oil,0,0.0597005461705022,597,-6.642823219299316,9.170626640319824,12.753894805908203,1.851346934264663,11.957403992839572,0.5040101308569016,blob,-6.779260635375977,1.1449757814407349
No oil_00004,No oil,0,0.1537014061374571,1537,-4.5352325439453125,9.334726333618164,14.049281120300291,1.3393985397451549,10.747009949742129,0.8637257656645125,blob,-4.1112518310546875,0.6666935086250305
No oil_00004,No oil,0,1.0646097395831933,10646,-5.016704559326172,9.703343391418455,16.3441219329834,1.722292996265672,12.693279561719942,0.657993139466609,blob,-4.133971214294434,0.8489255309104919
No oil_00004,No oil,0,0.089700820628041,897,-5.758829116821289,8.648983001708984,12.558791160583496,2.096321392211763,10.491472935149693,0.7376644736842105,blob,-4.6974406242370605,0.3164822459220886
No oil_00004,No oil,0,0.0685006266780469,685,-6.366209030151367,10.14060115814209,12.836570739746094,1.3389106590874251,15.038231672965784,0.9891696750902528,blob,-5.0634870529174805,2.0816779136657715
No oil_00004,No oil,0,0.4409040336109618,4409,-4.033245086669922,9.095945358276367,14.41489028930664,1.7804360072406389,10.338089038151622,0.7667826086956522,blob,-2.7876672744750977,1.9245171546936035
No oil_00004,No oil,0,0.0523004784709759,523,-3.742498397827149,8.681848526000977,11.870491027832031,2.037744448545476,10.9942123752708,0.867330016583748,blob,-3.226498603820801,1.6797477006912231
No oil_00004,No oil,0,0.4472040912470449,4472,-4.012107849121094,9.563403129577637,14.590559005737305,1.5727771997817113,10.946988461024729,0.7480137158150038,blob,-2.9732866287231445,2.401099443435669
No oil_00004,No oil,0,2.0349186164548563,20349,-7.819360733032227,10.789387702941896,15.95237159729004,1.62588112391838,12.908397849479638,0.5854816434572447,blob,-6.360055923461914,3.140745162963867
No oil_00004,No oil,0,0.089500818798324,895,-6.222084045410156,9.891083717346191,14.240478515625,1.3095723969780588,14.395547867975129,0.8857001484413657,blob,-5.2108154296875,1.5279470682144165
No oil_00004,No oil,0,0.8219075192217045,8219,-4.771631240844727,9.368175506591797,14.304738998413086,1.9723655612972408,10.402978322905923,0.672696022262236,blob,-3.5112972259521484,2.4700214862823486
No oil_00004,No oil,0,0.1171010712992597,1171,-6.095137596130371,9.607038497924805,12.943050384521484,3.323664453155255,12.518283003253892,0.8898176291793313,linear,-3.911367416381836,0.6333070397377014
No oil_00004,No oil,0,0.1036009477933673,1036,-3.1005802154541016,8.375650405883789,11.903958320617676,1.9552322635660493,9.018118877198964,0.8775942397289285,blob,-4.4635162353515625,3.030364751815796
No oil_00004,No oil,0,0.5275048258783904,5275,-6.107891082763672,10.28713607788086,14.943342208862305,1.4640250455680142,12.159524906400057,0.7951462164606572,blob,-4.38859748840332,3.3084797859191895
No oil_00004,No oil,0,0.1609014720072664,1609,-6.031740188598633,9.55345344543457,14.724285125732422,1.2659307665294062,14.722421479160854,0.5093383982272871,blob,-4.698051452636719,0.5187749862670898
No oil_00006,No oil,0,0.1693015488553772,1693,-4.3606719970703125,6.42429256439209,11.418817520141602,1.3711793603702287,13.446264639890943,0.4973560517038778,blob,-4.54372501373291,0.8863850831985474
No oil_00006,No oil,0,0.0541004949384282,541,-4.255348205566406,5.942104816436768,10.23151397705078,1.0912876079705809,12.1919808885086,0.4211755546905411,blob,-1.6178112030029297,0.0
No oil_00006,No oil,0,0.0542004958532867,542,-4.04167366027832,6.289632320404053,11.209789276123049,1.471660518159203,10.267517280935474,0.7439945092656143,blob,-2.8102846145629883,0.32995063066482544
No oil_00006,No oil,0,0.2807025680077045,2807,-3.840475082397461,5.926745414733887,10.521931648254396,2.466564345469138,11.243172570876029,0.4697907949790795,blob,-2.4931349754333496,0.012748470529913902
No oil_00006,No oil,0,0.1896017345716451,1896,-2.4054718017578125,5.123931407928467,8.191302299499512,1.9748780695317865,10.124400364371208,0.5883630721489527,blob,-0.9979896545410156,0.016880840063095093
No oil_00006,No oil,0,0.057300524213899,573,-3.451199531555176,5.4553656578063965,8.425863265991211,1.9355470714492584,9.921218544868983,0.7465798045602606,blob,-1.7207555770874023,0.0
No oil_00006,No oil,0,0.0778007117598839,778,-2.5152320861816406,5.413445949554443,8.420896530151367,1.4734195907212857,10.96718455516248,0.58518239939827,blob,-1.5948734283447266,0.09661844372749329
No oil_00006,No oil,0,0.0752006879735638,752,-3.382770538330078,6.124779224395752,11.160661697387695,1.8533370610383884,11.45224748083502,0.746772591857001,blob,-2.334111213684082,0.0455380454659462
No oil_00006,No oil,0,0.2077019001610268,2077,-2.327373504638672,5.212405681610107,9.231393814086914,2.421201499870714,9.94621479916547,0.4470512268618166,blob,-0.7369298934936523,0.013455445878207684
No oil_00006,No oil,0,0.0777007108450254,777,-4.078519821166992,5.908886909484863,9.892563819885254,2.55239120859229,12.976454134719203,0.4558521560574948,blob,-1.7736883163452148,0.0
No oil_00006,No oil,0,0.0643005882539914,643,-2.9925613403320312,5.329397201538086,8.145757675170898,2.423705316304561,9.673562721357994,0.7618483412322274,blob,-0.7353334426879883,0.0
No oil_00006,No oil,0,0.1037009487082257,1037,-2.657381057739258,5.203916549682617,8.074378967285156,1.7074169733189086,10.104039961582332,0.6387434554973822,blob,-0.8864307403564453,0.0
No oil_00006,No oil,0,0.0603005516596529,603,-1.7138309478759766,4.689631462097168,7.876096725463867,2.926802349515875,8.791464406944815,0.7178571428571429,blob,-1.3099308013916016,0.1486588418483734
No oil_00006,No oil,0,0.0783007163341762,783,-3.719391822814941,6.336909294128418,10.437829971313477,1.669863214653566,13.665753540114974,0.7639024390243903,blob,-1.7763357162475586,0.0
No oil_00006,No oil,0,0.0582005324476252,582,-2.090902328491211,5.504411697387695,8.958820343017578,2.439008613059923,10.64206184849986,0.7163076923076923,blob,-1.0451507568359375,0.0
No oil_00006,No oil,0,0.0565005168950313,565,-2.569580078125,5.45246696472168,9.5814208984375,1.9605661366513407,11.159097697073458,0.4419241298396558,blob,-1.1791906356811523,0.0
No oil_00006,No oil,0,0.0552005050018713,552,-1.6061439514160156,5.099218368530273,8.006385803222656,1.3012201198650306,8.997137604698596,0.80997798972854,blob,-0.7901115417480469,0.006163725163787603
No oil_00006,No oil,0,0.1365012487818014,1365,-1.5757579803466797,5.123129367828369,8.840368270874023,3.1825895202704717,9.720313965617844,0.7372400756143668,linear,-0.4177560806274414,0.01516095269471407
No oil_00006,No oil,0,0.9025082565976252,9025,-2.561328887939453,5.493288516998291,11.14118194580078,1.2855074508861326,10.115630419903988,0.5462579063644343,blob,-1.1228227615356445,0.05239569768309593
No oil_00006,No oil,0,0.1442013192259031,1442,-3.027989387512207,5.370484352111816,8.815118789672852,1.159538793082852,10.605031612147007,0.6584474885844749,blob,-1.1699151992797852,0.0
No oil_00006,No oil,0,0.0738006751655454,738,-2.64236068725586,5.317692756652832,7.426459312438965,1.1821041681959303,10.07043236308468,0.6490765171503958,blob,-0.4233589172363281,0.0
No oil_00006,No oil,0,0.0896008197131825,896,-2.8049116134643555,4.682322978973389,8.927502632141113,2.0157352429013877,9.87320783480014,0.6970050563982886,blob,-1.9191007614135742,0.14234837889671326
No oil_00006,No oil,0,0.0527004821304098,527,-3.887014389038086,5.669424533843994,8.597774505615234,2.2315640981465363,10.66581906204984,0.7871545929798357,blob,-1.6097517013549805,0.0
No oil_00006,No oil,0,0.1039009505379426,1039,-3.261981964111328,5.948140621185303,11.313288688659668,2.868020231084795,11.091465418307545,0.65141065830721,blob,-1.3063230514526367,0.005239688791334629
No oil_00006,No oil,0,0.086900795012004,869,-2.544210433959961,5.395812511444092,9.785496711730955,1.1816195562825187,7.612770149833858,0.7504317789291882,blob,-0.9034175872802734,0.0
No oil_00006,No oil,0,0.4707043062387835,4707,-3.534132957458496,5.671332359313965,11.9406099319458,2.929595979139988,10.969209762620896,0.6903277847033805,blob,-2.016140937805176,0.0013977395137771964
No oil_00006,No oil,0,0.0685006266780468,685,-3.8416881561279297,6.10135555267334,8.485491752624512,1.6007538800948076,11.637725644948336,0.8578584846587352,blob,-1.991591453552246,0.0
No oil_00006,No oil,0,0.0725006632723854,725,-4.819474220275879,6.569526672363281,9.827278137207031,1.8391815908178697,13.632458952393243,0.6709856547894494,blob,-1.4628143310546875,0.0
No oil_00006,No oil,0,0.0899008224577578,899,-3.1563587188720703,5.600930213928223,10.864117622375488,2.0118606314712832,11.781716481094954,0.7959274015050908,blob,-1.9245834350585938,0.024652685970067978
No oil_00006,No oil,0,0.1935017702511251,1935,-3.6691722869873047,5.801286220550537,10.257780075073242,1.8326840629880004,10.772881649215549,0.4534801968596203,blob,-2.5291213989257812,0.031073888763785362
No oil_00006,No oil,0,0.3769034481015456,3769,-2.919208526611328,5.6259307861328125,10.672654151916504,2.0212547529411298,10.636522557685222,0.5436319053800663,blob,-2.053630828857422,0.13426093757152557
No oil_00006,No oil,0,0.1718015717268387,1718,-2.5847606658935547,5.333690166473389,10.855977058410645,1.2370445985386824,10.94771959633638,0.442897654034545,blob,-1.3495512008666992,0.0
No oil_00006,No oil,0,0.2247020556869655,2247,-2.891976356506348,5.219913005828857,10.89042854309082,1.5068975766730106,9.3010054488872,0.5788999098286745,blob,-1.110245704650879,0.01738552562892437
No oil_00006,No oil,0,0.1709015634931126,1709,-3.294137954711914,5.969906330108643,10.96411418914795,1.2438229019284543,9.964474216853336,0.6441764040708632,blob,-1.9189767837524414,0.0
No oil_00006,No oil,0,0.0549005022572959,549,-3.2076120376586914,5.247653007507324,8.059322357177734,1.1690494940649965,9.510817497689771,0.7439024390243902,blob,-2.2598180770874023,0.0
No oil_00007,No oil,0,0.1106010118334596,1106,-3.5060930252075195,6.256387710571289,10.33784294128418,1.975789159637188,11.505053090368932,0.8256812243374393,blob,-1.1630401611328125,9.5367431640625e-07
No oil_00007,No oil,0,0.0503004601738066,503,-3.9676008224487305,7.069940567016602,10.289966583251951,2.304732494841077,14.367561052343753,0.8793706293706294,blob,-2.445359230041504,0.3479093611240387
No oil_00007,No oil,0,0.0637005827648406,637,-3.2957763671875,6.392759323120117,9.422504425048828,1.8263058057103767,9.97069998690961,0.7754108338405356,blob,-1.2532100677490234,9.5367431640625e-07
No oil_00007,No oil,0,0.1580014454763709,1580,-3.2842836380004883,6.008601188659668,11.14738655090332,1.7863787177243688,10.33171527685899,0.4560542646846587,blob,-2.2076759338378906,0.07381746917963028
No oil_00007,No oil,0,0.0574005251287575,574,-3.621824264526367,6.280712604522705,8.966875076293945,1.173029371190767,10.346107695371838,0.845360824742268,blob,-1.4931707382202148,9.5367431640625e-07
No oil_00007,No oil,0,0.0704006440603576,704,-3.519412040710449,6.289933681488037,10.824968338012695,2.698933455822541,10.250081313684111,0.8502415458937198,blob,-1.5548038482666016,0.047826506197452545
No oil_00007,No oil,0,0.1651015104313218,1651,-4.403566360473633,6.788259029388428,10.889238357543944,1.103511550993437,12.576910099309757,0.5004546832373447,blob,-2.719280242919922,0.032922934740781784
No oil_00007,No oil,0,0.0617005644676714,617,-3.180418014526367,5.8057861328125,11.584035873413086,1.4615080027683147,10.376502480949243,0.704337899543379,blob,-2.273193359375,0.028598260134458542
No oil_00007,No oil,0,0.0794007263976193,794,-5.580183982849121,7.636533260345459,11.755936622619627,1.3224254334497367,12.642620607423028,0.5416098226466576,blob,-3.2874507904052734,0.6446672081947327
No oil_00007,No oil,0,0.1694015497702356,1694,-4.050799369812012,6.082449913024902,10.942615509033203,2.0393458784799607,12.180611243909857,0.6425184904229092,blob,-2.1700639724731445,9.5367431640625e-07
No oil_00007,No oil,0,0.0757006925478562,757,-3.559673309326172,6.081832408905029,9.583102226257324,2.439988391635985,12.139464173201649,0.650623119896863,blob,-3.239622116088867,0.07761868089437485
No oil_00007,No oil,0,0.0502004592589482,502,-3.95806884765625,6.178850173950195,9.955965995788574,1.9895523376337343,11.644035182764572,0.6895604395604396,blob,-1.0079994201660156,9.5367431640625e-07
No oil_00007,No oil,0,0.0587005370219175,587,-3.2772998809814453,5.793985366821289,11.051344871520996,2.185777429424104,12.293592766581124,0.6716247139588101,blob,-1.6702423095703125,9.5367431640625e-07
No oil_00007,No oil,0,0.8235075338594396,8235,-3.8583908081054688,6.4585371017456055,13.14433765411377,2.082182635584769,12.205503729446528,0.4124408384043272,blob,-1.596940040588379,0.33743923902511597
No oil_00007,No oil,0,0.114801050257515,1148,-3.6623401641845694,6.166440486907959,10.099221229553224,1.4269669014222168,11.604245493452863,0.460951616141337,blob,-1.6425771713256836,9.5367431640625e-07
No oil_00007,No oil,0,0.0500004574292313,500,-2.898509979248047,5.827683448791504,9.003512382507324,2.040311422438889,9.495482638711747,0.9009009009009008,blob,-0.9698152542114258,9.5367431640625e-07
No oil_00007,No oil,0,0.0552005050018713,552,-3.835175514221192,6.0821852684021,8.814545631408691,1.4670217526117957,12.04841098247092,0.8903225806451613,blob,-2.271389961242676,9.5367431640625e-07
No oil_00007,No oil,0,0.0545004985978621,545,-4.9810791015625,7.33860445022583,11.377007484436035,1.861090715804828,13.768800527343696,0.669122160834868,blob,-2.332282066345215,0.09508175402879715
No oil_00007,No oil,0,0.1448013247150538,1448,-3.3124732971191406,6.302947521209717,10.808268547058104,1.395994349293638,11.879921879068648,0.5995859213250517,blob,-1.2587776184082031,0.04386655241250992
No oil_00007,No oil,0,0.1677015342176418,1677,-3.619792938232422,6.163370609283447,11.665823936462402,1.1539499224172869,11.407286031253042,0.4867218110579016,blob,-1.9908828735351562,0.03972379118204117
No oil_00007,No oil,0,0.1585014500506632,1585,-3.801094055175781,6.934835910797119,11.9465970993042,1.7197819479016323,13.26214480675186,0.7524329456444339,blob,-2.3526477813720703,0.17761348187923431
No oil_00007,No oil,0,0.0505004620035236,505,-3.6906566619873047,6.975875377655029,12.425822257995604,1.7572270111590438,15.339090918131102,0.808,blob,-1.2938156127929688,9.5367431640625e-07
No oil_00007,No oil,0,0.0677006193591791,677,-3.032838821411133,6.338735103607178,10.838114738464355,1.3255994642795002,10.517499013456954,0.5181783390738615,blob,-1.8789091110229492,0.0029329105746001005
No oil_00007,No oil,0,0.0574005251287575,574,-3.336467742919922,7.080655097961426,11.458331108093262,1.3344505825825093,10.347307932074598,0.6949152542372882,blob,-1.4931707382202148,9.5367431640625e-07
No oil_00007,No oil,0,0.5327048734510303,5327,-4.081935882568359,6.608097553253174,11.765826225280762,1.195841075870637,11.72874220166805,0.4865951130395067,blob,-1.02630615234375,0.0035191646311432123
No oil_00007,No oil,0,1.5806144602528602,15806,-3.940749168395996,6.500988960266113,12.910696029663086,2.1355245640668583,12.03852242395826,0.4546984451188815,blob,-1.959573745727539,0.08958479762077332
No oil_00007,No oil,0,0.1309011975497275,1309,-3.6250972747802734,6.08572244644165,10.568100929260254,1.749210949186205,11.85784315981581,0.6541729135432284,blob,-2.0130605697631836,9.5367431640625e-07
No oil_00007,No oil,0,0.149801370457977,1498,-4.721371650695801,7.431644439697266,12.435101509094238,1.826789960653492,12.929246869865812,0.4529785303900816,blob,-3.414478302001953,0.4003106951713562
No oil_00007,No oil,0,0.3222029476739665,3222,-4.972426414489746,7.383174419403076,12.895967483520508,1.114603269284837,12.496584691481122,0.5318148056449616,blob,-1.9050321578979492,0.24999447166919708
No oil_00007,No oil,0,0.0525004803006928,525,-4.506891250610352,6.446778297424316,9.493485450744627,1.6656590587442652,13.650541928541662,0.6129597197898424,blob,-2.3993921279907227,9.5367431640625e-07
No oil_00007,No oil,0,0.109601002684875,1096,-5.656509399414063,7.807981491088867,12.749711036682127,1.3710284433306144,18.68092357011055,0.5629173086800205,blob,-5.679054260253906,1.6969965696334839
No oil_00007,No oil,0,0.1972018041008882,1972,-4.149211883544922,6.872845649719238,12.396184921264648,1.445024529431181,12.10706606784974,0.4904252673464312,blob,-2.727170944213867,0.2588498592376709
No oil_00007,No oil,0,0.2604023822914366,2604,-4.237195014953613,6.850894927978516,12.287336349487305,1.866236533167916,11.338048980544146,0.6194837635303914,blob,-1.7750263214111328,0.06327782571315765
No oil_00007,No oil,0,0.0973008901572841,973,-3.042032241821289,5.897489070892334,9.523053169250488,1.0991235331826226,11.073673877825868,0.5103592971413585,blob,-1.3600711822509766,9.5367431640625e-07
No oil_00007,No oil,0,0.050600462918382,506,-2.7197322845458984,5.812758445739746,9.338897705078123,1.654944695138492,8.584059570202106,0.8220958570268074,blob,-1.8703951835632324,9.5367431640625e-07
No oil_00007,No oil,0,0.07870071999361,787,-3.971343994140625,7.211471080780029,12.633570671081545,1.2107553952477923,12.699160580574969,0.7659367396593674,blob,-3.102703094482422,9.5367431640625e-07
No oil_00007,No oil,0,0.0674006166146038,674,-3.890374183654785,6.480593204498291,10.031449317932127,1.32606589881561,12.79221147684275,0.6358490566037736,blob,-1.087874412536621,9.5367431640625e-07
No oil_00007,No oil,0,0.0617005644676714,617,-3.959051132202149,6.664459705352783,12.395813941955566,2.7293188092213607,13.167622234795774,0.8107752956636005,blob,-2.273193359375,0.028598260134458542
No oil_00007,No oil,0,0.0590005397664929,590,-4.342659950256348,6.992131233215332,11.633986473083496,1.998573375071236,14.688940404986438,0.8076659822039699,blob,-1.9256458282470703,0.0695398598909378
No oil_00007,No oil,0,0.0954008727749733,954,-4.46699333190918,6.593956470489502,10.523848533630373,1.7888721511791714,12.270432541628232,0.5905292479108635,blob,-1.8086557388305664,9.5367431640625e-07
No oil_00007,No oil,0,0.0666006092957361,666,-4.451485633850098,6.383269309997559,10.339838981628418,1.24355424654817,11.85390980210296,0.7867690490253987,blob,-1.7214465141296387,9.5367431640625e-07
No oil_00007,No oil,0,0.1369012524412353,1369,-3.608393669128418,6.649735927581787,12.281332969665527,1.528101404399414,10.624954476289334,0.6242590059279526,blob,-2.2245378494262695,0.8864879608154297
No oil_00007,No oil,0,0.0582005324476252,582,-3.3867197036743164,6.042603969573975,9.066126823425291,1.737731186953202,8.98353650893198,0.7067395264116576,blob,-2.316462516784668,9.5367431640625e-07
No oil_00007,No oil,0,0.1400012808018476,1400,-3.568659782409668,6.223629474639893,10.343794822692873,1.500227326551917,11.727456387613854,0.4997322862752097,blob,-1.6408815383911133,9.5367431640625e-07
No oil_00007,No oil,0,0.0773007071855916,773,-4.085693359375,5.925065040588379,9.4541654586792,2.093888822526669,10.3170921500811,0.6564755838641189,blob,-1.136627197265625,9.5367431640625e-07
No oil_00007,No oil,0,0.538904930172255,5389,-4.53717041015625,6.508325099945068,11.691808700561523,1.441947976541513,11.51344119261002,0.6727840199750312,blob,-1.18255615234375,0.006581089459359646
No oil_00007,No oil,0,0.2065018891827253,2065,-3.405695915222168,6.153512001037598,12.767687797546388,1.4505813654089772,10.136028400497256,0.6565977742448331,blob,-1.3584671020507812,9.5367431640625e-07
No oil_00007,No oil,0,0.1172010722141181,1172,-3.0822715759277344,6.237705707550049,11.304966926574709,1.3941024396071593,12.613035261352827,0.4901714763697198,blob,-1.5529985427856445,9.5367431640625e-07
No oil_00007,No oil,0,0.0509004656629574,509,-3.727025985717773,6.9466633796691895,12.905990600585938,1.5963206960420095,12.192757557475552,0.664490861618799,blob,-1.5223321914672852,0.08139881491661072
No oil_00007,No oil,0,0.0782007154193177,782,-3.4680986404418945,6.201587677001953,8.90570068359375,2.0003283723814693,10.82057948049131,0.5449477351916376,blob,-2.085367202758789,9.5367431640625e-07
No oil_00007,No oil,0,0.0683006248483299,683,-3.307309150695801,6.089394092559815,9.844613075256348,1.4800908416975118,11.03820500266536,0.7472647702407003,blob,-0.815155029296875,9.5367431640625e-07
No oil_00007,No oil,0,0.1211011078935982,1211,-3.4990234375,6.380263328552246,11.634745597839355,1.9418142632910516,12.4707518177321,0.563780260707635,blob,-1.8792057037353516,0.02147846855223179
No oil_00007,No oil,0,0.0585005351922006,585,-4.383126258850098,6.330838680267334,9.786816596984863,2.035069064334207,10.746363031924208,0.6055900621118012,blob,-0.942833423614502,9.5367431640625e-07
No oil_00007,No oil,0,0.6536059795149117,6536,-2.897563934326172,6.295673847198486,12.927120208740234,1.2519282123539486,12.03755167710298,0.4608333920891208,blob,-1.0627241134643555,0.07967806607484818
No oil_00007,No oil,0,0.0649005937431422,649,-2.684911727905273,5.671388149261475,8.823407173156738,1.9006007970438623,9.016985662868697,0.707742639040349,blob,-1.3779687881469727,9.5367431640625e-07
No oil_00007,No oil,0,0.0550005031721544,550,-2.6091175079345703,6.11240291595459,9.078818321228027,1.820021810453332,8.510272370351343,0.7372654155495979,blob,-2.085604667663574,9.5367431640625e-07
No oil_00007,No oil,0,0.9596087789818072,9596,-3.7902441024780273,6.546819686889648,13.587760925292969,2.23689851140772,10.703653635307912,0.48901798909443,blob,-1.632863998413086,0.024053016677498817
No oil_00007,No oil,0,1.13571039004756,11357,-3.3262596130371094,6.308384895324707,13.263937950134276,1.4217876610085731,11.110068876302424,0.6255232430050672,blob,-1.562429428100586,0.03800392150878906
No oil_00007,No oil,0,0.1392012734829799,1392,-3.697977066040039,5.861153602600098,9.685701370239258,1.2658918674562851,11.200430993152596,0.6044290056448112,blob,-1.5569047927856445,0.009838893078267574
No oil_00007,No oil,0,0.0874007995862963,874,-3.536374092102051,5.60715389251709,8.763503074645996,1.2514270392182325,9.456421389174286,0.5517676767676768,blob,-0.9953088760375977,9.5367431640625e-07
No oil_00007,No oil,0,0.1308011966348691,1308,-2.814455032348633,6.002224922180176,9.53711986541748,2.675349909595488,11.197450557082425,0.5058982788628892,blob,-1.7144699096679688,9.5367431640625e-07
No oil_00007,No oil,0,0.9717088896796812,9717,-3.656224250793457,6.564370155334473,13.025933265686035,2.337025395774715,11.337050377070126,0.3889055652278321,blob,-2.133419990539551,0.26261118054389954
No oil_00007,No oil,0,0.0594005434259267,594,-3.544610977172852,6.803861618041992,12.162010192871094,2.3165254964014177,9.888830768909228,0.6696730552423901,blob,-2.081273078918457,9.5367431640625e-07
No oil_00007,No oil,0,0.1518013887551462,1518,-3.4075756072998047,6.001950740814209,11.497237205505373,2.031350931013813,10.38843138785368,0.7034291010194624,blob,-1.8640446662902832,0.01119933184236288
No oil_00007,No oil,0,0.1655015140907556,1655,-3.528219223022461,6.380966663360596,11.726041793823242,1.2731616584990697,11.71939083805521,0.549195287871246,blob,-2.232990264892578,0.14591878652572632
No oil_00007,No oil,0,0.0929008499035117,929,-2.96219539642334,5.908076763153076,9.646791458129885,1.4465054623478628,10.180102669836067,0.7706345914558275,blob,-0.038550376892089844,9.5367431640625e-07
No oil_00007,No oil,0,0.0939008590520964,939,-3.1371240615844727,5.934654712677002,9.897903442382812,2.447055036437609,9.880725715064967,0.6131243878550441,blob,1.4406161308288574,9.5367431640625e-07
No oil_00007,No oil,0,0.5956054488970034,5956,-3.93680477142334,7.453074932098389,14.094527244567873,1.4654338060406562,11.364092294006852,0.4416595602684364,blob,-2.303194046020508,1.8717856407165527
No oil_00007,No oil,0,0.0711006504643669,711,-3.418100357055664,6.0577392578125,10.027559280395508,2.404321569103504,11.43923024372653,0.7433350757971772,blob,-0.5632963180541992,9.5367431640625e-07
No oil_00007,No oil,0,0.2103019239473469,2103,-4.088771820068359,6.871986389160156,11.89617156982422,2.2237971361867763,12.942732258994049,0.6273866348448688,blob,0.18367671966552734,9.5367431640625e-07
No oil_00007,No oil,0,0.2947026960878893,2947,-3.422581672668457,5.920740604400635,10.97993278503418,2.186677142829771,10.601025144131617,0.5405851600476933,blob,-0.6302976608276367,9.5367431640625e-07
No oil_00007,No oil,0,0.4277039128496446,4277,-3.2130908966064453,6.080359935760498,11.547971725463867,1.323392818078586,11.579419399950684,0.3944298427629455,blob,-1.9379444122314453,0.06941474974155426
No oil_00007,No oil,0,0.0569005205544652,569,-3.587331771850586,6.6063103675842285,9.71724796295166,1.6493382217423131,12.781862158487042,0.7715254237288136,blob,-2.048275947570801,0.14312803745269775
No oil_00007,No oil,0,0.2484022725084211,2484,-3.638066291809082,6.289414882659912,10.140777587890623,2.2960002968461093,11.349895571986618,0.6692711841573488,blob,-1.435624122619629,0.030988991260528564
No oil_00007,No oil,0,0.0816007465245055,816,-3.2436037063598637,6.074647426605225,10.230874061584473,2.291315442308732,11.135020350554663,0.6367538041357784,blob,-1.1543025970458984,9.5367431640625e-07
No oil_00007,No oil,0,0.0501004583440897,501,-3.371065139770508,6.0289692878723145,9.253087997436523,1.9424687593867305,9.915804063101362,0.7394833948339483,blob,-0.3272571563720703,9.5367431640625e-07
No oil_00007,No oil,0,0.0842007703108255,842,-3.505141258239746,5.894959449768066,9.862757682800291,1.3061079900139785,9.890830570840569,0.4450317124735729,blob,-1.2420072555541992,9.5367431640625e-07
No oil_00007,No oil,0,0.1286011765079829,1286,-4.212645530700684,6.48877477645874,10.717039108276367,3.3714406373370607,11.097619518358282,0.677733860342556,linear,-1.4045629501342773,0.00546959787607193
No oil_00007,No oil,0,0.0608005562339452,608,-5.01912784576416,7.700899600982666,12.415925979614258,2.112593664645225,13.54433289503253,0.8363136176066025,blob,-4.060666084289551,0.1914973258972168
No oil_00007,No oil,0,0.0518004738966836,518,-2.7692604064941406,6.375329971313477,12.156387329101562,2.1907198877130347,8.696700420104808,0.6820276497695853,blob,-0.8906698226928711,9.5367431640625e-07
No oil_00007,No oil,0,0.0579005297030498,579,-3.469212532043457,6.322441577911377,9.874557495117188,1.705749571238063,10.59266413474619,0.6538678712591756,blob,-1.3714017868041992,9.5367431640625e-07
No oil_00008,No oil,0,0.0605005534893698,605,-3.097658157348633,6.70211124420166,13.048409461975098,1.2735407121696642,11.500640520817642,0.7142857142857143,blob,-2.353571891784668,0.3756832480430603
No oil_00008,No oil,0,0.4208038497244107,4208,-2.8642444610595703,6.138466835021973,11.33754062652588,1.4715923879312072,9.78549796352218,0.3794238312068888,blob,-1.9670991897583008,0.03482875972986221
No oil_00008,No oil,0,0.0659006028917268,659,-4.086055755615234,7.1202392578125,11.447735786437988,1.5849810480501674,11.67436699117755,0.6846753246753247,blob,-1.937819480895996,9.5367431640625e-07
No oil_00008,No oil,0,0.0574005251287575,574,-4.942359924316406,6.873246669769287,10.66898250579834,2.46048121857482,13.33835068669528,0.7354260089686099,blob,-2.5774917602539062,9.5367431640625e-07
No oil_00008,No oil,0,0.0683006248483299,683,-3.1712894439697266,6.541654586791992,11.676593780517578,2.85540185609861,10.262666756694763,0.6871227364185111,blob,-1.7555227279663086,9.5367431640625e-07
No oil_00008,No oil,0,0.1057009670053949,1057,-3.338827133178711,6.371480941772461,11.379206657409668,2.82195123567596,11.272934536055589,0.6452991452991453,blob,-1.6991386413574219,0.05064666271209717
No oil_00008,No oil,0,0.3760034398678194,3760,-4.035552978515625,6.8032050132751465,11.298470497131348,2.5175283856522084,10.757179876195982,0.415883198761199,blob,-2.517653465270996,0.690820038318634
No oil_00008,No oil,0,0.0831007602473824,831,-3.397769927978516,6.539353847503662,10.746255874633787,2.739484665309559,13.025222868598089,0.5330339961513791,blob,-1.3890190124511719,9.5367431640625e-07
No oil_00008,No oil,0,0.8141074478627441,8141,-3.6499099731445312,6.539411544799805,12.350443840026855,2.025833667869343,11.101976441304664,0.4313112582781457,blob,-2.303256034851074,0.07048705965280533
No oil_00008,No oil,0,0.6133056108269512,6133,-3.9390697479248047,7.279804229736328,13.005447387695312,3.307392836067625,12.372650105149582,0.5865812251924825,linear,-2.055811882019043,0.13072019815444946
No oil_00008,No oil,0,0.1054009642608196,1054,-3.209190368652344,6.1174492835998535,8.89428997039795,2.6750341733333243,8.364266185879211,0.7467233439603259,blob,-1.4802446365356445,0.04160143807530403
No oil_00008,No oil,0,0.0779007126747423,779,-5.202781677246094,7.690739154815674,11.59695816040039,1.5953417359170627,14.046367912805962,0.8234672304439746,blob,-3.9754648208618164,0.7061398029327393
No oil_00008,No oil,0,0.0808007392056378,808,-3.117380142211914,6.174282550811768,10.53065299987793,1.498721877524427,9.515022117011842,0.527759634225996,blob,-2.785374641418457,0.10601958632469177
No oil_00008,No oil,0,0.1721015744714141,1721,-3.5579395294189453,6.455759525299072,10.04973602294922,1.7126456322952397,11.699164144500722,0.4645701174247537,blob,-1.3077383041381836,9.5367431640625e-07
No oil_00008,No oil,0,12.140711069306512,121406,-4.741466522216797,7.113017559051514,14.10789966583252,1.9549802750439835,12.10159094945132,0.4124202334101629,blob,-2.5391836166381836,0.25747910141944885
No oil_00008,No oil,0,0.0557005095761636,557,-4.755514144897461,7.754397392272949,12.61240005493164,1.525806887302969,13.397248683986447,0.669069069069069,blob,-1.9642906188964844,9.5367431640625e-07
No oil_00008,No oil,0,0.0734006715061115,734,-7.873004913330078,7.037447929382324,9.766843795776367,2.5584337069924343,10.730077044384034,0.8779904306220095,blob,-4.593137741088867,0.3429436683654785
No oil_00008,No oil,0,0.1192010905112874,1192,-4.243324279785156,6.4265570640563965,10.07139778137207,2.177657798369515,9.469415918237608,0.720895071061385,blob,-1.072056770324707,9.5367431640625e-07
No oil_00008,No oil,0,0.2090019120541868,2090,-4.226528167724609,6.847221851348877,13.881843566894531,3.113396884575844,10.64007939290712,0.6297077432961735,linear,-2.8361949920654297,0.4388847351074219
No oil_00008,No oil,0,0.0823007529285147,823,-4.496148109436035,6.969811916351318,11.129070281982422,2.0031967857751525,12.974005245474324,0.9175027870680044,blob,-2.703451156616211,0.03307769447565079
No oil_00008,No oil,0,0.092100842584644,921,-3.2999935150146484,5.907139778137207,9.529314994812012,1.0511985905207666,11.94484910157732,0.4834645669291338,blob,-1.3026666641235352,9.5367431640625e-07
No oil_00008,No oil,0,0.07090064863465,709,-3.235097885131836,6.059202671051025,9.602100372314451,1.4894507480321364,12.244975799838414,0.676204101096805,blob,-0.8807754516601562,9.5367431640625e-07
No oil_00008,No oil,0,0.069400634911773,694,-3.723329544067383,6.639193058013916,10.56915283203125,1.792528359326411,12.388061506251006,0.6715045960328979,blob,-0.47673702239990234,9.5367431640625e-07
No oil_00008,No oil,0,0.1579014445615124,1579,-3.2944908142089844,6.120846271514893,9.452398300170898,2.108737497054704,9.614136331382294,0.4837622549019608,blob,-1.5395288467407227,0.06460418552160263
No oil_00008,No oil,0,0.1815016604681096,1815,-3.513126373291016,6.627246856689453,11.58119773864746,2.019672915398248,12.40696806627824,0.5807070868661014,blob,-0.7162103652954102,9.5367431640625e-07
No oil_00008,No oil,0,0.0853007803742686,853,-4.592700958251953,7.031388759613037,9.926467895507812,1.542716319021695,12.795514924234638,0.5840465593974666,blob,-2.4537744522094727,0.079170361161232
No oil_00008,No oil,0,0.0868007940971455,868,-3.443561553955078,6.476774215698242,11.369403839111328,1.325039286456823,11.42336817015364,0.6952342811373649,blob,-1.1548757553100586,9.5367431640625e-07
No oil_00008,No oil,0,0.5582051067399383,5582,-4.5115509033203125,6.887810230255127,12.07502555847168,1.762542647501577,11.390120503753533,0.6677033492822967,blob,-2.5097875595092773,0.18321587145328522
No oil_00008,No oil,0,0.0725006632723854,725,-4.099429130554199,6.852252960205078,11.148313522338867,2.261867839224293,13.438180687554365,0.831899024670109,blob,-1.2471351623535156,9.5367431640625e-07
No oil_00009,No oil,0,0.9515087048782708,9515,-4.610855102539063,7.881103992462158,12.179858207702637,2.1630914447490093,10.534194051955843,0.5013700073769628,blob,-3.5156869888305664,2.6662333011627197
No oil_00009,No oil,0,0.079800730057053,798,-3.0830078125,8.00745677947998,12.339510917663574,1.6555861556526792,9.349641846086024,0.7055702917771883,blob,-2.8823165893554688,1.703959584236145
No oil_00009,No oil,0,0.0889008133091731,889,-3.7821102142333984,7.665895938873291,11.63249397277832,1.582866165157505,9.486250018264307,0.8304530593180757,blob,-3.441878318786621,1.3325618505477905
No oil_00009,No oil,0,0.1403012835464229,1403,-1.640249252319336,7.244803428649902,10.889891624450684,1.7689291874773985,9.551526293770266,0.867387944358578,blob,-0.9290370941162109,1.1098347902297974
No oil_00009,No oil,0,0.4383040098246412,4383,-3.743253707885742,7.407227516174316,11.449840545654297,1.3186168473084583,8.329250804832599,0.4482970236268794,blob,-3.466780662536621,1.7450971603393555
No oil_00009,No oil,0,0.409503746345404,4095,-4.01789665222168,7.809220314025879,12.221420288085938,4.108664143038541,8.9180738730189,0.7016792323509253,linear,-3.91072940826416,2.0715296268463135
No oil_00009,No oil,0,0.6372058294781231,6372,-4.076383590698242,7.570921897888184,12.779361724853516,1.7351312339465927,9.680357355616682,0.5445688402700624,blob,-3.139004707336426,1.8371502161026
No oil_00009,No oil,0,0.4892044754875986,4892,-2.620847702026367,7.228489875793457,10.681960105895996,1.56100477118029,8.887611535275498,0.5436461632494305,blob,-1.7218284606933594,1.5188783407211304
No oil_00009,No oil,0,0.0555005077464466,555,-4.441001892089844,8.509519577026367,11.04439926147461,3.853188981853584,12.490024613405213,0.9901873327386262,linear,-3.6613731384277344,2.24654483795166
No oil_00009,No oil,0,0.0643005882539913,643,-4.421836853027344,7.773873329162598,10.220195770263672,1.8584813915284717,11.249515689210847,0.8302130406714009,blob,-3.0539588928222656,1.7127269506454468
No oil_00009,No oil,0,0.1849016915732972,1849,-3.2383995056152344,7.410205364227295,10.492005348205566,1.58737726517876,8.896040133502456,0.4525761840655978,blob,-2.272890090942383,1.9067620038986206
No oil_00009,No oil,0,0.1734015863645739,1734,-4.581363677978516,7.818413257598877,10.302471160888672,3.5725508875321697,10.389622638513952,0.5494296577946768,linear,-4.290743827819824,3.1604161262512207
No oil_00009,No oil,0,0.0760006952924315,760,-5.723274230957031,8.395874977111816,9.686811447143556,1.4074157529542377,11.572346324361286,0.944686140459913,blob,-4.303225517272949,2.556807279586792
No oil_00009,No oil,0,0.0978008947315763,978,-4.126131057739258,7.48537015914917,10.31662654876709,3.0885873381495013,10.160980226765854,0.5875638329828777,linear,-3.0637149810791016,1.3970625400543213
No oil_00009,No oil,0,0.0918008398400685,918,-2.360208511352539,7.219160079956055,9.81251335144043,2.6445616647920414,9.340682159720608,0.6727739098570905,blob,-1.2244853973388672,0.7573140859603882
No oil_00009,No oil,0,0.2794025561145442,2794,-2.846992492675781,7.037043571472168,10.870609283447266,1.2365862055653902,7.515089297200229,0.8577129700690713,blob,0.15605735778808594,0.2976478934288025
No oil_00009,No oil,0,0.1142010447683642,1142,-3.9367752075195312,7.473179817199707,10.828721046447754,2.7834649871155728,7.98638220965744,0.5524915336236091,blob,-3.504683494567871,2.4203412532806396
No oil_00009,No oil,0,0.073100668761536,731,-3.0442771911621094,7.485132694244385,9.708780288696287,2.333106909122449,10.002899750757758,0.5373024623300258,blob,-1.2938737869262695,0.6194247603416443
No oil_00009,No oil,0,0.3475031791331572,3475,-6.53181266784668,9.09967041015625,11.696063995361328,1.479525940804603,15.211180055337282,0.6783796974133723,blob,-4.097522735595703,2.8820981979370117
No oil_00009,No oil,0,0.3374030867324525,3374,-2.213764190673828,7.171130657196045,10.81121826171875,1.716126919047403,8.65966775729349,0.5690672963400236,blob,-0.8394107818603516,0.972533106803894
No oil_00009,No oil,0,0.0674006166146037,674,-5.889411926269531,8.638872146606445,10.42951774597168,3.5599265111746,13.539245507896684,0.8915343915343915,linear,-4.393132209777832,2.7247354984283447
No oil_00009,No oil,0,0.0544004976830036,544,-2.217937469482422,7.423088073730469,10.026620864868164,2.8301537467668645,8.906202401179174,0.9228159457167092,blob,-0.7793941497802734,0.37498924136161804
No oil_00009,No oil,0,0.0581005315327667,581,-4.98811149597168,8.420482635498047,9.87196922302246,1.6537385781628977,12.495670932989228,0.9333333333333332,blob,-4.405123710632324,2.7172939777374268
No oil_00009,No oil,0,0.081100741950213,811,-2.60708236694336,7.434712409973144,10.388299942016602,1.566963311479278,8.096737164423313,0.7316193053676139,blob,-0.8324451446533203,0.38385701179504395
No oil_00009,No oil,0,0.0668006111254529,668,-5.630342483520508,8.671353340148926,10.393953323364258,1.1655173359987634,10.204567795306769,0.9556509298998568,blob,-3.9331531524658203,2.8548219203948975
No oil_00010,No oil,0,0.0908008306914839,908,-3.7740402221679688,7.486299991607666,10.837400436401367,2.5954531067816884,8.928537777586875,0.6181075561606535,blob,-3.424555778503418,3.089953899383545
No oil_00010,No oil,0,0.0992009075395948,992,-2.0591259002685547,7.237539768218994,10.82534122467041,1.9977907213983164,8.15736688951795,0.9711209006363192,blob,0.8513927459716797,0.01908709481358528
No oil_00010,No oil,0,0.3384030958810371,3384,-6.743499755859375,8.812980651855469,11.331281661987305,1.424639476017597,14.492591641736343,0.6761914277150565,blob,-4.2371826171875,3.3791747093200684
No oil_00010,No oil,0,0.0768007026112992,768,-5.600494384765625,9.200060844421388,11.352521896362305,2.979358330807292,14.339048819871396,0.8883747831116252,blob,-4.110937118530273,2.7089357376098633
No oil_00010,No oil,0,0.0533004876195605,533,-2.231426239013672,7.401298999786377,9.958767890930176,2.733638901371112,9.102632750338511,0.908780903665814,blob,-0.8057947158813477,0.26085153222084045
No oil_00010,No oil,0,0.1417012963544413,1417,-1.8732662200927732,7.496822834014893,10.668047904968262,1.2856482480758906,9.083385374505143,0.7587684069611781,blob,-0.8580455780029297,1.4080555438995361
No oil_00010,No oil,0,0.0587005370219174,587,-5.004209518432617,8.38029670715332,9.850788116455078,1.6300116632288628,12.209457976219598,0.938449240607514,blob,-4.44960880279541,2.967151641845703
No oil_00010,No oil,0,0.0762006971221484,762,-5.729274749755859,8.586135864257812,10.408943176269531,1.3165323572634284,13.654544377814217,0.9407407407407408,blob,-4.023881912231445,2.815391778945923
No oil_00010,No oil,0,0.5080046474809895,5080,-2.164285659790039,7.254141330718994,10.49912929534912,1.0392355964860147,9.261804899191414,0.5381070917853927,blob,-0.8184700012207031,1.322883129119873
No oil_00010,No oil,0,0.0593005425110682,593,-2.043476104736328,7.385995864868164,9.91102695465088,1.4573343110791743,7.391123717007265,0.8991660348749052,blob,-1.3275747299194336,1.634557843208313
No oil_00010,No oil,0,0.3289030089694832,3289,-3.334457397460937,8.084617614746094,11.305737495422363,1.316471399532551,9.4208634411265,0.6810933940774487,blob,-2.231029510498047,2.8876421451568604
No oil_00010,No oil,0,0.0564005159801728,564,-3.411605834960937,7.220437526702881,10.606437683105469,1.736102092024817,10.872161430376352,0.9208163265306124,blob,-2.0177154541015625,0.8597822189331055
No oil_00010,No oil,0,0.1851016934030141,1851,-3.9611129760742183,8.127256393432617,12.24542999267578,2.439364075860193,12.18903813876525,0.903147109050988,blob,-2.5360279083251953,1.5225392580032349
No oil_00010,No oil,0,0.1148010502575149,1148,-3.6066970825195312,7.413336753845215,10.093592643737791,2.37781589683386,9.366502669377171,0.7134866376631448,blob,-3.442502975463867,2.313565969467163
No oil_00010,No oil,0,0.142501303673309,1425,-6.726421356201172,9.023290634155272,11.111024856567385,4.058668701795076,16.74513644028964,0.9310682783404116,linear,-5.061121940612793,3.685476064682007
No oil_00010,No oil,0,0.244102233169507,2441,-4.636758804321289,8.08085823059082,10.790132522583008,1.8110666011070389,10.65861855463092,0.7958917508966417,blob,-1.1715164184570312,1.0485016107559204
No oil_00010,No oil,0,0.3047027875737352,3047,-3.560516357421875,7.604792594909668,10.98054027557373,1.5890892590673489,9.627155004895892,0.7779905527894804,blob,-2.123293876647949,1.8394584655761719
No oil_00010,No oil,0,1.1999109773866916,11999,-4.921558380126953,8.265788078308105,12.269845962524414,2.668481404823744,12.388913155299512,0.3543238494588728,blob,-3.466958999633789,2.118955135345459
No oil_00010,No oil,0,0.053200486704702,532,-5.159975051879883,8.513635635375977,10.799520492553713,1.4765429373294128,13.236284759624535,0.9752520623281392,blob,-3.7742881774902344,2.242241382598877
No oil_00010,No oil,0,0.0681006230186129,681,-2.657787322998047,6.998458385467529,10.02674674987793,2.6945290986761723,6.509375928008764,0.8264563106796117,blob,-1.3848199844360352,1.4037609100341797
No oil_00010,No oil,0,0.1107010127483179,1107,-5.923496246337891,9.511190414428713,12.509145736694336,1.5268797543333916,15.523907688839191,0.9190535491905356,blob,-5.461528778076172,3.331618070602417
No oil_00010,No oil,0,0.3256029787791539,3256,-6.234733581542969,9.455923080444336,11.764188766479492,1.4384083673446415,12.492155687993732,0.8338028169014085,blob,-5.1257476806640625,3.6649467945098877
No oil_00010,No oil,0,0.0559005114058805,559,-4.6813812255859375,8.412724494934082,11.893016815185549,1.3555604524125224,13.823207508224296,0.9498725573491928,blob,-4.032623291015625,1.5565190315246582
No oil_00010,No oil,0,0.2411022057237531,2411,-5.87847900390625,8.131505012512207,11.751392364501951,1.8231096935059057,14.076760354441811,0.5739109735777196,blob,-2.6722888946533203,0.8022323250770569
No oil_00010,No oil,0,0.0513004693223912,513,-5.160070419311523,8.5656099319458,11.572928428649902,1.6982276650275308,11.98903740548837,0.7633928571428571,blob,-3.0482606887817383,1.2852809429168701
No oil_00010,No oil,0,0.3677033639345666,3677,-3.88467025756836,7.876273155212402,11.822668075561523,1.7526630300697947,11.56522809730699,0.5632227923719078,blob,-2.1698312759399414,1.9273765087127686
No oil_00010,No oil,0,0.0829007584176654,829,-4.570104598999023,7.340391159057617,10.56455421447754,1.8009618680232191,12.297554592638695,0.7817067421027817,blob,-1.216813087463379,0.24996384978294373
No oil_00010,No oil,0,0.0524004793858343,524,-3.3863067626953125,7.51244592666626,10.00514030456543,1.217706110273582,10.76739187512748,0.6620341124447252,blob,-0.9929933547973633,0.2450561225414276
No oil_00010,No oil,0,0.0743006797398376,743,-5.326202392578125,8.4581937789917,11.021595001220703,2.740510463805646,14.063864794468422,0.8438387279954571,blob,-3.3790464401245117,0.6049118638038635
No oil_00010,No oil,0,0.2938026878541628,2938,-4.870780944824219,8.463078498840332,12.06942367553711,3.779413106340164,12.526644160074282,0.6092907507258399,linear,-2.533597946166992,1.177464485168457
No oil_00010,No oil,0,0.1183010822775611,1183,-6.682262420654297,8.204802513122559,11.177694320678713,2.848095928359235,14.9808438927879,0.560530679933665,blob,-3.8263330459594727,1.3607282638549805
No oil_00010,No oil,0,0.1495013677134014,1495,-4.398017883300781,7.744468688964844,11.902708053588867,2.1422274235360885,12.593613783542484,0.7943676939426142,blob,-2.70086669921875,0.42862021923065186
No oil_00010,No oil,0,0.0587005370219174,587,-5.563030242919922,8.011448860168457,11.177468299865724,1.8857964671820469,12.172466805525165,0.8941355674028941,blob,-4.44960880279541,2.967151641845703
No oil_00010,No oil,0,0.1838016815098541,1838,-4.527067184448242,8.344951629638672,12.434978485107422,2.195691518098325,12.76584007902414,0.6293442903612395,blob,-3.14241886138916,1.7192270755767822
No oil_00010,No oil,0,0.0755006907181392,755,-5.478803634643555,8.220011711120605,11.072803497314451,2.5076525352437327,13.837263458582196,0.706267539756782,blob,-2.0404815673828125,0.43159955739974976
No oil_00010,No oil,0,0.0639005845945575,639,-6.543773651123047,8.156187057495117,10.54977035522461,1.4899574290069066,12.952291411500742,0.7625298329355609,blob,-3.304986000061035,1.0373791456222534
No oil_00010,No oil,0,0.0665006083808775,665,-5.805227279663086,8.11161994934082,11.482072830200195,1.633819948379067,12.324567053600894,0.6039963669391463,blob,-3.0033864974975586,0.49305209517478943
No oil_00010,No oil,0,0.0502004592589481,502,-6.149127960205078,9.312870979309082,11.38088607788086,2.569126822795557,16.548462923278525,0.9644572526416908,blob,0.7750463485717773,2.86102294921875e-06
No oil_00010,No oil,0,0.1225011207016165,1225,-7.322856903076172,9.108391761779783,12.957085609436035,2.2219304301404987,17.747890091785354,0.532724505327245,blob,-5.289894104003906,0.8329927921295166
No oil_00010,No oil,0,0.0559005114058805,559,-6.313529968261719,8.588905334472656,11.53180694580078,2.357604745477169,15.25564958830388,0.7283387622149837,blob,-4.032623291015625,1.5565190315246582
No oil_00010,No oil,0,0.3982036429663977,3982,-4.827768325805664,7.885961055755615,12.924739837646484,1.1931531062008425,11.375108924596228,0.3872975733112873,blob,-2.5782766342163086,0.6456671953201294
No oil_00010,No oil,0,0.0645005900837083,645,-4.738386154174805,7.743912220001221,10.354055404663086,1.3484265183358006,12.354223961918551,0.9772727272727272,blob,-0.5676593780517578,2.3390896330965916e-06
No oil_00010,No oil,0,0.0557005095761636,557,-5.520912170410156,8.642496109008789,12.428207397460938,2.23207332897337,11.894502431682485,0.9237147595356552,blob,-3.716106414794922,0.9621641039848328
No oil_00010,No oil,0,0.3084028214234984,3084,-5.394447326660156,8.818656921386719,13.55097770690918,2.2676004729945585,13.23694723709366,0.4855163727959697,blob,-2.448855400085449,1.0927120447158813
No oil_00010,No oil,0,0.2756025213499227,2756,-5.974796295166016,8.547767639160156,12.182085990905762,3.7246133272021487,15.420647621120285,0.6296550148503541,linear,-3.92600154876709,1.632712721824646
No oil_00010,No oil,0,0.1082009898768564,1082,-7.3312835693359375,9.25658130645752,12.49190902709961,1.485147403342026,16.00424188873219,0.7606326889279438,blob,-4.2143402099609375,1.2084251642227173
No oil_00010,No oil,0,0.2087019093096112,2087,-5.538043975830078,8.247514724731445,12.138778686523438,1.6289017518691078,15.130002404252036,0.4753444937934176,blob,-3.292691230773926,0.6329703330993652
No oil_00010,No oil,0,0.0722006605278099,722,-5.572820663452148,8.921725273132324,12.142955780029297,2.2946605067124053,14.54432058812387,0.9238643634037108,blob,-3.7980403900146484,1.9250355958938599
No oil_00010,No oil,0,0.0834007629919577,834,-3.420225143432617,7.847506523132324,10.822381973266602,2.1575737234995005,11.457291711543183,0.6465116279069767,blob,-1.1933326721191406,0.6581430435180664
No oil_00010,No oil,0,0.1036009477933671,1036,-5.191642761230469,7.375921249389648,10.02409553527832,1.9075473691381584,11.604183642742113,0.552091660005329,blob,-2.218801498413086,0.020403480157256126
No oil_00010,No oil,0,0.062700573616256,627,-5.329368591308594,8.727078437805176,12.143123626708984,3.1563953644668614,13.122439471244684,0.8410462776659959,linear,-3.2780628204345703,1.5404072999954224
No oil_00010,No oil,0,0.4536041497979859,4536,-6.189859390258789,8.816697120666504,12.471243858337402,1.635354745844191,12.892916157172852,0.5689914701455093,blob,-3.14188289642334,1.122805118560791
No oil_00010,No oil,0,0.1061009706648287,1061,-7.62620735168457,10.326289176940918,12.585792541503906,3.981153555365768,18.831054766862103,0.8743304491141327,linear,-4.021945953369141,1.3650996685028076
No oil_00010,No oil,0,0.1129010328752041,1129,-5.457920074462891,8.313674926757812,11.429293632507324,1.5580682323044912,11.624468263693558,0.8274093074386222,blob,-1.609675407409668,0.2421778440475464
No oil_00010,No oil,0,0.111801022811761,1118,-4.187435150146484,7.997623443603516,12.363739967346191,2.0902408426352768,11.663413284168112,0.5833550743542917,blob,-2.7718725204467773,0.7761171460151672
No oil_00010,No oil,0,0.0662006056363021,662,-4.942167282104492,8.955093383789062,12.239192008972168,1.5183037107220454,11.642023768533852,0.8249221183800624,blob,-2.3669233322143555,0.14217139780521393
No oil_00010,No oil,0,0.0530004848749851,530,-3.776397705078125,7.3830485343933105,10.113971710205078,1.9037770865726749,8.96214062640366,0.8514056224899599,blob,-1.900278091430664,0.7144630551338196
No oil_00010,No oil,0,0.0696006367414899,696,-3.2157516479492188,7.245035648345947,9.989839553833008,1.9044218774889,9.698100723874504,0.6105263157894737,blob,-2.1518774032592773,1.268964171409607
No oil_00010,No oil,0,0.117201072214118,1172,-3.985027313232422,7.614651203155518,11.403032302856444,2.229186000788017,10.130067843688082,0.796736913664174,blob,-0.3258209228515625,0.007988189347088337
No oil_00010,No oil,0,0.2264020712395591,2264,-4.986949920654297,8.408610343933105,11.968299865722656,1.4768812442878854,12.152500327569108,0.683265429304361,blob,-3.0856380462646484,0.7794021964073181
No oil_00010,No oil,0,0.506804636502688,5068,-5.28740119934082,8.429129600524902,13.500605583190918,2.8141901141433343,12.73144544568368,0.563017274898628,blob,-3.233536720275879,0.70201176404953
No oil_00010,No oil,0,0.1524013942442968,1524,-5.551250457763672,9.165375709533691,12.523866653442385,2.4903259886975038,13.650486095118666,0.8868199010765202,blob,-4.021402359008789,1.937306523323059
No oil_00010,No oil,0,0.0887008114794562,887,-3.654384613037109,7.567716598510742,11.090484619140623,1.807636634939105,9.93634872780136,0.5949027498323273,blob,-1.8215951919555664,0.434559166431427
No oil_00010,No oil,0,0.0544004976830036,544,-4.12248420715332,8.600480079650879,12.955476760864258,1.472568954845505,14.048319860468473,0.7311827956989247,blob,-2.689882278442383,0.7473784685134888
No oil_00010,No oil,0,0.131901206698312,1319,-5.259101867675781,7.759571552276611,11.185574531555176,2.0393217936679484,13.458990688987091,0.5120341614906833,blob,-2.718229293823242,0.4740976393222809
No oil_00010,No oil,0,0.1940017748254172,1940,-4.692630767822266,8.497126579284668,12.623998641967772,1.596532121541797,14.627184541891,0.6780845858091576,blob,-1.1218156814575195,0.28713172674179077
No oil_00010,No oil,0,0.1664015223244816,1664,-3.386188507080078,7.597755908966064,11.649030685424805,2.673037313119141,9.689705417693265,0.6842105263157895,blob,-3.074665069580078,1.6435894966125488
No oil_00010,No oil,0,0.0534004885344189,534,-3.3052291870117188,7.637591361999512,10.61628532409668,2.471265220822795,10.113115050156845,0.826625386996904,blob,-2.563565254211426,0.3231549561023712
No oil_00010,No oil,0,0.1103010090888841,1103,-2.934305191040039,7.791466236114502,12.599228858947754,1.6550147284560222,10.174172489885468,0.5917381974248928,blob,-2.0185470581054688,0.8176472187042236
No oil_00010,No oil,0,2.070218939399891,20702,-3.364625930786133,8.612839698791504,14.55066204071045,1.3058797052372164,10.686527970926972,0.5898089716377726,blob,-2.4603958129882812,1.3026255369186401
No oil_00010,No oil,0,0.0752006879735638,752,-2.2088165283203125,7.075690269470215,10.410323143005373,1.1717413696243912,7.302687229639731,0.6204620462046204,blob,-1.4165058135986328,0.33730313181877136
No oil_00010,No oil,0,0.0955008736898316,955,-3.185710906982422,7.344901084899902,10.442578315734863,1.27108916736762,8.598364907386388,0.7624750499001997,blob,-2.7101497650146484,1.320407509803772
No oil_00010,No oil,0,0.104000951452801,1040,-1.85943603515625,7.020353317260742,10.909001350402832,1.5975970699931077,7.416643812076384,0.7843137254901961,blob,-1.106886863708496,0.4352332353591919
No oil_00010,No oil,0,0.0794007263976192,794,-4.333705902099609,7.618999004364014,11.104300498962402,1.2564999558854653,11.972222236659288,0.8446808510638298,blob,-1.39892578125,0.008150497451424599
No oil_00010,No oil,0,0.0603005516596528,603,-3.302396774291992,7.407058715820312,10.033135414123535,1.9927058345981288,10.431752747579727,0.7691326530612245,blob,-3.1921567916870117,2.2858221530914307
No oil_00010,No oil,0,0.7667070142198321,7667,-5.554494857788086,8.55146312713623,13.863557815551758,2.802902496312137,12.704918876338311,0.6257243124132865,blob,-4.030948638916016,1.3496934175491333
No oil_00010,No oil,0,0.0982008983910101,982,-5.21744441986084,7.557880878448486,10.96137237548828,2.2850403670321517,10.439212366977449,0.8026154474867184,blob,-4.300939559936523,0.5182830691337585
No oil_00010,No oil,0,0.0562005141504559,562,-3.291400909423828,7.3372979164123535,11.0078125,1.6867505750808025,10.346028084200231,0.932780082987552,blob,-0.6674861907958984,0.0033282774966210127
No oil_00010,No oil,0,0.072000658698093,720,-5.265964508056641,8.837608337402344,11.98040771484375,1.4508730651346526,12.16709782950308,0.962566844919786,blob,-5.878561019897461,2.529520034790039
No oil_00010,No oil,0,0.0866007922674285,866,-2.90639877319336,6.969271183013916,10.909478187561035,1.987497449297844,10.21617972922735,0.8212422949265055,blob,-1.4789400100708008,0.5611909031867981
No oil_00010,No oil,0,0.3838035112267791,3838,-3.8681564331054688,7.667443752288818,11.86894989013672,2.2086940542770463,9.3951539218006,0.4012335999163661,blob,-2.700850486755371,0.3347639739513397
No oil_00010,No oil,0,0.0538004921938528,538,-4.660488128662109,8.418027877807617,11.811412811279297,4.475739444093353,13.326990659562052,0.8096313017306245,linear,-4.559160232543945,2.374911308288574
No oil_00010,No oil,0,0.0745006815695545,745,-5.297252655029297,7.960596084594727,10.578191757202148,4.326922484293499,13.084289401423396,0.9277708592777086,linear,-4.72486686706543,1.7745672464370728
No oil_00010,No oil,0,1.029209415723296,10292,-3.3328113555908203,7.550543785095215,12.31968593597412,1.1431347984427012,9.83260196351824,0.4435633323277162,blob,-2.4987545013427734,1.9416924715042114
No oil_00010,No oil,0,0.1441013183110444,1441,-4.59910774230957,7.762012004852295,13.177620887756348,1.9036615237590984,10.304543505605253,0.8157373337107274,blob,-3.6381330490112305,2.449805974960327
No oil_00010,No oil,0,0.0680006221037545,680,-2.8213558197021484,7.112411022186279,10.107507705688477,3.059119687412505,9.36918289931416,0.753880266075388,linear,-2.253786087036133,0.8843224048614502
No oil_00010,No oil,0,0.1287011774228412,1287,-3.1307334899902344,7.573336124420166,10.878385543823242,1.6531318850370489,10.022582760443706,0.7271186440677966,blob,-1.5629711151123047,0.6023147702217102
No oil_00010,No oil,0,0.3078028159343476,3078,-3.9406471252441406,7.43595027923584,11.731689453125,2.100588739104029,10.065803706400107,0.4875267284390591,blob,-2.5443906784057617,0.4337436258792877
No oil_00010,No oil,0,0.0670006129551698,670,-2.376333236694336,6.968533039093018,10.065755844116213,1.1942681573531018,8.551428189924414,0.8909574468085106,blob,-2.421112060546875,1.4605474472045898
No oil_00010,No oil,0,1.0462095712492347,10462,-2.764619827270508,7.409885406494141,11.38754177093506,1.745685198824175,9.031174113549543,0.2864221866316236,blob,-2.301692008972168,1.9580575227737427
No oil_00010,No oil,0,0.1647015067718877,1647,-2.236166000366211,7.060499668121338,10.914456367492676,1.5234672723792697,8.484907589326802,0.4614091609469113,blob,-1.3966407775878906,1.214646339416504
No oil_00010,No oil,0,0.0742006788249791,742,-2.770904541015625,7.577853679656982,10.30892562866211,1.6762446793781691,9.572968552345278,0.6505918456817186,blob,-2.02169132232666,0.32189950346946716
No oil_00010,No oil,0,0.0663006065511606,663,-3.43438720703125,7.102051734924316,9.932771682739258,1.8087698092730584,8.52137429065228,0.8995929443690638,blob,-3.020854949951172,1.7498425245285034
No oil_00010,No oil,0,0.0940008599669547,940,-3.519115447998047,7.45555305480957,12.21152687072754,1.694979635113388,10.256379934199025,0.8703703703703703,blob,-2.764950752258301,1.010757565498352
No oil_00010,No oil,0,1.2210111704218272,12210,-4.46764087677002,7.594513416290283,12.274673461914062,1.328810173994927,10.930857000536504,0.7159400744671495,blob,-3.440784454345703,0.7779363989830017
No oil_00010,No oil,0,0.1352012368886413,1352,-3.153810501098633,7.404184341430664,10.198740005493164,1.428806624936881,9.712772404075393,0.5498169987799919,blob,-2.478435516357422,0.9077436327934265
No oil_00010,No oil,0,0.0764006989518653,764,-4.264421463012695,7.821683406829834,10.661317825317385,1.98554531844366,12.032999973665952,0.7214353163361662,blob,-3.1612606048583984,0.6074079871177673
No oil_00010,No oil,0,0.0762006971221484,762,-4.486252784729004,7.672484874725342,11.971086502075195,2.624283618283309,8.692998063101376,0.6389937106918239,blob,-4.023881912231445,2.815391778945923
No oil_00010,No oil,0,0.0526004812155512,526,-4.008094787597656,7.434484004974365,10.161989212036133,1.6501724830521505,7.531402224960052,0.8250980392156863,blob,-2.3126678466796875,1.2552156448364258
No oil_00011,No oil,0,0.0597005461705021,597,-6.25865364074707,10.962754249572754,15.02395248413086,2.1480709661049877,15.147451527238486,0.9438735177865611,blob,-5.801982879638672,3.1538758277893066
No oil_00011,No oil,0,0.3300030190329266,3300,-5.372777938842773,10.828518867492676,14.492572784423828,1.4885985653054497,10.03549904684485,0.8282093110804367,blob,-4.022778511047363,2.0561718940734863
No oil_00011,No oil,0,0.0566005178098898,566,-5.786554336547852,11.35958480834961,14.833843231201172,1.3458387447591769,10.37395070421702,0.8984126984126984,blob,-4.192211151123047,3.095907688140869
No oil_00011,No oil,0,1.348012332292076,13480,-7.595743179321289,12.054513931274414,16.13007926940918,1.3562045756472036,15.949308574005434,0.8251966575862386,blob,-6.297098159790039,3.9812183380126953
No oil_00011,No oil,0,0.1104010100037427,1104,-7.319126129150391,10.961871147155762,14.236824035644531,1.2430921832067476,11.104355912026351,0.8658823529411764,blob,-5.901827812194824,2.2002201080322266
No oil_00011,No oil,0,0.0902008252023332,902,-7.858406066894531,11.05373191833496,15.18783187866211,1.724943610635867,15.478415328365305,0.8477443609022557,blob,-5.887861251831055,1.8293299674987793
No oil_00011,No oil,0,2.179319937510476,21793,-4.186777114868164,10.421833992004396,14.805665969848633,1.5662867767809447,11.364928514625202,0.6885515236726119,blob,-2.466212272644043,2.32829213142395
No oil_00011,No oil,0,0.7914072401898732,7914,-4.657011032104492,10.49270248413086,15.238807678222656,2.546946861044036,11.50145194332111,0.686770512431119,blob,-2.328993797302246,2.3410327434539795
No oil_00011,No oil,0,0.0951008700303979,951,-3.8187408447265625,10.985227584838867,14.588316917419434,1.809578525460677,12.18387771481609,0.8908665105386416,blob,-3.108470916748047,1.7727808952331543
No oil_00013,No oil,0,0.0976008929018595,976,-0.7151527404785156,2.032475471496582,3.237957000732422,1.4605670426664037,5.13638072929044,0.5833831440526002,blob,-0.36118507385253906,2.212257146835327
No oil_00014,No oil,0,0.0523004784709759,523,-1.091104507446289,2.430537462234497,4.495750427246094,2.176537797689827,5.874954866384354,0.4865116279069767,blob,-0.2539043426513672,2.1725704669952393
No oil_00014,No oil,0,0.0750006861438469,750,-0.9875144958496094,2.4827539920806885,4.098264694213867,1.7103919217680212,5.103581018365733,0.6429489927132448,blob,0.25436973571777344,1.3421698808670044
No oil_00014,No oil,0,0.0612005598933791,612,-0.8940372467041016,2.4408442974090576,3.691850662231445,2.057940235805045,4.510515418524146,0.6257668711656442,blob,-0.09527587890625,1.6864432096481323
No oil_00014,No oil,0,0.0583005333624837,583,-1.0260066986083984,2.559666156768799,3.860265731811523,1.9412146938648167,5.063354303754884,0.6228632478632479,blob,0.4012289047241211,1.3375581502914429
No oil_00014,No oil,0,0.0504004610886651,504,-0.8734855651855469,2.2591590881347656,3.544198989868164,1.8121052332121612,4.915084150203173,0.802547770700637,blob,-0.22652053833007812,1.5573054552078247
No oil_00014,No oil,0,0.066800611125453,668,-1.0487289428710938,2.5187432765960693,4.014081954956055,2.2114091265217573,4.98944962204161,0.6031602708803612,blob,0.03183555603027344,1.602744221687317
No oil_00014,No oil,0,0.0526004812155513,526,-0.9127197265625,2.4101099967956543,3.638917922973633,1.8747446176541336,5.286342538526281,0.7055667337357479,blob,0.07007598876953125,1.608835220336914
No oil_00014,No oil,0,0.4646042504324174,4646,-0.6923561096191406,2.3747057914733887,4.514801025390625,2.749230201140328,4.845144504419163,0.6585400425230333,blob,0.24867534637451172,1.5752108097076416
No oil_00015,No oil,0,0.052100476641259,521,-0.9344539642333984,2.3159849643707275,3.445636749267578,2.355631578098419,4.597878100320249,0.5181501740427648,blob,0.08654594421386719,0.12030259519815445
No oil_00015,No oil,0,0.0692006330820562,692,-0.8660850524902344,2.3144431114196777,4.298421859741211,3.339250280861377,4.979802477468524,0.5912003417343016,linear,-0.5074005126953125,0.0930430144071579
No oil_00015,No oil,0,0.0953008718601149,953,-0.7062644958496094,2.32857084274292,3.762096405029297,1.4196027427063254,4.94317516794248,0.6428330522765598,blob,0.1464223861694336,0.10620458424091339
No oil_00017,No oil,0,0.6515059603028832,6515,-6.139808654785156,9.720419883728027,13.38692855834961,3.497047066354404,12.668050191594832,0.5496962537968275,linear,-3.130443572998047,3.1914286613464355
No oil_00017,No oil,0,0.099900913943604,999,-5.439558029174805,9.977351188659668,12.948209762573242,2.071903799798471,11.67679758591943,0.7444113263785395,blob,-1.8190937042236328,2.3575470447540283
No oil_00017,No oil,0,0.0716006550386591,716,-4.021747589111328,9.351113319396973,12.913540840148926,2.408108727565357,9.779408784710506,0.7795318454001089,blob,-1.3886756896972656,1.1864144802093506
No oil_00017,No oil,0,0.0710006495495083,710,-3.9140758514404297,9.40804386138916,12.789552688598633,1.2734770690221848,12.085871655926924,0.8970309538850284,blob,-1.5554161071777344,2.051304340362549
No oil_00017,No oil,0,0.1560014271792015,1560,-2.7624378204345703,8.938375473022461,11.999287605285645,1.7256753719059237,9.936584598864648,0.628145762029394,blob,-1.2158899307250977,1.8745263814926147
No oil_00017,No oil,0,0.0508004647480989,508,-6.043556213378906,9.922202110290527,13.882145881652832,1.5999589667360987,11.86173325223439,0.8502092050209205,blob,-3.1193904876708984,1.6379072666168213
No oil_00017,No oil,0,1.4827135646064236,14827,-5.54963493347168,9.531639099121094,12.868597030639648,1.3877001839465035,12.846754496125588,0.4386751283303007,blob,-2.4271669387817383,2.5880932807922363
No oil_00017,No oil,0,0.1107010127483179,1107,-5.125555038452148,10.22561264038086,13.4179105758667,1.983772215460736,9.30362111244606,0.7706230421162548,blob,-2.3818092346191406,2.4278714656829834
No oil_00017,No oil,0,0.1080009880471395,1080,-5.972072601318359,10.10673999786377,12.404489517211914,2.5878750089727243,12.972459982354865,0.9917355371900828,blob,-3.3550472259521484,3.5624330043792725
No oil_00017,No oil,0,0.2122019413296574,2122,-5.81475830078125,10.09542179107666,14.821633338928224,1.357633521430668,11.490793563654952,0.7373175816539264,blob,-2.948763847351074,2.0262246131896973
No oil_00017,No oil,0,0.0647005919134252,647,-5.269144058227539,9.572614669799805,12.853527069091797,1.8355121022097551,10.74381862774443,0.7314867156585642,blob,-3.4066123962402344,2.5738682746887207
No oil_00017,No oil,0,0.5118046822456112,5118,-5.790193557739258,9.894877433776855,15.06944179534912,2.674239061571319,10.87872980462832,0.6256723716381418,blob,-2.884613037109375,1.8043510913848877
No oil_00017,No oil,0,0.0673006156997452,673,-4.647560119628906,9.488066673278809,13.403684616088867,1.1598327087634386,13.34039471232194,0.7106652587117213,blob,-3.176464080810547,2.5609567165374756
No oil_00017,No oil,0,0.117201072214118,1172,-1.9854679107666016,8.690521240234375,13.60612964630127,2.2013065716068936,12.007288332428049,0.8595526219288595,blob,-0.9263134002685547,2.3892388343811035
No oil_00017,No oil,0,0.1424013027584506,1424,-4.282901763916016,9.12236499786377,13.818363189697266,2.837884055037702,9.378364941751432,0.7112887112887113,blob,-1.7103519439697266,1.1666383743286133
No oil_00017,No oil,0,0.1081009889619979,1081,-4.731834411621094,8.995524406433105,12.172201156616213,1.3864939000806442,11.462710143993103,0.7585964912280702,blob,-1.4933977127075195,0.9409077763557434
No oil_00017,No oil,0,0.1258011508919458,1258,-6.327093124389648,9.816728591918944,12.812906265258787,3.682207136542434,13.612403296905642,0.7497020262216925,linear,-4.492444038391113,2.8909378051757812
No oil_00017,No oil,0,0.08650079135257,865,-2.9416465759277344,9.965638160705566,13.530821800231934,2.94346189485964,11.858634288587568,0.8087891538101917,blob,-1.6609258651733398,3.169645309448242
No oil_00017,No oil,0,0.1997018269723496,1997,-4.522039413452148,9.31700325012207,15.187200546264648,3.1588812937309703,9.389004944108793,0.7087843833185448,linear,-2.2512435913085938,1.399790644645691
No oil_00017,No oil,0,0.1231011261907673,1231,-6.232107162475586,10.94713306427002,15.112333297729492,1.9721652728289836,13.006553554956774,0.8662913441238564,blob,-3.8480796813964844,3.1887621879577637
No oil_00017,No oil,0,0.0845007730554008,845,-5.592994689941406,9.423460960388184,13.704938888549805,1.3027227303311983,10.3012450031937,0.8543983822042467,blob,-2.5828990936279297,1.3300799131393433
No oil_00017,No oil,0,0.0686006275929052,686,-5.348190307617188,9.440996170043944,12.111488342285156,1.676725252994466,9.991964798384032,0.6978636826042727,blob,-2.350945472717285,1.341186285018921
No oil_00017,No oil,0,0.0806007373759207,806,-3.785327911376953,9.504253387451172,13.126964569091797,1.5539314914891431,12.587633044159942,0.9243119266055044,blob,-2.4679908752441406,3.058931589126587
No oil_00017,No oil,0,0.1106010118334595,1106,-3.964345932006836,8.941051483154297,12.253166198730469,2.6406874998642635,9.963172950470025,0.7004433185560481,blob,-1.5087757110595703,1.542474389076233
No oil_00017,No oil,0,0.0609005571488036,609,-6.646221160888672,9.999640464782717,13.466339111328123,2.324477454312712,13.048209623274031,0.7842884739214424,blob,-4.29106330871582,2.074007987976074
No oil_00017,No oil,0,0.1831016751058448,1831,-3.469673156738281,9.447964668273926,13.24407958984375,1.99001153132177,10.129836323868878,0.6087101063829787,blob,-1.3784894943237305,2.0704457759857178
No oil_00017,No oil,0,0.1150010520872318,1150,-5.777570724487305,10.553510665893556,14.614720344543455,5.340852612074404,12.865399463575308,0.7702612190221031,linear,-3.573213577270508,2.903290271759033
No oil_00017,No oil,0,0.2030018571626789,2030,-6.167287826538086,10.634188652038574,14.543219566345217,5.017265820938498,13.52496031410762,0.8590774439272112,linear,-3.9506359100341797,3.2139484882354736
No oil_00017,No oil,0,0.1269011609553889,1269,-5.97883415222168,10.517950057983398,13.95162582397461,1.3166416770722402,12.89298052460062,0.8359683794466403,blob,-3.182356834411621,3.6533849239349365
No oil_00017,No oil,0,0.1004009185178963,1004,-5.888742446899414,9.769068717956545,13.802703857421877,1.6310931136147364,11.336872424801683,0.8205966489579076,blob,-3.5342302322387695,3.0530967712402344
No oil_00017,No oil,0,0.2696024664584149,2696,-4.081745147705078,9.724034309387209,13.456235885620115,1.0666374779628265,10.06078258230626,0.7737121538240781,blob,-2.1273155212402344,2.5710995197296143
No oil_00017,No oil,0,0.0803007346313453,803,-5.086668014526367,9.955100059509276,13.004406929016112,1.5556765866746884,14.448346428550565,0.992583436341162,blob,-3.5579309463500977,2.789886474609375
No oil_00017,No oil,0,0.2010018388655096,2010,-5.271564483642578,9.960975646972656,14.25416374206543,2.099617409186508,10.87197528983076,0.7979356887653831,blob,-2.9450550079345703,1.7093732357025146
No oil_00017,No oil,0,0.1251011444879366,1251,-5.696220397949219,10.254239082336426,13.59978199005127,3.327809989052119,13.058210995617308,0.8257425742574257,linear,-2.958333969116211,2.396697759628296
No oil_00017,No oil,0,0.0791007236530438,791,-6.866765975952148,11.104596138000488,13.94106388092041,2.387845748114521,15.227383006170454,0.9664019547953574,blob,-3.455759048461914,2.852815866470337
No oil_00017,No oil,0,0.0622005690419636,622,-5.290866851806641,9.588074684143066,12.873279571533203,1.999774529867108,10.624069686856062,0.7585365853658537,blob,-2.609800338745117,2.601958751678467
No oil_00017,No oil,0,0.4961045386128325,4961,-5.20604133605957,9.497848510742188,12.92054557800293,2.6036961519566866,12.385723981269658,0.4799264777014608,blob,-3.1930294036865234,3.39367413520813
No oil_00017,No oil,0,0.3461031663251387,3461,-5.402359008789063,9.16872787475586,12.993240356445312,2.412140661786158,11.686681387100329,0.6348129126925899,blob,-3.1450252532958984,3.19677472114563
No oil_00017,No oil,0,0.8832080800299409,8832,-6.292047500610352,10.106091499328612,14.72177791595459,1.2456017893645577,12.01895029476574,0.5265448475273496,blob,-2.719827651977539,2.0390267372131348
No oil_00017,No oil,0,2.5199230535183967,25199,-6.104686737060547,10.672307968139648,15.238967895507812,1.3319198031382078,12.785468663490589,0.7325929586882577,blob,-2.9724292755126953,2.3446500301361084
No oil_00017,No oil,0,5.002045761220295,50020,-5.557634353637695,10.073854446411133,16.1622371673584,1.2237105073270078,11.880595121662871,0.2837233442144998,blob,-3.357193946838379,2.4808661937713623
No oil_00017,No oil,0,1.0479095868018289,10479,-5.263917922973633,9.71730613708496,13.6099853515625,4.350807160652331,11.759694305262256,0.6076191580656384,linear,-3.0307626724243164,3.7208688259124756
No oil_00017,No oil,0,0.1135010383643549,1135,-4.641895294189453,9.286035537719728,12.914165496826172,1.7406016439983285,10.47992345825424,0.7120451693851945,blob,-2.4899492263793945,3.224595069885254
No oil_00017,No oil,0,0.4087037390265363,4087,-4.523015975952148,9.74971866607666,13.47377586364746,3.7160217397751354,12.834041362675531,0.4702836430585121,linear,-2.671330451965332,3.87947678565979
No oil_00017,No oil,0,0.1739015909388663,1739,-5.408599853515625,9.325765609741213,13.780509948730469,1.0161906512229206,11.450416003389314,0.8879244319632372,blob,-3.26570987701416,1.4464683532714844
No oil_00017,No oil,0,0.0536004903641359,536,-4.124263763427734,9.842551231384276,12.437246322631836,7.753498380542456,14.087649653070354,0.8239815526518063,linear,-1.712890625,3.1833977699279785
No oil_00017,No oil,0,0.0601005498299359,601,-4.358098983764648,10.056652069091797,12.939879417419434,1.5236258654832628,12.379110767718638,0.9071698113207548,blob,-1.1226787567138672,1.265196442604065
No oil_00017,No oil,0,0.1158010594060995,1158,-4.918745040893555,9.180462837219238,13.048608779907228,4.81484026186324,12.765033614072236,0.8524107471475892,linear,-2.983330726623535,3.6827445030212402
No oil_00017,No oil,0,0.1318012057834535,1318,-3.1215591430664062,9.655012130737305,14.040712356567385,1.3616357585621228,11.436157640483689,0.8034135934166413,blob,-1.8650474548339844,1.5110753774642944
No oil_00017,No oil,0,0.1382012643343952,1382,-5.591648101806641,9.96694278717041,13.68355941772461,4.871029544777608,13.38708472807193,0.7160621761658031,linear,-3.890913963317871,3.840120792388916
No oil_00017,No oil,0,0.0521004766412589,521,-5.727241516113281,9.961885452270508,12.524151802062988,1.6409455727122824,12.563287786212731,0.9666048237476808,blob,-3.4456262588500977,2.1354405879974365
No oil_00017,No oil,0,0.1081009889619979,1081,-4.858455657958984,9.857468605041504,12.865093231201172,1.693660969543877,12.82916133970777,0.6987718164188752,blob,-1.4933977127075195,0.9409077763557434
No oil_00017,No oil,0,0.2808025689225627,2808,-4.599477767944336,9.620604515075684,13.652149200439451,1.7924411323585678,12.664966343991884,0.5518325636238577,blob,-2.0253543853759766,1.918328046798706
No oil_00017,No oil,0,0.0546004995127205,546,-4.185003280639648,10.282855987548828,13.560315132141112,2.4690987110707683,12.306329021594854,0.9293617021276596,blob,-1.9377002716064453,1.8996306657791138
No oil_00017,No oil,0,0.0660006038065852,660,-4.960987091064453,9.400588989257812,12.256786346435549,4.024926985343181,11.40249504799526,0.7386681589255736,linear,-3.0816097259521484,3.6117935180664062
No oil_00017,No oil,0,0.08390076756625,839,-6.862815856933594,9.912800788879396,13.079885482788086,6.077640598843094,12.736554418320363,0.920965971459934,linear,-4.082111358642578,3.3893802165985107
No oil_00017,No oil,0,0.1516013869254291,1516,-5.40302848815918,9.598592758178713,14.896198272705078,1.6607666243294366,14.695411515746258,0.8920270667843483,blob,-3.0561885833740234,1.5760397911071777
No oil_00017,No oil,0,0.1259011518068043,1259,-5.769058227539063,9.543415069580078,12.353275299072266,1.5407105484508627,13.043521817086692,0.8791899441340782,blob,-3.66326904296875,3.420557975769043
No oil_00017,No oil,0,0.1534014033928815,1534,-5.051242828369141,10.133840560913086,14.079948425292969,2.1547587125694694,12.607852657617286,0.6606373815676141,blob,-2.481907844543457,2.5114755630493164
No oil_00017,No oil,0,0.8799080498396116,8799,-5.394708633422852,10.247549057006836,14.127975463867188,1.232402590466519,13.5593128544261,0.6265309028766733,blob,-2.3586645126342773,2.4751992225646973
No oil_00017,No oil,0,0.1937017720808418,1937,-5.382692337036133,9.669832229614258,12.367042541503906,3.844101380401769,12.465869219553104,0.9276819923371648,linear,-3.3292627334594727,3.7435142993927
No oil_00017,No oil,0,0.3475031791331572,3475,-6.033224105834961,9.71123218536377,13.063713073730469,1.5637860589298018,12.309633567680462,0.7274440025120369,blob,-2.969663619995117,3.219968557357788
No oil_00017,No oil,0,1.911117483860077,19111,-6.388029098510742,9.797795295715332,13.300161361694336,1.911556802258061,12.181485833875428,0.3621496655359951,blob,-3.7394800186157227,3.4323434829711914
No oil_00017,No oil,0,0.0562005141504559,562,-5.536333084106445,9.53517723083496,12.323160171508787,1.4789532930758185,11.191338676674707,0.7641060503059144,blob,-3.2354860305786133,3.0258712768554688
No oil_00017,No oil,0,0.1291011810822751,1291,-4.106302261352539,9.898303031921388,14.152385711669922,2.509660726171615,11.180646738274254,0.6430884184308842,blob,-1.910111427307129,2.542919158935547
No oil_00017,No oil,0,0.1684015406216508,1684,-5.591159820556641,9.571649551391602,13.08405303955078,1.5986243905670776,12.777202270891609,0.7685988133272479,blob,-2.9482955932617188,2.822725296020508
No oil_00017,No oil,0,0.6744061698054712,6744,-6.343753814697266,9.774290084838867,13.913732528686523,1.7021656433529098,13.800879535743867,0.4682357842116226,blob,-3.830111503601074,2.7942841053009033
No oil_00017,No oil,0,0.1139010420237888,1139,-5.150382995605469,9.864304542541504,13.889111518859863,2.591903542663693,12.804770004709525,0.5658221559860904,blob,-3.084691047668457,2.825401544570923
No oil_00017,No oil,0,0.149401366798543,1494,-5.099344253540039,10.12633991241455,14.659242630004885,1.759503657875808,11.982664900871423,0.9835418038183016,blob,-2.9169816970825195,2.7538177967071533
No oil_00017,No oil,0,0.1228011234461919,1228,-4.781763076782227,8.924983978271484,12.846719741821287,2.0712733983992004,9.670787243252024,0.6310380267214799,blob,-2.731748580932617,2.166099786758423
No oil_00017,No oil,0,0.5810053153276672,5810,-4.876415252685547,9.615180015563965,14.23458480834961,5.283761895672122,12.662464575317747,0.5347445927289461,linear,-2.48703670501709,2.3254575729370117
No oil_00017,No oil,0,0.1565014317534938,1565,-5.936061859130859,9.707228660583496,14.120726585388184,1.4605722411299409,12.293152276865415,0.844804318488529,blob,-2.961270332336426,2.032254695892334
No oil_00017,No oil,0,0.1562014290089184,1562,-4.931404113769531,8.719265937805176,12.928123474121094,2.0643001974674213,10.39243351936862,0.7859119496855346,blob,-2.1349925994873047,2.014600992202759
No oil_00017,No oil,0,0.6163056382727045,6163,-5.3629913330078125,10.175942420959473,15.29455852508545,1.9953867891300805,12.261662624024783,0.5848080846420268,blob,-3.2741947174072266,2.5795581340789795
No oil_00017,No oil,0,0.0531004857898435,531,-4.975629806518555,9.405769348144531,12.231412887573242,1.208479007822669,10.74450601758145,0.959349593495935,blob,-3.488762855529785,2.6843855381011963
No oil_00017,No oil,0,0.0744006806546961,744,-7.691795349121094,10.176813125610352,13.890172004699709,1.7439500143189164,13.6145825714692,0.9340866290018832,blob,-4.653925895690918,1.8108638525009155
No oil_00017,No oil,0,0.0602005507447944,602,-3.9331207275390634,8.774872779846191,12.20309829711914,1.526801595116596,8.938911917187728,0.8865979381443299,blob,-1.8753719329833984,2.290478467941284
No oil_00017,No oil,0,0.2698024682881318,2698,-5.349235534667969,10.46563720703125,16.043746948242188,2.6901372387108373,13.796430604577091,0.6770388958594731,blob,-3.075927734375,2.333275556564331
No oil_00017,No oil,0,0.1221011170421827,1221,-5.442447662353516,9.784709930419922,12.824905395507812,1.191072334418218,10.880093484789336,0.8598591549295774,blob,-3.1454648971557617,3.2336127758026123
No oil_00017,No oil,0,0.073100668761536,731,-4.444143295288086,9.967273712158203,14.33888816833496,2.2570210213735677,10.068735235956192,0.8392652123995408,blob,-2.7381057739257812,2.2599048614501953
No oil_00017,No oil,0,0.1955017885482942,1955,-6.639678955078125,10.971237182617188,15.070507049560549,1.436460859167819,17.36151479385383,0.7154620311070449,blob,-4.9710798263549805,2.446475028991699
No oil_00017,No oil,0,0.4949045276345309,4949,-4.711545944213867,9.55043125152588,14.09543228149414,1.3508298503544849,13.919913919289664,0.4043135492831175,blob,-2.5238075256347656,2.5408709049224854
No oil_00017,No oil,0,0.285202609176335,2852,-3.59785270690918,9.023064613342283,12.96367073059082,1.4674910502651208,9.654504811112654,0.4557366570789389,blob,-1.1338911056518555,1.5952214002609253
No oil_00017,No oil,0,0.1217011133827488,1217,-4.937049865722656,9.933820724487305,13.591034889221191,1.7444725811336548,15.071980250625067,0.8038309114927344,blob,-2.3521032333374023,2.479391098022461
No oil_00017,No oil,0,0.1201010987450134,1201,-4.628915786743164,9.508357048034668,13.284051895141602,1.2127260950248686,10.913248159716328,0.916793893129771,blob,-2.747500419616699,2.249519109725952
No oil_00017,No oil,0,0.216001976094279,2160,-5.533552169799805,9.53207302093506,13.0064697265625,1.76238896582053,11.74257641149985,0.7324516785350966,blob,-2.538311004638672,2.1181161403656006
No oil_00017,No oil,0,1.0385095008051333,10385,-3.698026657104492,9.553980827331545,15.568292617797852,1.2816206731767728,11.674258396704827,0.4977473159509202,blob,-1.982335090637207,1.6616251468658447
No oil_00017,No oil,0,0.1152010539169488,1152,-6.239978790283203,11.088667869567873,13.986716270446776,2.80263171099925,15.63455642195806,0.8668171557562077,blob,-3.031373977661133,2.658796787261963
No oil_00017,No oil,0,0.3227029522482585,3227,-4.285236358642578,9.369471549987791,13.369060516357422,1.3371722150574443,11.245898429015284,0.4689384581849887,blob,-2.0551929473876953,1.3776978254318237
No oil_00017,No oil,0,0.1936017711659834,1936,-5.616365432739258,11.478323936462402,15.497034072875977,1.8314400223685796,12.322982471386686,0.7728542914171657,blob,-2.7301673889160156,2.337460994720459
No oil_00017,No oil,0,0.0745006815695545,745,-6.4373779296875,9.433411598205566,12.444206237792969,3.139441178574696,10.941487096311018,0.8558299827685238,linear,-3.798825263977051,2.740818977355957
No oil_00017,No oil,0,0.2183019971360236,2183,-5.132818222045898,9.564180374145508,13.57271671295166,1.4174607608157546,12.024764171287831,0.7903692976104272,blob,-3.2502784729003906,1.92302405834198
No oil_00017,No oil,0,0.1420012990990167,1420,-5.707832336425781,9.373092651367188,13.57802963256836,2.2643868394769378,8.729419546722887,0.6685499058380414,blob,-3.0273008346557617,1.8639895915985107
No oil_00017,No oil,0,0.1357012414629336,1357,-5.89610481262207,9.478139877319336,13.11624526977539,1.7168793400488362,10.819263264254976,0.6178010471204188,blob,-2.7120161056518555,1.6338534355163574
No oil_00017,No oil,0,0.0570005214693236,570,-6.026494979858398,9.527705192565918,13.126364707946776,4.668190104892527,9.852807291521303,0.8830364058869093,linear,-4.60445499420166,2.1477479934692383
No oil_00017,No oil,0,0.0504004610886651,504,-4.90245246887207,9.498908996582031,12.387863159179688,3.2336525827935003,10.806986002496233,0.8006354249404289,linear,-3.932432174682617,1.7512761354446411
No oil_00017,No oil,0,0.1022009349853486,1022,-5.908466339111328,9.388236045837402,12.73712921142578,1.692805674562776,11.873955648908884,0.7268847795163584,blob,-3.2736263275146484,1.5166981220245361
No oil_00017,No oil,0,0.0781007145044592,781,-4.632730484008789,9.40898895263672,12.411877632141112,1.853903616749915,9.842336083679326,0.7032868077442593,blob,-2.626983642578125,1.7174218893051147
No oil_00017,No oil,0,1.0541096435230533,10541,-6.978919982910156,10.29020881652832,16.14356803894043,1.9261442898043315,11.80704864813459,0.729430489239499,blob,-3.638972282409668,1.9800596237182617
No oil_00017,No oil,0,0.1228011234461919,1228,-6.104841232299805,9.788805961608888,13.458928108215332,1.4292285671685063,11.399214014472014,0.7757422615287429,blob,-2.731748580932617,2.166099786758423
No oil_00017,No oil,0,0.1162010630655334,1162,-3.352867126464844,8.79757022857666,11.968758583068848,1.8003888741599017,9.691762117861105,0.678342089900759,blob,-2.0376663208007812,2.0881564617156982
No oil_00017,No oil,0,0.0914008361806347,914,-5.716609954833984,9.741843223571776,13.060283660888672,1.5301542808152864,14.29685576142159,0.5324788814448005,blob,-3.0694332122802734,1.3978750705718994
No oil_00017,No oil,0,0.4051037060916316,4051,-4.937763214111328,9.678460121154783,14.57456874847412,1.1273120590646737,12.325189326574389,0.5935966004835519,blob,-2.908991813659668,2.4415485858917236
No oil_00017,No oil,0,0.0515004711521081,515,-6.784389495849609,10.920195579528809,14.769593238830566,2.1038058852733528,17.49386537849,0.9599254426840632,blob,-3.543585777282715,2.3724608421325684
No oil_00017,No oil,0,0.486704452616137,4867,-4.5870361328125,9.488770484924316,14.073097229003906,1.0613519306676102,12.628605794948651,0.5799916582255854,blob,-2.6865110397338867,1.8580808639526367
No oil_00017,No oil,0,0.2429022221912054,2429,-3.956375122070313,9.004721641540527,14.446861267089844,1.71189591064123,10.36986769526573,0.7086797957695113,blob,-2.16937255859375,1.8680651187896729
No oil_00017,No oil,0,0.0871007968417208,871,-5.655977249145508,9.691295623779297,12.489593505859377,6.99885949146022,12.937567272084683,0.8919610855094726,linear,-2.8245773315429688,2.074246644973755
No oil_00017,No oil,0,0.814907455181611,8149,-6.660665512084961,11.073334693908691,15.366073608398438,2.9793298820628453,13.290774696489867,0.6328337345655044,blob,-3.570924758911133,2.302178382873535
No oil_00017,No oil,0,0.0593005425110682,593,-7.168500900268555,9.560894012451172,12.063573837280272,3.1277970826767056,12.91418575246132,0.8937452901281085,linear,-3.683957099914551,1.8102480173110962
No oil_00017,No oil,0,0.1957017903780111,1957,-5.759260177612305,10.234622955322266,14.007765769958496,1.691408643587656,12.599910889517629,0.7557443521915428,blob,-3.1364707946777344,2.3676810264587402
No oil_00017,No oil,0,0.065100595572859,651,-4.463287353515625,8.729618072509766,12.140251159667969,1.9914447578989405,10.61114845641805,0.6951414842498665,blob,-2.3423900604248047,1.8886646032333374
No oil_00017,No oil,0,0.2498022853164393,2498,-8.151168823242188,11.560354232788086,15.379634857177734,2.4657577068992294,16.038825085698292,0.8778773502020735,blob,-4.282504081726074,2.8309032917022705
No oil_00017,No oil,0,0.0694006349117729,694,-5.187353134155273,9.972216606140137,13.946763038635254,1.8598270859110464,12.748237202671907,0.6106467223933129,blob,-2.936617851257324,1.9940563440322876
No oil_00017,No oil,0,0.0849007767148346,849,-4.359668731689453,9.79448127746582,12.390432357788086,3.5433493468833444,13.410690908989162,0.8866840731070496,linear,-2.389725685119629,2.0595107078552246
No oil_00017,No oil,0,0.0650005946580006,650,-5.350801467895508,10.26197624206543,14.751829147338867,2.613072205521484,11.618195797038902,0.916784203102962,blob,-3.2750844955444336,2.398697853088379
No oil_00017,No oil,0,0.0602005507447944,602,-6.64393424987793,10.543869018554688,12.959102630615234,1.6251492411218385,14.684265435041803,1.0,blob,-1.8753719329833984,2.290478467941284
No oil_00017,No oil,0,0.213201950478242,2132,-5.511484146118164,9.561334609985352,13.91540241241455,2.395683207844361,14.23417080858096,0.5440857470971034,blob,-2.746519088745117,1.5665454864501953
No oil_00017,No oil,0,0.378603463654139,3786,-5.972299575805664,10.75501537322998,14.843421936035156,5.374840997669938,16.166412423562534,0.8182407607521072,linear,-3.4177465438842773,2.2179665565490723
No oil_00017,No oil,0,0.0969008864978501,969,-5.8834228515625,9.08041286468506,12.559587478637695,1.5062205224674283,10.604605551314798,0.7391304347826086,blob,-3.3103713989257812,3.0723371505737305
No oil_00017,No oil,0,0.0609005571488036,609,-5.166751861572266,9.374252319335938,12.669591903686523,1.9820550615670869,11.119938233523415,0.7684542586750789,blob,-4.29106330871582,2.074007987976074
No oil_00017,No oil,0,0.5724052366498394,5724,-2.9074058532714844,9.109634399414062,13.030807495117188,2.3496179707828104,10.6758795641392,0.6639986079693754,blob,-1.477304458618164,3.154660940170288
No oil_00017,No oil,0,0.1007009212624717,1007,-3.3612098693847656,9.097613334655762,12.464400291442873,1.8077725323195803,12.259607267915053,0.7213467048710601,blob,-1.9177885055541992,1.887455701828003
No oil_00017,No oil,0,0.1860017016367402,1860,-3.848579406738281,8.7391939163208,12.3328275680542,7.309671507634355,10.831678698898171,0.6763636363636364,linear,-2.3820486068725586,2.075834274291992
No oil_00017,No oil,0,0.0597005461705021,597,-5.394460678100586,10.115030288696287,14.119211196899414,1.3285486552298564,10.310783577285674,0.9052312357846852,blob,-3.899388313293457,2.6764893531799316
No oil_00017,No oil,0,0.1261011536365212,1261,-4.353656768798828,9.21186637878418,13.08784008026123,4.286555363329132,10.36574807739084,0.6926668497665477,linear,-3.028609275817871,2.4882700443267822
No oil_00017,No oil,0,0.1087009944511487,1087,-5.207485198974609,10.2832670211792,14.07735824584961,2.2383664294189862,13.440601357960189,0.7679265277287177,blob,-2.8545618057250977,2.764115571975708
No oil_00017,No oil,0,0.2366021645551222,2366,-6.2999267578125,9.706006050109863,13.86500358581543,1.579106837270292,10.032926900529796,0.7955615332885003,blob,-4.266068458557129,2.589939594268799
No oil_00017,No oil,0,0.0729006669318191,729,-3.887853622436523,9.451668739318848,12.999568939208984,2.236721257465221,10.657088966579538,0.9072806471686372,blob,-2.713357925415039,1.6302978992462158
No oil_00017,No oil,0,0.5706052201823871,5706,-4.382589340209961,9.394052505493164,15.376117706298828,2.0513832133695646,12.139723762876066,0.8560498087165254,blob,-3.118157386779785,2.273090362548828
No oil_00017,No oil,0,0.0963008810086994,963,-3.3094615936279297,9.556814193725586,12.830209732055664,4.120102042992917,11.127377124003734,0.8644524236983842,linear,-1.4936246871948242,3.1042802333831787
No oil_00017,No oil,0,0.0511004674926743,511,-3.5944900512695312,9.040424346923828,12.350500106811523,2.5508868887131952,10.558668030703457,0.6854460093896714,blob,-2.224040985107422,1.8426274061203003
No oil_00017,No oil,0,0.2247020556869652,2247,-6.104875564575195,10.106746673583984,13.705769538879396,4.987338932096462,14.266305292374554,0.711864406779661,linear,-3.4634313583374023,2.539205551147461
No oil_00017,No oil,0,0.2850026073466181,2850,-4.049440383911133,9.287715911865234,12.834749221801758,1.805874915373365,10.17695813050725,0.763870276065398,blob,-2.2492589950561523,3.5627193450927734
No oil_00017,No oil,0,0.1231011261907673,1231,-4.504207611083984,9.94532299041748,14.69293975830078,1.2162781162540386,12.370957832778316,0.6758166346417788,blob,-3.8480796813964844,3.1887621879577637
No oil_00017,No oil,0,0.0788007209084684,788,-5.81561279296875,9.675875663757324,13.492642402648926,9.702244986620842,14.01512437729725,0.8597926895799236,linear,-3.515104293823242,1.937524676322937
No oil_00017,No oil,0,0.2145019623714021,2145,-4.399974822998047,9.342490196228027,13.17156982421875,1.2207315684242572,10.633164953876458,0.8415064731267163,blob,-2.0811004638671875,2.0233545303344727
No oil_00017,No oil,0,0.1390012716532629,1390,-3.724042892456055,8.772724151611328,12.197975158691406,1.5732752278842024,9.938841213959904,0.7389686337054758,blob,-1.400503158569336,1.5857025384902954
No oil_00017,No oil,0,0.0732006696763945,732,-4.810344696044922,8.555230140686035,12.84274673461914,2.0023185106255466,9.4217571865305,0.756198347107438,blob,-1.7950439453125,1.125482201576233
No oil_00017,No oil,0,0.1634014948787277,1634,-4.806875228881836,9.22378158569336,12.129541397094728,2.849275860041913,10.630396316850913,0.8811000269614452,blob,-2.4571151733398438,3.4427783489227295
No oil_00017,No oil,0,0.0761006962072899,761,-5.869722366333008,9.927117347717283,12.690407752990724,3.064348086167113,11.257253547591905,0.925227963525836,linear,-2.5467777252197266,1.0401313304901123
No oil_00017,No oil,0,0.0513004693223912,513,-8.522726058959961,11.127145767211914,14.070575714111328,2.2646206494765977,13.65214290124958,0.9438822447102116,blob,-4.7617340087890625,2.8209445476531982
No oil_00018,No oil,0,0.6449058999222247,6449,-3.749441146850586,10.748353958129885,15.628408432006836,1.406160513386851,9.718200374002278,0.6566541085429183,blob,-1.7546873092651367,1.4175679683685303
No oil_00018,No oil,0,0.0948008672858224,948,-3.3692283630371094,10.60512924194336,13.845466613769531,4.112113795411479,10.983233773860649,0.8521348314606741,linear,-1.5287294387817383,3.143040895462036
No oil_00018,No oil,0,0.2224020346452206,2224,-6.110795974731445,11.141484260559082,14.577943801879885,4.847753474898415,14.007578930399893,0.7083930562191432,linear,-3.4650802612304688,2.6278584003448486
No oil_00018,No oil,0,0.1735015872794324,1735,-3.47195816040039,10.87726879119873,13.850006103515623,3.176191003100893,10.59396936576419,0.7510822510822511,linear,-1.7087478637695312,3.582732915878296
No oil_00018,No oil,0,0.0924008453292193,924,-5.305599212646484,11.011438369750977,15.053888320922852,1.217296176181802,11.827411016134764,0.5957446808510638,blob,-3.2267494201660156,2.006009340286255
No oil_00018,No oil,0,0.2700024701178488,2700,-3.7181549072265625,10.471112251281738,14.57016658782959,1.8314133104602064,9.87257248860188,0.6901840490797546,blob,-1.8690967559814453,1.532832384109497
No oil_00018,No oil,0,0.0987009029653025,987,-4.060461044311523,9.99551486968994,14.32664680480957,1.6813252179161395,10.02560677216035,0.971456692913386,blob,-2.2654733657836914,2.627347946166992
No oil_00018,No oil,0,0.1225011207016165,1225,-4.608003616333008,10.58906364440918,15.214938163757324,1.415129714352562,12.198294460100517,0.7625272331154684,blob,-1.795212745666504,1.0674420595169067
No oil_00018,No oil,0,0.0716006550386591,716,-4.818088531494141,10.972478866577148,15.377345085144045,1.6671933524302585,10.252785616729682,0.8839506172839506,blob,-3.7261476516723633,2.5616064071655273
No oil_00018,No oil,0,0.136001244207509,1360,-4.280466079711914,10.763253211975098,13.989801406860352,3.487786157111369,10.638445767345864,0.7653348339898706,linear,-2.191312789916992,1.8095173835754395
No oil_00018,No oil,0,0.1735015872794324,1735,-7.551136016845703,11.351410865783691,15.762018203735352,2.0507092805551563,13.25576077038471,0.9649610678531702,blob,-1.7087478637695312,3.582732915878296
No oil_00018,No oil,0,0.0549005022572959,549,-3.3397369384765625,10.686745643615724,14.753580093383787,1.546261768896772,12.914883040147837,0.8139362490733877,blob,-1.8582077026367188,2.2917287349700928
No oil_00018,No oil,0,0.1169010694695426,1169,-5.140308380126953,11.30366039276123,15.11118984222412,1.5416431888919209,11.37747889021263,0.624465811965812,blob,-3.086930274963379,2.3098607063293457
No oil_00018,No oil,0,0.0565005168950313,565,-5.605133056640625,10.66852569580078,14.00590705871582,2.307518221785445,14.297820829408773,0.7318652849740933,blob,-2.818800926208496,1.323989748954773
No oil_00018,No oil,0,0.6512059575583079,6512,-4.212635040283203,10.389429092407228,15.555667877197266,1.394311124140455,12.617122503809108,0.6193352037662276,blob,-1.982426643371582,2.1423492431640625
No oil_00018,No oil,0,0.0536004903641359,536,-4.964443206787109,10.989554405212402,15.186635971069336,3.7612558978695727,13.447549151749463,0.8859504132231405,linear,-2.4374217987060547,2.092367172241211
No oil_00018,No oil,0,0.099900913943604,999,-6.725008010864258,10.36686897277832,14.344892501831056,2.74397697968092,14.253619854731454,0.8138492871690428,blob,-4.236153602600098,1.806597352027893
No oil_00018,No oil,0,0.1638014985381616,1638,-5.504268646240234,10.482915878295898,14.517511367797852,1.3611620619457527,11.585155322067322,0.6168329881378272,blob,-2.316409111022949,1.3411753177642822
No oil_00018,No oil,0,0.2481022697638455,2481,-5.198406219482422,11.004128456115724,15.577884674072266,1.5411582775367254,10.9011198273417,0.7596448254745867,blob,-3.413501739501953,3.021624803543091
No oil_00018,No oil,0,0.0828007575028069,828,-8.01092529296875,11.585540771484377,15.358270645141602,3.171967902172419,16.80441682121504,0.7889471176750834,linear,-3.852815628051758,2.1009151935577393
No oil_00018,No oil,0,0.2001018306317835,2001,-6.086305618286133,10.71219253540039,15.31178855895996,1.85800461817101,13.45461074199121,0.4026562028373076,blob,-3.958704948425293,2.739999532699585
No oil_00018,No oil,0,0.6088055696583198,6088,-7.448945999145508,11.355464935302734,16.12929344177246,2.0323036238797605,15.585449047613343,0.8287503403212633,blob,-4.399929046630859,2.8872506618499756
No oil_00018,No oil,0,4.0096366821649125,40096,-4.438264846801758,10.312864303588867,15.061681747436523,2.2571742489831457,11.159944099685596,0.4837867023811678,blob,-2.556112289428711,2.6566972732543945
No oil_00018,No oil,0,0.2464022542112516,2464,-5.31757926940918,10.706533432006836,15.799283981323242,1.4361728802649658,12.199342885645578,0.7564082885648503,blob,-3.1994476318359375,1.6417295932769775
No oil_00018,No oil,0,0.1127010310454872,1127,-6.778249740600586,10.615455627441406,14.781068801879885,1.4915485285966703,12.8320956489029,0.7278010978366161,blob,-3.627701759338379,1.5648642778396606
No oil_00018,No oil,0,0.5794053006899318,5794,-5.899662017822266,10.901959419250488,15.420387268066406,2.672317946169012,13.24627628233433,0.4980444406240598,blob,-3.1956100463867188,2.196632146835327
No oil_00018,No oil,0,0.1402012826315644,1402,-4.19066047668457,10.53782081604004,14.01944351196289,1.17755627174498,9.64347349854675,0.8735202492211838,blob,-2.566652297973633,2.5395305156707764
No oil_00018,No oil,0,0.2660024335235103,2660,-5.912857055664063,11.108996391296388,14.885686874389648,1.912786036565892,13.820717397702865,0.80887942831078,blob,-3.339418411254883,2.3382937908172607
No oil_00018,No oil,0,0.9977091275428804,9977,-5.043727874755859,10.626052856445312,15.008615493774414,3.0086217714630283,11.797033581593183,0.509980320494799,linear,-2.323251724243164,1.960667371749878
No oil_00018,No oil,0,0.0774007081004499,774,-6.562381744384766,11.694731712341309,15.840129852294922,2.8416003944676347,15.643421472627486,0.7877862595419848,blob,-3.306521415710449,1.8558155298233032
No oil_00018,No oil,0,3.109428446609033,31094,-6.03474235534668,11.311603546142578,16.629106521606445,1.1854487755254488,13.263149391195745,0.6871450354688294,blob,-3.1248836517333984,2.3854191303253174
No oil_00018,No oil,0,0.1645015049421708,1645,-3.736753463745117,10.207058906555176,13.7237548828125,1.5107593322554382,9.594288468134527,0.7104297128050098,blob,-2.002880096435547,1.9907143115997314
No oil_00018,No oil,0,0.149401366798543,1494,-4.699892044067383,11.021429061889648,15.424139022827148,1.1835044405543564,11.129231273996137,0.695207073057236,blob,-3.3925046920776367,3.326098680496216
No oil_00018,No oil,0,0.2007018361209342,2007,-4.406831741333008,10.72009563446045,15.19782257080078,1.5640084103281375,10.497533655442346,0.7701458173445894,blob,-2.893446922302246,2.8754262924194336
No oil_00018,No oil,0,0.0985009011355855,985,-8.170757293701172,12.04743766784668,15.97691535949707,1.655083614842022,16.951930609083394,0.8938294010889292,blob,-4.871338844299316,3.132734775543213
No oil_00018,No oil,0,0.0526004812155512,526,-8.744197845458984,11.308777809143066,14.536504745483398,2.086357831099669,15.116324320003198,0.9171752397558848,blob,-4.936603546142578,1.8671923875808716
No oil_00018,No oil,0,0.5411049502991406,5411,-4.152091979980469,10.653156280517578,15.278217315673828,1.666030333826504,11.165612981464022,0.6645787275853599,blob,-3.292695999145508,3.4806785583496094
No oil_00018,No oil,0,0.205201877289565,2052,-6.679449081420898,10.75713062286377,15.784173011779783,1.5269295898574604,14.759222411503943,0.4970930232558139,blob,-3.705803871154785,1.862802267074585
No oil_00018,No oil,0,0.2964027116404829,2964,-3.3958606719970703,10.011240005493164,14.321832656860352,1.005329104659972,11.059497240548122,0.6339428938081488,blob,-1.6835212707519531,2.316815137863159
No oil_00018,No oil,0,0.1707015616633955,1707,-4.23590087890625,11.385973930358888,15.800562858581545,1.3679314472385822,14.796540702629615,0.7424967377120487,blob,-2.7450027465820312,2.774775266647339
No oil_00018,No oil,0,0.0823007529285146,823,-5.944616317749023,10.672531127929688,13.94074249267578,1.7012401947653943,12.327840636897117,0.9053905390539054,blob,-3.522610664367676,2.6675689220428467
No oil_00018,No oil,0,0.0817007474393638,817,-6.770421981811523,11.552664756774902,14.398109436035156,1.922192903591069,13.167892291535203,0.9047619047619048,blob,-3.0544309616088867,2.4555394649505615
No oil_00018,No oil,0,1.6303149149375142,16303,-4.061717987060547,10.32895278930664,15.289876937866213,1.4676394084690096,12.271493218378694,0.4203158233967128,blob,-2.1748876571655273,1.8850820064544678
No oil_00018,No oil,0,0.4656042595810014,4656,-4.370513916015625,10.107159614562988,14.533538818359377,2.076875460211536,12.110827976928578,0.6395604395604395,blob,-3.385274887084961,3.265235662460327
No oil_00018,No oil,0,0.1180010795329857,1180,-7.657024383544922,10.8452730178833,13.861492156982422,1.6479966685235354,12.128998019853196,0.7354315986288563,blob,-4.954250335693359,2.4784295558929443
No oil_00018,No oil,0,0.2927026777907198,2927,-6.673099517822266,10.41512393951416,14.701001167297363,3.1068474983742163,11.932633520844268,0.687331219913115,linear,-3.7273712158203125,1.6643807888031006
No oil_00018,No oil,0,2.6474242199629363,26474,-4.5176544189453125,10.657281875610352,15.55195426940918,2.697643096561165,11.523938390547654,0.541125010219933,blob,-2.5734405517578125,3.031792402267456
No oil_00018,No oil,0,0.0829007584176654,829,-5.568540573120117,11.314183235168455,14.716547012329102,1.4710099748415766,14.41784988537672,0.7134251290877797,blob,-3.119354248046875,2.3995394706726074
No oil_00018,No oil,0,0.0967008846681332,967,-5.352771759033203,10.82293701171875,14.02406883239746,2.5272238001682226,12.447150982506392,0.9636273044344792,blob,-3.221677780151367,2.743027687072754
No oil_00018,No oil,0,0.4006036649230008,4006,-2.942432403564453,10.455904960632324,13.96922492980957,2.214362022184121,10.232098327995004,0.665227499169711,blob,-1.0302600860595703,3.3475301265716553
No oil_00018,No oil,0,0.054500498597862,545,-6.710952758789063,11.684197425842283,14.532079696655272,3.2117414813300145,14.432094335467466,0.9706144256455922,linear,-4.341005325317383,2.8598554134368896
No oil_00018,No oil,0,0.0712006513792253,712,-4.203575134277344,10.466400146484377,14.023449897766112,1.9089593137041416,10.523031224246958,0.6862650602409639,blob,-2.634242057800293,2.646989107131958
No oil_00018,No oil,0,0.0769007035261576,769,-4.286834716796875,10.245418548583984,14.419960021972656,1.419472670021,8.507841019401019,0.7487828627069133,blob,-1.8659944534301758,1.9133447408676147
No oil_00018,No oil,0,0.1714015680674047,1714,-4.80476188659668,10.878691673278809,14.533170700073242,1.9110921764934885,12.730658912016988,0.6777382364570976,blob,-2.769831657409668,3.0996687412261963
No oil_00018,No oil,0,0.0511004674926743,511,-4.690265655517578,10.472712516784668,14.092927932739258,2.020481783318506,9.926455076371443,0.8104678826328311,blob,-2.8218517303466797,1.833555817604065
No oil_00018,No oil,0,0.7439068056321027,7439,-4.595516204833984,10.65369987487793,15.457500457763672,1.4238919541005115,12.385506983830748,0.5406053559100323,blob,-2.346466064453125,1.9669958353042603
No oil_00018,No oil,0,0.2522023072730424,2522,-5.6000823974609375,10.926513671875,15.618186950683594,1.5256539123672457,13.789136374693276,0.5337566137566138,blob,-2.807453155517578,1.770670771598816
No oil_00018,No oil,0,0.2833025917940243,2833,-6.03114128112793,10.54586410522461,15.153517723083496,2.8115409681434707,13.758802374999515,0.7007172891417265,blob,-3.011326789855957,2.725454330444336
No oil_00018,No oil,0,0.150501376861986,1505,-4.188297271728516,10.170554161071776,13.726715087890623,1.558475716767315,10.628383817321746,0.872969837587007,blob,-2.876953125,2.9133760929107666
No oil_00018,No oil,0,0.0979008956464348,979,-6.650426864624023,11.370169639587402,15.00538444519043,2.0878417368714537,17.287288897197122,0.8956999085086916,blob,-4.229375839233398,2.8623647689819336
No oil_00018,No oil,0,0.2504022908055901,2504,-6.271999359130859,10.872396469116213,16.039310455322266,1.57700139136319,15.04049484044757,0.7610942249240121,blob,-3.3775062561035156,1.7832834720611572
No oil_00018,No oil,0,0.214701964201119,2147,-4.036540985107422,10.550277709960938,14.413932800292969,3.208584233290785,11.81773842950173,0.5971353080239188,linear,-2.4216394424438477,1.8742358684539795
No oil_00018,No oil,0,0.0552005050018713,552,-5.053966522216797,11.074579238891602,13.902399063110352,1.6549304783789274,11.798648351865967,0.9778565101860052,blob,-3.535633087158203,3.45745587348938
No oil_00018,No oil,0,0.1005009194327548,1005,-4.360490798950195,10.198293685913086,14.255910873413086,1.93495187764118,10.729973902594534,0.7514018691588785,blob,-2.4539451599121094,2.593492031097412
No oil_00018,No oil,0,1.2494114302416306,12494,-5.583009719848633,10.914870262145996,15.603069305419922,1.522799800004054,12.698573224499588,0.6218240637053627,blob,-2.910928726196289,2.4913809299468994
No oil_00018,No oil,0,0.0850007776296931,850,-5.735227584838867,10.86824893951416,14.707649230957031,3.2126509157470204,14.045002592906796,0.9371554575523704,linear,-3.3519468307495117,2.746415138244629
No oil_00018,No oil,0,0.3691033767425851,3691,-5.357292175292969,10.797403335571287,14.585649490356444,2.076111997720643,13.502966633636088,0.6443222484070874,blob,-1.8675765991210938,1.8244531154632568
No oil_00018,No oil,0,0.5077046447364142,5077,-5.491157531738281,10.958720207214355,15.298935890197754,1.2915683597359175,11.250965887873356,0.6065710872162485,blob,-3.313936233520508,1.9155253171920776
No oil_00018,No oil,0,0.2502022889758732,2502,-4.5187530517578125,10.44713020324707,14.000608444213867,2.143941614399421,10.980604565154753,0.6204587724736516,blob,-2.1149959564208984,2.228529930114746
No oil_00018,No oil,0,0.1094010008551579,1094,-6.244012832641602,10.708014488220217,14.467586517333984,1.190360889297533,12.280838024267991,0.9007822149032524,blob,-2.664989471435547,2.5253255367279053
No oil_00018,No oil,0,0.2407022020643192,2407,-5.263067245483398,10.6539945602417,14.631000518798828,2.6284409279469068,11.994976845108964,0.725109203193252,blob,-1.6941499710083008,2.085491180419922
No oil_00018,No oil,0,0.0696006367414899,696,-7.612218856811523,11.89968204498291,15.36378288269043,3.0430253793114423,17.532502718956813,0.9693593314763232,linear,-4.606545448303223,4.294660568237305
No oil_00018,No oil,0,0.0514004702372497,514,-5.3848876953125,11.638185501098633,14.479442596435549,1.7282496956255946,14.41776865893421,0.9875120076849184,blob,-2.2767152786254883,1.8088611364364624
No oil_00019,No oil,0,0.1455013311190629,1455,-3.68842887878418,12.033031463623049,15.559266090393066,1.506118802979208,10.98285829913933,0.6839012925969448,blob,-1.8292779922485352,3.167952060699463
No oil_00019,No oil,0,0.9813089775060926,9813,-5.348360061645508,11.924164772033691,16.110191345214844,1.6411846875223175,11.4965022751713,0.4743673410195054,blob,-2.9804515838623047,3.1097238063812256
No oil_00019,No oil,0,0.059900548000219,599,-6.746095657348633,12.838358879089355,15.545589447021484,1.9249826343689336,12.675222081546124,0.9201228878648232,blob,-2.950448989868164,2.4643940925598145
No oil_00019,No oil,0,0.0784007172490346,784,-3.480873107910156,11.969768524169922,16.35000991821289,2.3020415632753357,10.930595995304111,0.8074150360453141,blob,-2.5124082565307617,3.6165449619293213
No oil_00019,No oil,0,4.676642784270857,46766,-9.46730613708496,14.236444473266602,17.681076049804688,3.353480272052309,19.34189378710696,0.3370996284162459,linear,-6.645042419433594,5.091272354125977
No oil_00021,No oil,0,0.0792007245679024,792,-0.5164718627929688,2.047584056854248,3.687803268432617,2.891439566163262,5.050153186927,0.6866059817945384,blob,-0.25553321838378906,1.680543065071106
No oil_00021,No oil,0,0.0653005974025761,653,-0.7333221435546875,2.14736270904541,3.5548019409179688,1.976377947076226,4.72463823503279,0.531326281529699,blob,0.1500720977783203,1.4274842739105225
No oil_00021,No oil,0,0.1079009871322812,1079,-0.7640609741210938,2.031040906906128,4.03459358215332,2.382784174276942,5.01383359574117,0.4915717539863325,blob,0.46924591064453125,1.3427573442459106
No oil_00021,No oil,0,0.0717006559535177,717,-0.9334716796875,2.150151491165161,3.745159149169922,2.0846866700426667,4.006226364888709,0.6544956640803287,blob,-0.2580280303955078,2.4041900634765625
No oil_00021,No oil,0,0.1907017446350884,1907,-0.7385902404785156,2.090298175811768,4.139671325683594,2.237879547320834,4.896503189652661,0.4603500301750151,blob,0.2830982208251953,1.740739345550537
No oil_00021,No oil,0,3.4207312945634345,34207,-0.5354766845703125,2.0366320610046387,5.632928848266602,1.9289205723668488,5.508127239277632,0.4648669217022607,blob,-0.09295463562011719,1.9111948013305664
No oil_00021,No oil,0,1.4712134593977035,14712,-0.5867462158203125,2.0309674739837646,4.061527252197266,1.1629813908038662,5.783292276800718,0.3985857682773194,blob,-0.2256298065185547,1.9408059120178223
No oil_00021,No oil,0,0.0860007867782779,860,-0.9492874145507812,2.129769802093506,3.419801712036133,1.3028548122039665,3.834572575836532,0.5886379192334018,blob,-0.04337501525878906,1.9481760263442993
No oil_00021,No oil,0,0.2072018955867347,2072,-0.6999034881591797,2.145775556564331,3.4818897247314453,1.2705716196290688,4.792306915718855,0.4339721436799665,blob,0.1304607391357422,2.0954620838165283
No oil_00021,No oil,0,0.0563005150653145,563,-1.097454071044922,2.1876063346862797,3.1712303161621094,2.606245886951101,4.642213628733676,0.7126582278481013,blob,-0.2856330871582031,2.3603155612945557
No oil_00021,No oil,0,1.2413113561380975,12413,-0.4677734375,1.988806128501892,4.556184768676758,4.132734961858593,5.5988071691284125,0.4759950916481325,linear,0.15719223022460938,1.7336705923080444
No oil_00021,No oil,0,0.1185010841072783,1185,-0.752960205078125,2.113259077072144,3.587717056274414,1.9251421970171296,4.3632026465232085,0.5234098939929329,blob,0.04046440124511719,1.6112594604492188
No oil_00021,No oil,0,1.7675161701233286,17675,-0.9322013854980468,2.060742139816284,5.768243789672852,1.1463165619976825,5.861093985511402,0.501091486406033,blob,-0.011064529418945312,1.8309015035629272
No oil_00021,No oil,0,0.0963008810086996,963,-0.7223777770996094,2.152564525604248,3.4889163970947266,1.2179722462707214,4.619908285491308,0.402928870292887,blob,-0.09366798400878906,2.007349729537964
No oil_00021,No oil,0,0.0982008983910104,982,-1.0658283233642578,2.1793417930603027,4.0362548828125,1.8462125833948275,4.522467685817217,0.4838630204483863,blob,0.1421680450439453,1.1761800050735474
No oil_00021,No oil,0,0.5004045779517475,5004,-0.8650054931640625,2.0602288246154785,3.865411758422852,3.718365330101934,4.886045636310139,0.7158798283261802,linear,-0.07396316528320312,1.8857214450836182
No oil_00022,No oil,0,0.0987009029653027,987,-0.7641410827636719,1.9921122789382932,3.532648086547852,1.4789131836378149,4.269267651244575,0.5474209650582362,blob,-0.4353599548339844,2.157778263092041
No oil_00022,No oil,0,0.0987009029653027,987,-0.7149467468261719,2.0428271293640137,3.665807723999024,1.990369338409247,5.5957670081444695,0.6650943396226415,blob,-0.4353599548339844,2.157778263092041
No oil_00022,No oil,0,0.07220066052781,722,-0.9868927001953124,2.0091238021850586,4.337892532348633,3.0978620317838894,4.998959590796655,0.7584033613445378,linear,-0.014513015747070312,1.5519765615463257
No oil_00022,No oil,0,0.0716006550386593,716,-0.801849365234375,2.065115213394165,3.965152740478516,2.591119974191238,4.71313437019416,0.5671287128712871,blob,0.067718505859375,1.8383686542510986
No oil_00022,No oil,0,0.0516004720669667,516,-0.9392127990722656,2.155935287475586,3.4630279541015625,1.4081146272077267,5.57502162741689,0.58603066439523,blob,0.19760704040527344,1.3793392181396484
No oil_00022,No oil,0,0.080400735546204,804,-0.7196121215820312,1.9837745428085327,3.589519500732422,2.3784436172446366,4.334082701418359,0.7220475976650202,blob,-0.6884326934814453,2.358793258666992
No oil_00023,No oil,0,0.0551005040870129,551,-1.0291824340820312,2.0371248722076416,3.6567153930664062,1.81094751403056,4.513223311901348,0.5836864406779662,blob,0.4032459259033203,2.089113473892212
No oil_00023,No oil,0,0.1094010008551582,1094,-0.7292747497558594,2.125396013259888,3.93498420715332,1.278083927777102,4.261393304933676,0.5208283741966199,blob,-0.3088836669921875,2.555495262145996
No oil_00023,No oil,0,0.0595005443407853,595,-0.6295127868652344,2.041590690612793,3.5487232208251958,1.454373590892493,4.164523683045236,0.7041420118343196,blob,0.07074356079101562,2.2409114837646484
No oil_00023,No oil,0,0.0803007346313455,803,-0.7896289825439453,2.088951349258423,3.94305419921875,2.2183576769035085,4.902623590122012,0.6033057851239669,blob,-0.7641410827636719,2.6183791160583496
No oil_00023,No oil,0,0.0777007108450255,777,-0.5929718017578125,2.030487060546875,3.2149105072021484,2.4282527275837493,4.179482084838351,0.4018619084561676,blob,-0.49968910217285156,2.773239850997925
No oil_00023,No oil,0,0.1074009825579889,1074,-0.7392673492431641,2.0032520294189453,3.717866897583008,2.264814716946685,4.3259534154118695,0.6582899172540607,blob,-0.55999755859375,2.378685474395752
No oil_00023,No oil,0,0.9442086380936052,9442,-0.3674182891845703,2.2831528186798096,4.780956268310547,3.1959572583189626,4.486039676648383,0.3561204669319403,linear,-0.023073196411132812,2.014866590499878
No oil_00023,No oil,0,0.0658006019768684,658,-0.859222412109375,2.273730993270874,3.746170043945313,1.8348394168161484,4.302802168539515,0.3734392735527809,blob,-0.09170341491699219,2.0698962211608887
No oil_00023,No oil,0,0.0527004821304098,527,-0.9251651763916016,2.1475613117218018,3.5778751373291016,1.080870724831338,5.739120427040069,0.8138996138996138,blob,-0.03260040283203125,1.935909390449524
No oil_00023,No oil,0,0.3820034947593276,3820,-0.6042213439941406,1.9348191022872925,3.432546615600586,2.2556654745931413,4.191837615723817,0.530224165452148,blob,0.3638114929199219,1.737194299697876
No oil_00023,No oil,0,0.1108010136631767,1108,-0.9709091186523438,2.1229984760284424,3.5915260314941406,1.2490731610661852,4.360683291196186,0.4416102032682343,blob,0.04697418212890625,1.989046335220337
No oil_00023,No oil,0,0.0690006312523392,690,-0.7674465179443359,1.9701348543167116,3.095592498779297,1.658673332863214,4.23341528982389,0.5463182897862233,blob,0.462921142578125,1.5524888038635254
No oil_00023,No oil,0,0.1584014491358049,1584,-0.74151611328125,2.0926260948181152,3.53411865234375,3.0442597252812744,4.457636514100284,0.561602552738876,linear,-0.06554412841796875,2.2876524925231934
No oil_00024,No oil,0,0.0712006513792254,712,-0.910259246826172,1.9416074752807615,3.524892807006836,1.6105915785129017,4.692364235156801,0.580040733197556,blob,0.2141571044921875,1.9851036071777344
No oil_00024,No oil,0,0.0812007428650717,812,-0.7447700500488281,1.8752886056900024,2.96868896484375,1.5567066019694502,4.431912107050043,0.499231478635106,blob,-0.5265235900878906,2.339815139770508
No oil_00024,No oil,0,0.059000539766493,590,-0.580780029296875,1.834003448486328,3.134712219238281,2.1718532826899204,4.2193714571896,0.6286627597229622,blob,-0.3617591857910156,2.490690231323242
No oil_00024,No oil,0,0.06830062484833,683,-0.6831855773925781,2.0196657180786133,3.672870635986328,1.6580156217477515,4.6265965297777285,0.5577786851776235,blob,0.3275279998779297,1.9944427013397217
No oil_00024,No oil,0,0.0601005498299361,601,-0.6614570617675781,1.8660892248153689,2.9102859497070312,1.9815023216879168,3.7644047654108257,0.6968115942028985,blob,0.08398056030273438,2.0296497344970703
No oil_00024,No oil,0,0.2475022642746952,2475,-0.4238967895507812,2.594925880432129,4.634622573852539,2.236360442103281,4.032312914966196,0.6244480888103948,blob,0.12652587890625,2.0829763412475586
No oil_00025,No oil,0,0.0537004912789943,537,-0.7788906097412109,1.7560927867889404,3.298828125,1.1710988509978788,4.617999672004275,0.4790365744870651,blob,-0.17137908935546875,1.8567367792129517
No oil_00026,No oil,0,0.3826035002484774,3826,-0.5167427062988281,1.7696558237075806,3.473653793334961,2.02813135413232,4.430414799494497,0.6366056572379367,blob,-0.15310287475585938,1.7881897687911987
No oil_00026,No oil,0,1.5333140275248052,15333,0.1493663787841797,1.8101181983947756,4.626300811767578,1.867811228764909,6.559225106308668,0.7143090074771145,blob,-0.044391632080078125,1.6536314487457275
No oil_00026,No oil,0,0.0543004967681451,543,-0.6702289581298828,1.884486436843872,3.8202438354492183,1.9239892548560429,4.543852378745656,0.6585809581564585,blob,-0.24032974243164062,2.532733201980591
No oil_00030,No oil,0,10.310194322822364,103101,-0.7141189575195312,2.2265875339508057,6.034597396850586,1.834670100810914,5.400021058862936,0.5767307348071243,blob,-0.39832115173339844,2.3412911891937256
No oil_00030,No oil,0,0.1702015570891035,1702,-0.8320770263671875,2.096753597259521,3.772451400756836,1.6603050644152524,5.719037499039478,0.6762018275725069,blob,0.16387367248535156,1.6467331647872925
No oil_00030,No oil,0,0.0856007831188441,856,-0.916748046875,2.3001365661621094,3.8750152587890634,2.1742978389008947,5.228450142161234,0.6193921852387844,blob,-0.34926414489746094,2.1295573711395264
No oil_00030,No oil,0,0.0595005443407853,595,-1.0031394958496094,2.3245959281921387,3.895553588867188,1.7170652722817912,5.2290951944229,0.5894006934125805,blob,0.13918685913085938,1.5643664598464966
No oil_00030,No oil,0,0.2845026027723265,2845,-0.6404228210449219,2.129018068313598,4.236030578613281,1.5946584402959263,5.6217776850242025,0.4697432510525881,blob,-0.26410675048828125,1.8907794952392578
No oil_00030,No oil,0,4.907944900338492,49079,-0.8801651000976562,2.109074354171753,4.607980728149414,1.7133940052582222,5.5760639599384,0.5304088922031114,blob,-0.2813224792480469,1.7794076204299927
No oil_00030,No oil,0,1.3606124475642438,13606,-0.8535690307617188,2.134194850921631,4.484039306640625,2.424563666030631,5.766523909723067,0.371763870103966,blob,-0.027679443359375,1.6476999521255493
No oil_00030,No oil,0,0.1138010411089305,1138,-0.6587409973144531,1.866839051246643,3.484439849853516,1.3681715457110248,4.905385849463406,0.8426508700481303,blob,-0.06860160827636719,1.688660979270935
No oil_00030,No oil,0,0.0570005214693237,570,-0.9311141967773438,2.1239328384399414,3.290443420410156,1.5390267580698842,3.9831597308154447,0.5362182502351834,blob,-0.18182754516601562,1.9040786027908325
No oil_00030,No oil,0,0.6439058907736415,6439,-0.6780776977539062,2.056537389755249,4.422346115112305,2.0825364783657507,5.9392615092517405,0.4134985872078089,blob,0.14414405822753906,1.649826169013977
No oil_00030,No oil,0,0.1107010127483182,1107,-0.7206573486328125,2.3035595417022705,3.932476043701172,1.7572742758019773,5.2336566157016495,0.5072164948453608,blob,0.3043842315673828,1.5431734323501587
No oil_00030,No oil,0,0.1927017629322577,1927,-0.9973297119140624,2.059675931930542,3.897869110107422,1.2563627438326703,6.017781551196909,0.4765673302831705,blob,0.44142723083496094,0.980859100818634
No oil_00030,No oil,0,0.7091064872613592,7091,-0.5211563110351562,2.2227585315704346,5.036357879638672,3.1317832101572862,4.779880420245952,0.40630282194528,linear,-0.34536170959472656,2.384409189224243
No oil_00030,No oil,0,0.1080009880471397,1080,-0.9201316833496094,2.0273678302764893,4.118951797485352,1.8570787323643747,5.25237159480491,0.4818202096810172,blob,0.23654747009277344,1.4884182214736938
No oil_00030,No oil,0,0.104600956941952,1046,-0.958049774169922,2.17602276802063,3.848922729492188,1.625763553222209,6.221997551990604,0.7201376936316696,blob,-0.12958908081054688,1.514937162399292
No oil_00030,No oil,0,0.3632033227659366,3632,0.0001602172851562,2.833268165588379,4.729606628417969,7.360909573905304,4.488606812349688,0.8576151121605667,linear,0.14988136291503906,1.9528069496154785
No oil_00030,No oil,0,0.0541004949384283,541,-0.7923049926757812,2.2937726974487305,3.943412780761719,1.9157162596414292,4.399749982018828,0.545088161209068,blob,-0.052791595458984375,1.6047896146774292
No oil_00032,No oil,0,0.1399012798869893,1399,-0.6774978637695312,2.1061816215515137,4.797451019287109,1.98533266312792,4.593804218956972,0.4715995280633743,blob,0.1815624237060547,1.3599025011062622
No oil_00032,No oil,0,0.1476013503310909,1476,-0.5581741333007812,1.979349970817566,3.8123741149902335,1.6466318120109378,4.851885274085065,0.4984802431610942,blob,0.3724517822265625,1.4508764743804932
No oil_00032,No oil,0,0.0647005919134253,647,-1.0224494934082031,2.2021334171295166,3.620258331298828,1.2630130700068238,5.256206779298803,0.3524925088531735,blob,0.09676361083984375,1.7245701551437378
No oil_00032,No oil,0,0.0668006111254531,668,-0.8271102905273438,2.1200079917907715,3.734195709228516,1.2749811766199908,4.560116628736052,0.6723704076497232,blob,-0.017826080322265625,1.5809600353240967
No oil_00032,No oil,0,0.050800464748099,508,-0.8786239624023438,2.105681896209717,3.3388023376464844,2.3264660909685846,4.401236416951255,0.5024727992087042,blob,-0.711822509765625,2.3349034786224365
No oil_00032,No oil,0,0.0618005653825299,618,-0.811614990234375,2.0967183113098145,4.353305816650391,1.4812793128765092,6.013625407939084,0.5406824146981627,blob,0.14504623413085938,1.7573245763778687
No oil_00032,No oil,0,0.058800537936776,588,-0.867279052734375,2.1510376930236816,3.945846557617188,1.4304558632262536,4.854751395669371,0.5694915254237288,blob,-0.363616943359375,2.260378360748291
No oil_00032,No oil,0,0.0889008133091733,889,-0.6915931701660156,2.046825408935547,4.013633728027344,1.3725714174033978,4.132842176559594,0.6055858310626703,blob,-0.22411155700683594,2.01873779296875
No oil_00032,No oil,0,0.1303011920605769,1303,-0.6418609619140625,2.040655851364136,3.866260528564453,1.2799184032526192,4.088777543443811,0.6547738693467337,blob,0.7591972351074219,1.78214693069458
No oil_00032,No oil,0,0.2400021956603105,2400,-0.7928466796875,2.102649450302124,3.741012573242188,1.9396749364098629,4.361962535897138,0.4626060138781804,blob,0.08618545532226562,1.9566258192062378
No oil_00032,No oil,0,0.1865017062110329,1865,-0.5618934631347656,2.042128324508667,3.637872695922852,1.6685250401181502,4.75104762023212,0.5629338967702988,blob,-0.17831802368164062,2.1019482612609863
No oil_00032,No oil,0,0.0687006285077639,687,-1.0519638061523438,2.204946517944336,4.464469909667969,1.737354437890251,4.80425771981721,0.8154302670623146,blob,-0.6565780639648438,2.2117702960968018
No oil_00032,No oil,0,0.0669006120403115,669,-0.6701850891113281,2.0385873317718506,3.270282745361328,2.2478924588721623,3.3824598200005607,0.442753143613501,blob,-0.05876350402832031,2.2040152549743652
No oil_00033,No oil,0,0.2932026823650127,2932,-0.8777198791503906,2.0759615898132324,3.84170913696289,2.027109796783064,4.803230490763929,0.4494175352544451,blob,-0.09922409057617188,2.1371726989746094
No oil_00033,No oil,0,0.8642079062068349,8642,-0.6278800964355469,2.030475616455078,4.159721374511719,1.694033730235233,4.364807547041147,0.4096899592301128,blob,-0.09213829040527344,2.0155186653137207
No oil_00033,No oil,0,0.2129019477336671,2129,-0.612518310546875,2.0753612518310547,3.823078155517578,1.6038436706820602,4.201071498077864,0.3476769821180697,blob,-0.11243629455566406,2.1638078689575195
No oil_00033,No oil,0,0.0535004894492775,535,-0.6559524536132812,1.971697211265564,3.529804229736328,1.6370852876534614,5.5802485291286255,0.6163594470046083,blob,-0.061920166015625,2.42301869392395
No oil_00033,No oil,0,0.2140019577971102,2140,-0.5815277099609375,2.104041814804077,3.5192909240722656,1.412968864261179,4.471475893120024,0.6766798418972332,blob,0.14420318603515625,1.9065343141555786
No oil_00033,No oil,0,0.0602005507447945,602,-0.9873275756835938,2.054582357406616,3.2168502807617188,1.8542042872440545,4.907956282468031,0.6133469179826796,blob,0.43646240234375,1.705524206161499
No oil_00033,No oil,0,0.0754006898032809,754,-0.7911415100097656,2.079145193099976,2.9965057373046875,1.6855258863657487,3.973997242480115,0.5280112044817927,blob,-0.2473926544189453,1.9429397583007812
No oil_00034,No oil,0,0.0678006202740377,678,-1.0180778503417969,1.9374717473983765,3.373725891113281,1.276905890105407,4.529644450983096,0.4897074756229685,blob,-0.03930473327636719,1.7479381561279297
No oil_00038,No oil,0,0.0738006751655453,738,-0.5346660614013672,2.0121991634368896,4.221197128295898,1.6663919791135768,6.349117876363255,0.8707964601769912,blob,-0.22784042358398438,2.448502779006958
No oil_00038,No oil,0,0.5695052101189438,5695,-0.1453914642333984,2.224210262298584,4.798439025878906,4.897874808037971,4.441053959451787,0.6478216357638494,linear,0.03193473815917969,1.9877971410751343
No oil_00038,No oil,0,0.102500937729924,1025,-0.3092002868652344,2.966477632522583,6.62260627746582,1.7663267582988789,9.361908738091293,0.4107393307954318,blob,-0.10525894165039062,2.035949468612671
No oil_00039,No oil,0,0.0835007639068162,835,-0.8901901245117188,2.118327140808105,3.6018638610839844,1.606318716921556,5.072190070550001,0.6259370314842578,blob,-0.35327720642089844,1.8124923706054688
No oil_00039,No oil,0,0.0667006102105945,667,-0.6874313354492188,2.091705799102783,3.76995849609375,1.3770751332137428,4.153588529687493,0.5392077607113985,blob,0.16963768005371094,1.6501106023788452
No oil_00039,No oil,0,0.2013018416100851,2013,-0.6279067993164062,2.0264089107513428,3.3790016174316406,2.378937294000114,4.208383853663129,0.6390476190476191,blob,0.012632369995117188,1.5485224723815918
No oil_00039,No oil,0,0.0726006641872438,726,-0.5383052825927734,1.9642568826675413,3.463550567626953,1.7933537586414146,4.095759845824748,0.5458646616541354,blob,-0.205657958984375,1.9816023111343384
No oil_00039,No oil,0,0.0523004784709759,523,-0.8101005554199219,2.11499547958374,3.268226623535156,1.9028298982687857,5.112865027336682,0.650497512437811,blob,-0.5777225494384766,2.5050182342529297
No oil_00040,No oil,0,0.297602722618785,2976,-0.3697891235351562,2.1439249515533447,3.8210506439208975,3.103626854289677,4.267510767165705,0.4848484848484848,linear,-0.15311050415039062,1.7963794469833374
No oil_00040,No oil,0,1.6937154949577833,16937,-0.8096752166748047,2.7965023517608643,5.767751693725586,1.3309272795599785,4.48839345514366,0.8616269013582948,blob,-0.35135841369628906,1.9321497678756714
No oil_00040,No oil,0,2.330321318946757,23303,-0.7818088531494141,2.0850088596343994,4.518436431884766,3.869243878722353,5.952850092395642,0.4861425486862281,linear,-0.10573959350585938,1.7276657819747925
No oil_00040,No oil,0,0.65440598683378,6544,-0.9799423217773438,2.1272225379943848,5.829381942749023,1.702333079485974,6.1402983004559495,0.4786599861024759,blob,0.26800537109375,1.4355177879333496
No oil_00040,No oil,0,0.0623005699568222,623,-1.0280685424804688,2.11285400390625,3.390460968017578,1.7465237103585087,4.4095801341666565,0.6171371966319961,blob,0.03827857971191406,1.8947162628173828
No oil_00040,No oil,0,1.712915670610608,17129,-0.6310901641845703,2.139906644821167,5.9420166015625,1.586974623513043,6.379670177595983,0.5382162102716376,blob,0.014455795288085938,1.6759483814239502
No oil_00040,No oil,0,0.0515004711521083,515,-0.7416248321533203,2.2378458976745605,3.4081382751464844,1.5787601536386833,5.241274663529667,0.7715355805243446,blob,0.33419036865234375,1.12641179561615
No oil_00040,No oil,0,0.1108010136631767,1108,-0.8612632751464844,2.1375577449798584,3.627508163452149,1.469956080950354,6.000779339713827,0.5544158118588942,blob,0.1892566680908203,1.515371561050415
No oil_00040,No oil,0,0.0678006202740377,678,-0.9359893798828124,2.242542266845703,3.996091842651367,1.1812444586348003,6.217744240701571,0.508055451479955,blob,-0.17917633056640625,1.8379788398742676
No oil_00040,No oil,0,0.0687006285077639,687,-1.0860347747802734,2.273841619491577,3.935970306396485,1.4490309115486797,5.373840573028683,0.4978260869565217,blob,-0.4329338073730469,1.8355727195739746
No oil_00040,No oil,0,0.1769016183846205,1769,-0.5874290466308594,2.0219295024871826,3.525829315185547,1.7124696515272115,5.3945371766334524,0.6178833391547328,blob,-0.31069374084472656,1.6189041137695312
No oil_00040,No oil,0,0.1045009560270935,1045,-1.0276985168457031,2.214161872863769,3.6768531799316406,1.6202463021685731,5.694319928682019,0.4666220138423755,blob,0.1752033233642578,1.5569796562194824
No oil_00040,No oil,0,0.065500599232293,655,-0.920207977294922,2.3650052547454834,3.590526580810547,1.643303330431419,6.016265071485549,0.7901085645355851,blob,0.5051631927490234,1.003063440322876
No oil_00040,No oil,0,0.1820016650424021,1820,-0.8024730682373047,2.0916314125061035,3.5634918212890625,1.715454710681347,5.822524003928765,0.3222664895971668,blob,-0.016284942626953125,1.756558895111084
No oil_00040,No oil,0,0.0915008370954933,915,-1.1649818420410156,2.3263094425201416,3.898635864257813,2.297208813596022,5.1659253825513884,0.613682092555332,blob,0.24744224548339844,1.639803409576416
No oil_00040,No oil,0,0.0808007392056378,808,-1.292438507080078,2.136295795440674,3.525985717773437,1.8968826101518492,4.955295196307304,0.6617526617526618,blob,0.4398231506347656,1.2657119035720825
No oil_00040,No oil,0,0.1285011755931246,1285,-0.9513320922851562,2.1063685417175293,3.43179702758789,1.859949384342911,4.545459795308784,0.5711111111111111,blob,-0.32369422912597656,2.13287091255188
No oil_00040,No oil,0,0.0994009093693119,994,-1.12530517578125,2.2765660285949707,4.035594940185547,1.7159782814905278,5.54600268422438,0.5413943355119826,blob,-0.41168212890625,2.0688397884368896
No oil_00040,No oil,0,0.0691006321671977,691,-0.8571014404296875,2.089728832244873,3.7205562591552734,1.6139088340322565,4.471269540954257,0.8091334894613583,blob,0.5044498443603516,1.7080949544906616
No oil_00041,No oil,0,0.0594005434259268,594,-0.8041648864746094,1.936138153076172,3.701004028320313,1.2157531011251683,5.299980179134294,0.7462311557788944,blob,-0.6094913482666016,2.892491340637207
No oil_00041,No oil,0,0.272302491159594,2723,-0.4740562438964844,2.0599169731140137,3.529258728027344,3.466122299604767,4.681874539756846,0.6752634841909485,linear,-0.16625595092773438,1.9621399641036987
No oil_00042,No oil,0,0.6026055129370964,6026,-0.6071510314941406,1.986706018447876,4.197452545166016,1.2228711570027435,4.965781027232983,0.6354864223569734,blob,0.08385658264160156,1.790876865386963
No oil_00042,No oil,0,0.1577014427317957,1577,-0.9582366943359376,2.2274770736694336,4.210807800292969,1.2455443827382673,5.000748615893565,0.4649859943977591,blob,0.2833881378173828,1.5731867551803589
No oil_00042,No oil,0,0.2815025753265726,2815,-0.5820846557617188,2.150649070739746,3.494487762451172,1.5290096292689066,4.80075960316129,0.3854580309461865,blob,0.4296226501464844,1.4709172248840332
No oil_00042,No oil,0,0.0930008508183703,930,-0.8679580688476562,2.253110885620117,3.7006568908691406,1.2412000039865587,4.631427349392616,0.4083424807903403,blob,0.20963096618652344,1.76389479637146
No oil_00042,No oil,0,0.1213011097233152,1213,-0.9056015014648438,2.0545246601104736,4.203041076660156,1.496416709620162,4.702519989387635,0.6057428214731585,blob,-0.17951011657714844,2.1303529739379883
No oil_00042,No oil,0,0.1808016540641006,1808,-0.4368705749511719,1.9529709815979004,3.2524776458740234,1.1402448497830229,4.093254565808838,0.791940429259746,blob,-0.12682723999023438,2.0580506324768066
No oil_00042,No oil,0,0.1712015662376882,1712,-0.5302658081054688,2.014605760574341,3.363758087158203,1.5022830974065169,4.954618089676043,0.3834266517357222,blob,0.38924217224121094,1.398790717124939
No oil_00042,No oil,0,0.3496031983451857,3496,-0.7186737060546875,2.115331649780273,3.997520446777344,3.64102437875149,5.151087277333087,0.4962384669978708,linear,0.4556922912597656,1.682424545288086
No oil_00042,No oil,0,0.1533014024780233,1533,-0.8646354675292969,2.032264471054077,4.012619018554688,1.9721929868155368,4.74757019002718,0.5261712716663807,blob,-0.3393096923828125,1.932841420173645
No oil_00042,No oil,0,0.0893008169686072,893,-0.6299476623535156,2.039670467376709,3.282508850097656,1.6774006966512205,3.97599065670334,0.5753865979381443,blob,0.281585693359375,1.5356781482696533
No oil_00042,No oil,0,0.0610005580636622,610,-0.8810501098632812,2.0872509479522705,3.967491149902344,1.2996442132792034,4.663383140456044,0.6240409207161125,blob,0.45757484436035156,1.1615145206451416
No oil_00042,No oil,0,0.0572005232990406,572,-0.81982421875,2.157841920852661,3.837940216064453,1.4633903466506226,5.530159705593181,0.4366412213740458,blob,-0.9275569915771484,2.681528329849243
No oil_00042,No oil,0,0.0507004638332406,507,-0.8403511047363281,2.06848669052124,3.6782188415527344,2.03046295632712,4.277150133422907,0.572234762979684,blob,-0.18804168701171875,2.2789111137390137
No oil_00043,No oil,0,0.1096010026848751,1096,-0.85455322265625,1.8986905813217163,4.124261856079102,1.9796484223918995,5.365225358502621,0.581278175550252,blob,-0.6139926910400391,2.693948745727539
No oil_00043,No oil,0,0.0903008261171918,903,-1.0516128540039062,1.855136156082153,3.4768295288085938,2.2960844984849955,4.754098186071641,0.6517502706604114,blob,0.20071029663085938,1.4738874435424805
No oil_00043,No oil,0,0.0560005123207391,560,-0.8599891662597656,1.945736289024353,3.4734649658203125,1.891830314189458,4.451708128265001,0.6858542559706062,blob,-0.09775352478027344,2.0765013694763184
No oil_00043,No oil,0,0.2482022706787044,2482,-0.1504631042480468,2.393279552459717,4.384189605712891,4.337461245934116,5.03842392760964,0.6916538943848405,linear,0.06365585327148438,2.1214675903320312
No oil_00045,No oil,0,0.0541004949384282,541,-1.0573463439941406,1.9004926681518557,3.0830249786376958,2.2900935587795423,4.603306413179228,0.5954870665932857,blob,-0.2467212677001953,2.008375644683838
No oil_00047,No oil,0,0.1427013055030263,1427,-0.6805438995361328,1.9577553272247317,3.63789176940918,1.3512209879561112,4.24958657204822,0.692214406985205,blob,0.012041091918945312,0.017550496384501457
No oil_00047,No oil,0,0.0708006477197916,708,-0.7686443328857422,1.9828592538833616,3.4131851196289062,2.1939445390354257,4.355866237696713,0.6629213483146067,blob,-0.08437061309814453,0.006378926802426577
No oil_00047,No oil,0,0.0541004949384283,541,-0.7792739868164062,2.144731044769287,3.2572269439697266,1.3066079384598428,4.936739924186281,0.7184594953519257,blob,-0.022505760192871094,0.01396694965660572
No oil_00047,No oil,0,0.0810007410353548,810,-0.7560958862304688,2.101198434829712,3.603355407714844,1.6858978889993517,4.719548864566827,0.5903790087463557,blob,0.4052104949951172,0.03801768645644188
No oil_00047,No oil,0,0.077800711759884,778,-0.5921745300292969,2.0313377380371094,4.0838470458984375,1.4010933197853208,4.091716381689642,0.5184938353882039,blob,-0.13729095458984375,0.019185904413461685
No oil_00047,No oil,0,0.0613005608082376,613,-0.6993045806884766,2.139267683029175,3.5615272521972656,3.3969550053297928,4.815582009508592,0.541280353200883,linear,0.5733356475830078,0.0
No oil_00047,No oil,0,0.0898008215428995,898,-0.7658004760742188,2.089029312133789,3.3980064392089844,1.3766665952047652,4.757521155152708,0.4618153767035227,blob,-0.7108650207519531,0.07240927219390869
No oil_00047,No oil,0,0.0851007785445517,851,-0.8705463409423828,2.1848201751708984,3.883472442626953,1.0364492503619405,5.035444900266231,0.5553017944535074,blob,0.21849441528320312,0.0
No oil_00047,No oil,0,0.0761006962072901,761,-0.633941650390625,2.0299887657165527,3.174375534057617,1.2625150406910246,4.287561720773564,0.7152255639097744,blob,0.1106719970703125,0.0013704763259738684
No oil_00047,No oil,0,0.0553005059167298,553,-0.6246128082275391,2.0238289833068848,3.314857482910156,2.296607826940824,4.116749665002575,0.6189143816452154,blob,-0.03479290008544922,0.11498212069272995
No oil_00047,No oil,0,0.1771016202143374,1771,-0.6325569152832031,1.9999587535858157,3.745267868041992,1.4273523704717794,4.061945287497164,0.5284201103983291,blob,-0.015865325927734375,0.013300781138241291
No oil_00047,No oil,0,0.0558005104910222,558,-0.7964744567871094,2.0742359161376958,3.341796875,1.4297714241456276,4.861490619970892,0.6809029896278218,blob,-0.35529041290283203,0.06227748841047287
No oil_00048,No oil,0,0.1547014152860417,1547,-0.8673038482666016,2.5998435020446777,4.749664306640625,2.310504475270593,5.541232538656126,0.5627500909421608,blob,-0.4982490539550781,2.1061861515045166
No oil_00048,No oil,0,0.0509004656629574,509,-1.1211051940917969,2.569541454315185,4.151857376098633,2.395733232581692,5.392307591876125,0.513363590519415,blob,0.13412094116210938,1.7928181886672974
No oil_00048,No oil,0,0.1634014948787279,1634,-0.8467788696289062,2.4530253410339355,4.216646194458008,3.1917503762701447,5.556360332364744,0.6564885496183206,linear,0.001941680908203125,1.9365206956863403
No oil_00048,No oil,0,0.0626005727013976,626,-1.1590118408203125,2.494971513748169,3.632156372070313,2.301371119145314,5.308696797457537,0.7010078387458006,blob,0.1560230255126953,1.5729833841323853
No oil_00048,No oil,0,0.056000512320739,560,-0.9336471557617188,2.6485395431518555,4.312160491943359,1.824474647759443,5.748658782938654,0.6504065040650406,blob,0.3250732421875,1.5506893396377563
No oil_00048,No oil,0,0.0582005324476252,582,-1.266510009765625,2.500314950942993,3.897012710571289,1.149616646419122,6.086214667673688,0.6851088875809299,blob,-0.016294479370117188,1.7717558145523071
No oil_00048,No oil,0,0.0503004601738067,503,-1.523820877075195,2.6779580116271973,4.890560150146484,1.921216290602591,6.117308071739336,0.8824561403508772,blob,-0.04418182373046875,1.482523798942566
No oil_00048,No oil,0,0.3348030629461329,3348,-1.128339767456055,2.530153274536133,4.728487014770508,1.135053820286072,6.895594218951421,0.4054986979955187,blob,-0.05409431457519531,1.8443801403045654
No oil_00048,No oil,0,0.0727006651021023,727,-1.0022525787353516,2.4864485263824463,4.214405059814453,1.9251686025744528,6.382740565484831,0.5686351192804068,blob,0.3638458251953125,1.7990931272506714
No oil_00048,No oil,0,0.0986009020504441,986,-1.3690662384033203,2.756686925888061,4.712497711181641,1.409133980520364,6.9348403469373245,0.4450462649514782,blob,-0.1617259979248047,1.6554960012435913
No oil_00048,No oil,0,0.1023009359002073,1023,-0.990558624267578,2.6739227771759038,4.389249801635742,1.98650187984671,5.938011412185597,0.5306016597510373,blob,-0.2555065155029297,1.7280577421188354
No oil_00048,No oil,0,0.1688015442810849,1688,-1.183490753173828,2.5076229572296143,4.440692901611328,1.752716185573829,7.3770515045233855,0.5272528502264563,blob,0.19849777221679688,1.5726760625839233
No oil_00048,No oil,0,0.089700820628041,897,-1.3227195739746094,2.5790114402771,4.219768524169922,2.461651645399455,6.478985869956682,0.5805825242718446,blob,0.11742019653320312,1.4069676399230957
No oil_00048,No oil,0,0.066800611125453,668,-1.2506828308105469,2.648301124572754,4.165002822875977,1.992834007632485,6.80702428708135,0.6325757575757576,blob,-0.029937744140625,1.6705007553100586
No oil_00048,No oil,0,0.169901554344528,1699,-1.2444992065429688,2.5680322647094727,4.215915679931641,2.819163418915533,6.4208264273827576,0.4367047937283125,blob,0.2724781036376953,1.600568175315857
No oil_00048,No oil,0,0.0780007135896008,780,-1.3477210998535156,2.715904712677002,4.373374938964844,1.905458320212289,6.281732294777339,0.625250501002004,blob,0.11798667907714844,1.6294009685516357
No oil_00048,No oil,0,1.7791162762469088,17791,-1.0531654357910156,2.545588731765747,5.640439987182617,1.0958401523269523,6.841676563258599,0.4557587867609386,blob,-0.003376007080078125,1.6886258125305176
No oil_00048,No oil,0,0.1283011737634075,1283,-1.2430305480957031,2.6369662284851074,4.414344787597656,2.2915133414578994,6.7237911903347936,0.7562628941939287,blob,0.24208450317382812,1.2151026725769043
No oil_00048,No oil,0,0.1706015607485372,1706,-1.328388214111328,2.6223385334014893,4.40966796875,1.7213588687976755,7.041589068198912,0.4856939501779359,blob,-0.292694091796875,1.8229024410247803
No oil_00048,No oil,0,0.2808025689225631,2808,-1.174945831298828,2.336076021194458,5.165643692016602,1.3156604398301437,7.376957552028593,0.6458141674333027,blob,0.08561897277832031,1.236819863319397
No oil_00048,No oil,0,0.2031018580775376,2031,-1.545370101928711,2.5312659740448,5.055793762207031,3.112097434517283,7.672834917654786,0.476648674020183,linear,0.10038375854492188,1.5617802143096924
No oil_00048,No oil,0,0.3479031827925915,3479,-1.301717758178711,2.609503507614136,5.034025192260742,1.525575982116998,6.815391078154771,0.299900866341968,blob,-0.21973800659179688,1.8484742641448975
No oil_00048,No oil,0,0.1127010310454874,1127,-1.3286094665527344,2.6596999168396,4.623786926269531,1.3120688706464274,7.16546131951138,0.4115391637757896,blob,-0.4232292175292969,1.8177125453948975
No oil_00048,No oil,0,0.0850007776296932,850,-1.533203125,2.6764016151428223,4.368808746337891,1.8705194050071976,6.449579371571374,0.5077658303464755,blob,0.11069488525390625,1.7417560815811157
No oil_00048,No oil,0,0.1286011765079829,1286,-1.4151382446289062,2.513366460800171,5.113901138305664,1.427240511319669,8.007197692721943,0.5609596510359869,blob,-0.238616943359375,1.6276172399520874
No oil_00048,No oil,0,0.0549005022572959,549,-1.336750030517578,2.7309930324554443,4.625974655151367,2.184015412430793,6.574438514647029,0.6324884792626728,blob,-0.4136180877685547,1.7584336996078491
No oil_00049,No oil,0,0.1743015945983005,1743,-4.000810623168945,8.439842224121094,11.76141357421875,1.8960322709227104,10.920217256697905,0.7373096446700508,blob,-4.877111434936523,1.0031248331069946
No oil_00049,No oil,0,0.0866007922674287,866,-3.9921607971191406,8.346359252929688,11.540372848510742,1.1679370411147416,9.106407880632744,0.7037789516456725,blob,-3.5223960876464844,1.2900937795639038
No oil_00052,No oil,0,0.0584005342773421,584,-0.9389171600341796,1.9585579633712769,3.423236846923828,1.2717998733531222,4.726850934283293,0.9075369075369076,blob,-0.07061576843261719,1.930415153503418
No oil_00052,No oil,0,0.0864007904377117,864,-0.7233600616455078,1.935434103012085,3.2625083923339844,1.3673490507308657,4.272653687923651,0.684085510688836,blob,0.13210487365722656,1.871546983718872
No oil_00052,No oil,0,0.0533004876195605,533,-0.8209476470947266,2.08713173866272,3.3504695892333984,1.437216538996932,3.912250779786421,0.6433313216656609,blob,0.36438751220703125,1.961942195892334
No oil_00052,No oil,0,0.0768007026112993,768,-0.725799560546875,1.9464651346206665,3.81801986694336,2.8704324331943414,4.464263158305358,0.6331409727947238,blob,-0.5312213897705078,2.4537856578826904
No oil_00052,No oil,0,0.0942008617966718,942,-0.7622051239013672,2.024454116821289,4.553249359130859,2.6775051909119933,4.618225216676042,0.6101036269430051,blob,0.15450096130371094,1.9103342294692993
No oil_00052,No oil,0,0.0827007565879486,827,-0.6351242065429688,1.96597957611084,3.625202178955078,2.263650061933502,5.220970516007472,0.6949579831932773,blob,0.02571868896484375,1.7809333801269531
No oil_00052,No oil,0,0.0536004903641359,536,-0.4624156951904297,2.047677755355835,3.3411693572998047,1.25578394718746,3.824640271542213,0.4760213143872113,blob,-0.06855392456054688,2.863956928253174
No oil_00053,No oil,0,1.239911343330078,12399,-0.0148239135742187,2.908726215362549,7.631847381591797,2.39650033283504,4.946930591140441,0.8642526051650228,blob,0.36255931854248047,1.5813066959381104
No oil_00054,No oil,0,0.1314012021240194,1314,-0.0136032104492187,3.028339385986328,5.215373992919922,6.868111507304285,4.691277315292809,0.6373999514916323,linear,0.3181171417236328,2.997041702270508
No oil_00057,No oil,0,0.0582005324476253,582,-2.5618972778320312,9.160967826843262,12.632587432861328,1.8026929949393111,6.8732283459405625,0.8350071736011477,blob,-2.2255048751831055,2.142439126968384
No oil_00057,No oil,0,0.150201374117411,1502,-2.1951904296875,8.799635887145996,12.375116348266602,1.825622877965289,9.22127468023266,0.7111742424242424,blob,-1.3330879211425781,1.5534906387329102
No oil_00057,No oil,0,4.601542097212162,46015,-2.960123062133789,8.88459587097168,13.036145210266112,1.6182500909966204,9.02065762255561,0.6453264146974266,blob,-1.8057260513305664,1.6837477684020996
No oil_00057,No oil,0,0.0783007163341763,783,-3.071746826171875,9.437981605529783,12.383012771606444,1.041640686784205,8.214419281845238,0.6844405594405595,blob,-1.2247896194458008,0.42476382851600647
No oil_00057,No oil,0,0.1399012798869893,1399,-3.0648326873779297,8.876254081726074,12.646824836730955,1.4455860023914178,9.779038306480912,0.6930889274213525,blob,-3.303895950317383,2.785616874694824
No oil_00058,No oil,0,0.0553005059167298,553,-5.022634506225586,9.112838745117188,12.314753532409668,1.866493990787069,9.920840873941456,0.8647380766223612,blob,-3.0520849227905273,1.324773907661438
No oil_00059,No oil,0,0.2317021197270581,2317,-4.601404190063477,9.315474510192873,12.87998390197754,2.762040208869453,12.1129257464707,0.4984939759036144,blob,-1.955057144165039,1.3226312398910522
No oil_00059,No oil,0,0.6034055202559641,6034,-7.71422004699707,11.169637680053713,14.727812767028809,2.251905481105011,16.59384945756809,0.4322194763797858,blob,-5.621986389160156,3.5233163833618164
No oil_00059,No oil,0,0.059000539766493,590,-3.413238525390625,9.373952865600586,12.46160888671875,2.138432156732715,11.681742068646926,0.7783641160949868,blob,-1.753983497619629,0.4455786347389221
No oil_00059,No oil,0,0.2103019239473471,2103,-3.974790573120117,8.733830451965332,12.643292427062988,3.3443069536635512,11.504407046813656,0.6946325350949628,linear,-1.515742301940918,0.40490084886550903
No oil_00059,No oil,0,0.1432013100773186,1432,-5.028844833374023,9.758404731750488,12.767359733581545,2.2173025338889687,13.752843493667822,0.7306122448979592,blob,-2.2556371688842773,1.4681626558303833
No oil_00059,No oil,0,0.0733006705912531,733,-5.350086212158203,9.499672889709473,12.523193359375,2.000568404855242,13.780645352389802,0.8249859313449635,blob,-4.5786237716674805,2.091545343399048
No oil_00059,No oil,0,0.1175010749586937,1175,-3.912691116333008,9.132959365844728,12.611738204956056,3.203844761498328,10.831211060338685,0.5070118662351673,linear,-1.6182994842529297,0.9001711010932922
No oil_00059,No oil,0,0.0641005864242746,641,-4.90687370300293,8.849601745605469,12.113566398620604,1.9858404752861116,9.649913225439102,0.9015471167369902,blob,-2.8585081100463867,1.6015644073486328
No oil_00059,No oil,0,0.1225011207016168,1225,-3.5996570587158203,9.000066757202148,12.33926773071289,1.3866885342932451,10.428585019908704,0.7513032812020852,blob,-1.0715227127075195,0.41265517473220825
No oil_00059,No oil,0,0.1401012817167062,1401,-4.964092254638672,9.392416000366213,12.320127487182615,2.386121631429824,11.877033334837158,0.6596045197740112,blob,-2.8433847427368164,1.7205880880355835
No oil_00059,No oil,0,1.04730958131268,10473,-8.149198532104492,11.717248916625977,15.206412315368652,1.888128893083395,15.697180240957108,0.3858240159148262,blob,-7.837514877319336,5.3018574714660645
No oil_00059,No oil,0,0.0513004693223913,513,-5.958967208862305,10.01710033416748,13.023340225219728,1.9794713428470712,12.438315527426706,0.9837008628954936,blob,-3.82220458984375,2.0635619163513184
No oil_00059,No oil,0,0.2340021407688027,2340,-3.683996200561523,8.902702331542969,12.097038269042969,1.4121257101997444,9.225175339658533,0.6276824034334764,blob,-3.5603065490722656,1.4161509275436401
No oil_00059,No oil,0,0.1753016037468851,1753,-3.658721923828125,9.039874076843262,12.592214584350586,1.6602855749765046,11.223009535688025,0.8127028280018544,blob,-1.8034582138061523,0.8850216269493103
No oil_00059,No oil,0,0.0571005223841822,571,-6.14765739440918,9.33225154876709,11.781693458557127,3.182097279028096,12.46052889317481,0.7854195323246217,linear,-2.5977115631103516,0.45448338985443115
No oil_00059,No oil,0,0.0679006211888961,679,-5.33782958984375,9.553788185119627,12.481070518493652,1.2734961656924428,11.546765430081216,0.875,blob,-1.7658796310424805,1.5169894695281982
No oil_00059,No oil,0,0.2230020401343719,2230,-4.568580627441406,9.057031631469728,12.57783031463623,2.2619011905970656,9.894956485366947,0.6216894340674658,blob,-1.9722938537597656,1.2926998138427734
No oil_00059,No oil,0,0.1009009230921888,1009,-3.714357376098633,8.375207901000977,11.729883193969728,3.7140257812950495,8.219636596576724,0.8049461507778221,linear,-4.946201324462891,1.804434895515442
No oil_00059,No oil,0,0.0632005781905484,632,-3.3293609619140625,9.434191703796388,12.385726928710938,1.6209066856623322,10.265938370190936,0.7890137328339576,blob,-0.8698959350585938,0.8790101408958435
No oil_00059,No oil,0,0.9138083599766323,9138,-5.042453765869141,9.35544776916504,12.894476890563965,1.1438246062874124,11.69325766714373,0.5091375083574772,blob,-2.456944465637207,1.933763861656189
No oil_00059,No oil,0,0.0733006705912531,733,-4.115669250488281,9.146985054016112,13.19748592376709,4.803275437874984,11.71104269707618,0.6458149779735682,linear,-4.5786237716674805,2.091545343399048
No oil_00059,No oil,0,0.2246020547721073,2246,-3.7732887268066406,8.734015464782715,12.469523429870604,1.8692226365681504,9.89445235384342,0.5277875690283163,blob,-3.5320892333984375,1.7643406391143799
No oil_00059,No oil,0,0.1205011024044475,1205,-5.557159423828125,9.659795761108398,12.621086120605469,1.301404634336926,13.124143816214737,0.5179454115624328,blob,-4.0442047119140625,2.254690408706665
No oil_00059,No oil,0,0.1168010685546844,1168,-4.818429946899414,9.316253662109377,13.632354736328123,1.5007496656400388,14.61090570146746,0.5674034491134321,blob,-2.029177665710449,0.6348989009857178
No oil_00059,No oil,0,0.0893008169686072,893,-3.368875503540039,8.887160301208496,12.467225074768066,1.381920728706244,10.734625336254725,0.5878867676102699,blob,-1.8865413665771484,1.3750667572021484
No oil_00059,No oil,0,0.1348012332292077,1348,-3.228675842285156,8.927045822143555,12.278274536132812,2.523588462758957,9.839895181612508,0.7017178552837064,blob,-2.0202760696411133,0.8539327383041382
No oil_00059,No oil,0,0.4345039750600205,4345,-4.6733245849609375,8.834639549255371,12.794840812683104,1.29762194006043,11.812691681152309,0.5986085279327685,blob,-1.882176399230957,1.1521093845367432
No oil_00059,No oil,0,0.245302244147809,2453,-4.054140090942383,9.442967414855955,12.775551795959473,1.7661274943060192,12.37246824631356,0.5044730077120823,blob,-1.7583885192871094,1.177135944366455
No oil_00059,No oil,0,0.0668006111254531,668,-5.075611114501953,9.278218269348145,12.580307006835938,1.706355732562368,14.554258518331205,0.8272445820433436,blob,-2.5332984924316406,1.1317650079727173
No oil_00059,No oil,0,0.0501004583440898,501,-4.511363983154297,9.53805160522461,12.988076210021973,3.548644680506807,14.310789741273318,0.8384937238493724,linear,-2.9509449005126953,1.6589555740356445
No oil_00059,No oil,0,0.0797007291421948,797,-3.677206039428711,9.10992431640625,12.296723365783691,1.916861540010964,9.805632258209556,0.8597626752966558,blob,-1.6256647109985352,1.2853965759277344
No oil_00059,No oil,0,0.138101263419537,1381,-3.866739273071289,9.01913070678711,13.15297794342041,2.794979806065854,11.354545112354652,0.847239263803681,blob,-2.0436248779296875,0.9669414758682251
No oil_00059,No oil,0,0.1158010594060998,1158,-3.9268627166748047,8.880528450012207,13.027955055236816,1.172930644959146,11.56487954362844,0.619416956405456,blob,-1.5599260330200195,0.7550672888755798
No oil_00059,No oil,0,0.8611078778462226,8611,-6.448223114013672,10.76186466217041,14.196775436401367,1.9769970161788568,13.672329964345977,0.5665131578947369,blob,-6.636284828186035,4.539975643157959
No oil_00059,No oil,0,0.4241038799147404,4241,-4.013765335083008,9.52816390991211,13.77641773223877,1.2549444596596435,12.898021545010462,0.3956894943086396,blob,-1.912400245666504,1.3914997577667236
No oil_00059,No oil,0,0.1172010722141183,1172,-4.501720428466797,9.224650382995604,13.106484413146973,1.6109104214832726,13.601851634619418,0.6503884572697003,blob,-2.220667839050293,1.344016432762146
No oil_00059,No oil,0,0.0779007126747424,779,-3.396810531616211,8.880274772644043,12.377514839172363,1.746001863209378,13.544345958035754,0.8110359187922956,blob,-1.2824134826660156,0.2863287925720215
No oil_00059,No oil,0,0.8907081486443275,8907,-4.853872299194336,9.467081069946287,13.532596588134766,2.6718384582133936,13.338310760350184,0.4088499231139978,blob,-2.1786108016967773,1.0479546785354614
No oil_00059,No oil,0,0.0943008627115303,943,-3.986307144165039,9.036848068237305,13.207989692687988,1.3317122319402022,11.816600272572463,0.7626364739183178,blob,-2.6047182083129883,1.8754634857177734
No oil_00059,No oil,0,0.0743006797398378,743,-3.224508285522461,9.306251525878906,12.457463264465332,2.037904786801368,11.591283412124428,0.7006129184347006,blob,-1.6499433517456055,1.2601898908615112
No oil_00059,No oil,0,0.0761006962072901,761,-3.654695510864258,8.803694725036621,12.14877700805664,1.263525064822871,9.73281363663468,0.7575908412145346,blob,-1.700185775756836,0.09265803545713425
No oil_00059,No oil,0,0.1200010978301552,1200,-4.184268951416016,9.121551513671877,13.26307773590088,1.1731246223995422,10.91582661359764,0.4802881729037422,blob,-2.086793899536133,0.2461356371641159
No oil_00059,No oil,0,0.0506004629183821,506,-4.759033203125,9.770599365234377,13.27273178100586,1.6519940880535722,13.312178556981571,0.9702780441035476,blob,-2.5765914916992188,0.8139926791191101
No oil_00059,No oil,0,0.0765006998667239,765,-4.014568328857422,9.190862655639648,12.66156005859375,3.581259400001896,9.874860627664985,0.7956318252730109,linear,-4.17805290222168,1.7719212770462036
No oil_00059,No oil,0,0.0624005708716807,624,-5.785825729370117,9.718979835510254,13.14541244506836,1.3652127541043653,18.11391135692809,0.7918781725888325,blob,-2.9505605697631836,0.711086094379425
No oil_00059,No oil,0,0.3373030858175947,3373,-4.107231140136719,8.992374420166016,12.920583724975586,1.520822982660333,11.551721968093574,0.58665970953996,blob,-2.041872978210449,1.0748578310012817
No oil_00059,No oil,0,0.0606005544042284,606,-6.423007965087891,11.018959045410156,14.112403869628906,2.3267205985558963,11.7465537772407,0.90990990990991,blob,-3.059737205505371,1.4965882301330566
No oil_00059,No oil,0,0.2276020822178611,2276,-4.27192497253418,9.111151695251465,12.680631637573242,1.4453775496794534,12.43367404765738,0.5854662379421222,blob,-1.8777494430541992,0.5621706247329712
No oil_00059,No oil,0,0.4072037253036602,4072,-5.064460754394531,9.631705284118652,14.08583927154541,3.069933055022044,13.313171392285817,0.6126071912140816,linear,-2.7962169647216797,1.497208595275879
No oil_00059,No oil,0,0.1071009798134135,1071,-4.072444915771484,9.04179573059082,12.457497596740724,2.5682004174305817,11.673916793736415,0.7360824742268042,blob,-3.1911792755126953,1.4051886796951294
No oil_00059,No oil,0,0.2422022157871967,2422,-2.791585922241211,8.813925743103027,12.907014846801758,1.8780668666640743,10.55390482015418,0.6777668952007836,blob,-0.8145027160644531,0.5421844124794006
No oil_00059,No oil,0,0.0752006879735639,752,-3.197416305541992,9.158196449279783,12.365917205810549,3.0306325868304254,12.22502195926108,0.8346281908990011,linear,-2.297576904296875,2.4072420597076416
No oil_00059,No oil,0,0.0554005068315883,554,-4.973087310791016,9.339428901672363,12.737123489379885,2.0794679070775604,12.499682938288585,0.8536209553158706,blob,-2.3143720626831055,0.42272838950157166
No oil_00059,No oil,0,0.0580005306179083,580,-4.296363830566406,9.817781448364258,13.563451766967772,1.1115930930820763,12.70497923944026,0.8682634730538922,blob,-0.6545696258544922,0.6717687249183655
No oil_00059,No oil,0,0.1303011920605769,1303,-4.650796890258789,9.021647453308104,12.87979793548584,1.6733786608966783,10.74316839818417,0.7056593555375034,blob,-2.953213691711426,0.4577772617340088
No oil_00060,No oil,0,0.2437022295100736,2437,-2.5293922424316406,8.89900016784668,12.640745162963867,1.0682152712785986,7.979864062260537,0.7762382544991241,blob,-1.4155550003051758,1.0278679132461548
No oil_00060,No oil,0,0.7306066839559286,7306,-2.785249710083008,8.890515327453613,12.573254585266112,1.6193269931539078,9.429778281711702,0.4996922235141235,blob,-2.0305166244506836,2.2869505882263184
No oil_00060,No oil,0,1.3123120056876063,13123,-2.648935317993164,8.841757774353027,13.585199356079102,1.2188977926377216,9.018709440571444,0.6167547879215133,blob,-1.5723686218261719,1.8245214223861694
No oil_00060,No oil,0,0.0757006925478562,757,-3.906614303588867,9.489143371582031,12.194272994995115,1.518078448401479,10.18130866601416,0.7816210635002582,blob,-1.896291732788086,1.4816527366638184
No oil_00060,No oil,0,0.2041018672261224,2041,-2.986116409301758,9.140339851379396,12.201044082641602,1.403833392454593,10.219069045248478,0.8816414686825054,blob,-1.6354970932006836,1.9148337841033936
No oil_00060,No oil,0,1.2324112747156946,12324,-2.0911788940429688,8.60232925415039,12.435352325439451,1.1445530919066238,8.87375254344418,0.6415241664714609,blob,-0.9691162109375,1.429800033569336
No oil_00060,No oil,0,0.1452013283744878,1452,-2.811573028564453,8.752691268920898,12.47059726715088,1.5363743866612602,8.967336680288598,0.6845827439886846,blob,-1.8251285552978516,1.6754498481750488
No oil_00060,No oil,0,0.2335021361945104,2335,-2.277551651000977,8.876297950744629,12.610204696655272,1.0883475944894652,8.761263814309686,0.8586137157565729,blob,-1.9912567138671875,1.9947658777236938
No oil_00060,No oil,0,0.1624014857301434,1624,-4.723533630371094,9.055511474609377,12.26643180847168,18.319970925802178,8.836769258010943,0.8146476047153248,linear,-2.0338687896728516,0.9846138954162598
No oil_00060,No oil,0,1.651115105228078,16511,-4.225940704345703,8.986153602600098,12.83176326751709,1.1528031169499835,9.7577289371353,0.5027633562217384,blob,-2.605523109436035,2.153400182723999
No oil_00060,No oil,0,0.0517004729818252,517,-5.318180084228516,9.79224681854248,12.976573944091797,1.8088361027339763,15.244065654713593,0.8258785942492013,blob,-1.6969480514526367,0.8812219500541687
No oil_00060,No oil,0,0.056200514150456,562,-5.563348770141602,9.264737129211426,12.95592212677002,1.6432398192411,10.796979843505593,0.7735719201651755,blob,-5.020262718200684,1.0886545181274414
No oil_00060,No oil,0,0.0519004748115421,519,-5.748086929321289,9.948163032531738,12.22647762298584,1.9348005952945055,15.241965572113976,0.9210292812777284,blob,-3.440249443054199,1.6488796472549438
No oil_00060,No oil,0,0.1319012066983123,1319,-6.239828109741211,9.597404479980469,12.665703773498535,2.7975112599199066,10.657685751730536,0.6850168787327967,blob,-3.4633569717407227,1.2401001453399658
No oil_00060,No oil,0,0.076300698037007,763,-4.475725173950195,8.782637596130371,12.3225679397583,1.9065161987247807,11.632419170816194,0.8230852211434736,blob,-2.6621904373168945,1.8551775217056274
No oil_00060,No oil,0,0.3052027921480282,3052,-1.7266311645507812,8.796956062316895,12.482043266296388,1.4875877336770598,9.986611006015911,0.6718027734976888,blob,-1.652597427368164,1.3048750162124634
No oil_00060,No oil,0,0.0982008983910104,982,-3.9042816162109375,9.78332805633545,12.49915599822998,1.2628267820516963,11.983683478464268,0.9190453907346748,blob,-0.9043493270874023,0.7713963389396667
No oil_00060,No oil,0,0.0585005351922006,585,-9.034649848937988,10.46165657043457,13.23008155822754,2.384737246884655,16.932648368328003,0.87248322147651,blob,-9.018887519836426,3.4025938510894775
No oil_00060,No oil,0,0.1542014107117495,1542,-5.403205871582031,9.299724578857422,12.27783203125,1.227147198196135,9.291230700189018,0.8117925769939458,blob,-2.231316566467285,1.387497901916504
No oil_00060,No oil,0,0.2183019971360241,2183,-2.650812149047852,8.842450141906738,12.21311378479004,1.2285423634972688,9.858407518538929,0.6575301204819277,blob,-2.2010555267333984,1.3348932266235352
No oil_00060,No oil,0,0.097700893816718,977,-5.864961624145508,9.860376358032228,13.075922966003418,1.5865277577249512,14.996389109872446,0.6744908526061443,blob,-3.947519302368164,1.3578404188156128
No oil_00060,No oil,0,0.1776016247886298,1776,-3.397150039672852,9.46311378479004,13.204130172729492,1.6515548453887263,11.169811465007372,0.6408082265920981,blob,-2.43325138092041,2.1010191440582275
No oil_00060,No oil,0,0.0674006166146038,674,-3.0470428466796875,9.162792205810549,12.427770614624023,1.4319462300160122,10.900534785242398,0.8042959427207638,blob,-1.127018928527832,1.1480612754821777
No oil_00060,No oil,0,0.1047009578568104,1047,-4.401449203491211,9.20171356201172,12.417398452758787,1.1906731298522897,10.393952386710096,0.790785498489426,blob,-2.761659622192383,1.3825161457061768
No oil_00060,No oil,0,0.0695006358266316,695,-3.742715835571289,9.13942050933838,12.513669967651367,1.238065429536324,10.318785490731932,0.7461084272678475,blob,-2.1826744079589844,1.3379508256912231
No oil_00060,No oil,0,0.189101729997353,1891,-4.421028137207031,9.953235626220703,13.539226531982422,2.1033997221962943,12.896303242120556,0.6328647925033467,blob,-3.3860321044921875,1.5958195924758911
No oil_00060,No oil,0,0.3654033428928228,3654,-3.4580078125,9.175257682800291,13.33138656616211,1.4340561284468365,11.637258993576598,0.6166047924400945,blob,-1.3592910766601562,0.8857503533363342
No oil_00060,No oil,0,0.0609005571488038,609,-3.138345718383789,9.297117233276367,12.5379638671875,1.4691073527830454,11.425218333223675,0.810918774966711,blob,-3.055830955505371,2.0007991790771484
No oil_00060,No oil,0,0.1552014198603341,1552,-4.120092391967773,9.584922790527344,13.09665298461914,2.4670291539782667,14.27648872367245,0.6600042526047204,blob,-2.8807382583618164,1.7051845788955688
No oil_00061,No oil,0,0.0522004775561174,522,-0.6895904541015625,2.01428747177124,3.0183334350585938,1.5235703552280897,3.750332901310528,0.5845464725643897,blob,0.052852630615234375,1.5506542921066284
No oil_00061,No oil,0,0.1377012597601027,1377,-0.4740200042724609,1.788764238357544,3.2741355895996094,1.4008146576663452,3.5124397200381527,0.7603533959138598,blob,-0.1302490234375,2.2757606506347656
No oil_00062,No oil,0,0.1319012066983123,1319,-4.99699592590332,10.117157936096191,13.473941802978516,1.947734628942672,12.233198738233323,0.8321766561514196,blob,-3.8800525665283203,2.1972081661224365
No oil_00062,No oil,0,0.0660006038065854,660,-5.422565460205078,10.546669006347656,12.810601234436035,1.3505248741667055,14.799633900961656,0.8588158750813273,blob,-4.0791778564453125,3.172268867492676
No oil_00062,No oil,0,0.2446022377437998,2446,-3.196979522705078,9.744166374206545,12.802886962890623,2.7934011378632397,11.3764343862736,0.7678543399780254,blob,-1.2657089233398438,1.120963454246521
No oil_00062,No oil,0,0.1484013576499586,1484,-5.312658309936523,9.554132461547852,13.08742332458496,1.820360215765932,10.101351351608995,0.7288801571709234,blob,-6.248368263244629,3.8479514122009277
No oil_00062,No oil,0,0.1923017592728238,1923,-3.240520477294922,9.798213958740234,13.153057098388672,1.937639861627479,9.610627707070345,0.8798901853122855,blob,-1.9642133712768555,1.8842573165893555
No oil_00062,No oil,0,0.1137010401940721,1137,-2.5482330322265625,9.414606094360352,13.350019454956056,2.0870608688057524,9.575666010056976,0.842534271952575,blob,-1.934706687927246,1.8350727558135986
No oil_00062,No oil,0,1.5189138957851904,15189,-3.067712783813477,9.45884132385254,13.491597175598145,1.9692590058602404,9.729934751007468,0.5290030474531998,blob,-2.1979217529296875,2.4350392818450928
No oil_00062,No oil,0,0.1150010520872321,1150,-4.505548477172852,9.786102294921877,13.01746940612793,1.1928763046021902,9.336977113645444,0.7068223724646588,blob,-1.289576530456543,0.6862162351608276
No oil_00062,No oil,0,0.152801397903731,1528,-2.9815731048583984,9.449369430541992,12.995615005493164,2.517862690216029,11.367440653433174,0.8272874932322686,blob,-1.792215347290039,1.857176423072815
No oil_00062,No oil,0,1.3411122691668436,13411,-2.6608943939208984,9.460662841796877,13.363901138305664,1.4348335493501403,8.70377337653683,0.5253858810624461,blob,-1.691263198852539,0.8406569361686707
No oil_00062,No oil,0,1.6548151390778412,16548,-3.71626091003418,9.613582611083984,13.369169235229492,2.0764176424641723,10.237758088899117,0.4117903223799629,blob,-2.128446578979492,1.3484917879104614
No oil_00062,No oil,0,0.0511004674926744,511,-4.116865158081055,10.196019172668455,14.032438278198242,1.512535019515246,11.712003195177967,0.7953307392996108,blob,-2.542757987976074,1.2723362445831299
No oil_00062,No oil,0,0.1099010054294505,1099,-3.332643508911133,9.600193977355955,13.185688018798828,1.946039405744843,10.012992993355448,0.6830329397141082,blob,-1.978987693786621,0.8968753218650818
No oil_00062,No oil,0,0.1083009907917151,1083,-2.8082504272460938,9.339347839355469,12.659793853759766,1.4113996343785782,8.304279913323096,0.891358024691358,blob,-1.9031810760498047,2.00874400138855
No oil_00062,No oil,0,0.052100476641259,521,-5.943454742431641,10.577780723571776,12.751577377319336,1.6927970547386857,11.310597847778206,0.941282746160795,blob,-1.899195671081543,1.1355732679367065
No oil_00062,No oil,0,0.1440013173961863,1440,-3.5479183197021484,9.544389724731444,12.836910247802734,1.4394330060368326,11.30141482393101,0.6860409718913768,blob,-2.3169145584106445,1.4296659231185913
No oil_00062,No oil,0,0.0567005187247483,567,-4.61564826965332,9.815065383911133,12.79169464111328,2.706962873144398,11.131764497879429,0.7397260273972602,blob,-0.9472780227661133,0.34711360931396484
No oil_00062,No oil,0,0.301702760127982,3017,-4.146339416503906,9.559979438781738,14.31063461303711,1.753559537923262,11.27070814575868,0.6329591943774258,blob,-1.3452482223510742,0.6220938563346863
No oil_00062,No oil,0,0.5372049146196618,5372,-3.763025283813477,9.789563179016112,12.969039916992188,1.0747981094245886,10.278559579956104,0.6083116294870343,blob,-1.7195911407470703,1.339431881904602
No oil_00062,No oil,0,0.0695006358266316,695,-5.859107971191406,10.124032974243164,13.144733428955078,2.0371707185947017,13.16017531797128,0.7135523613963038,blob,-2.2442550659179688,0.6456629633903503
No oil_00063,No oil,0,0.5536050646564484,5536,-0.0237960815429687,3.4505536556243896,6.938259124755859,1.2833110033346344,5.60587184125725,0.8200266627166346,blob,-0.06994056701660156,1.6576051712036133
No oil_00063,No oil,0,0.0668006111254529,668,-0.7254180908203125,1.9424946308135984,3.1406021118164062,1.382928843035775,4.361907252833535,0.4821364128473475,blob,-0.09161186218261719,1.7881875038146973
No oil_00063,No oil,0,0.0963008810086994,963,-0.6573600769042969,1.8859021663665767,3.505159378051758,1.836806274466232,4.098958961285753,0.755590427618674,blob,-0.5174331665039062,1.9281284809112549
No oil_00063,No oil,0,0.1042009532825179,1042,-0.6675777435302734,1.878774881362915,3.204570770263672,2.462556937588646,4.363615290154894,0.6243259436788496,blob,0.01647186279296875,1.8295910358428955
No oil_00065,No oil,0,0.2310021133230484,2310,0.0453357696533203,4.026810646057129,7.354724884033203,1.8302175599139217,7.562808767682073,0.7545320921117099,blob,0.2537403106689453,1.770645022392273
No oil_00065,No oil,0,0.1641015012827369,1641,-0.8935222625732422,1.9889209270477293,3.5535926818847656,1.5834831814582009,4.788928646368875,0.3107954545454545,blob,-0.1610393524169922,1.8476471900939941
No oil_00065,No oil,0,0.0561005132355974,561,-0.7791061401367188,1.999364137649536,3.036630630493164,2.2801239628252525,4.80297444427482,0.7505016722408027,blob,-0.1677112579345703,1.9237498044967651
No oil_00065,No oil,0,0.1754016046617432,1754,-0.9259929656982422,2.009264707565308,3.7949295043945312,1.4410756243750542,4.5630093033347485,0.4806137827099602,blob,0.15076637268066406,1.689296841621399
No oil_00065,No oil,0,0.0950008691155393,950,-0.8287315368652344,2.0187041759490967,3.5453662872314453,1.1176164824627273,5.628132484863277,0.4846938775510204,blob,0.15302658081054688,1.7413935661315918
No oil_00065,No oil,0,0.0989009047950194,989,-0.974365234375,2.1168549060821533,3.472484588623047,1.165148691268797,4.318706441779642,0.4408290617338979,blob,0.20158958435058594,1.5499626398086548
No oil_00065,No oil,0,0.1313012012091612,1313,-0.8111553192138672,2.072884082794189,3.869550704956055,4.093019527750339,6.020052832172702,0.7764636309875813,linear,0.1324176788330078,1.5500949621200562
No oil_00065,No oil,0,0.1385012670789705,1385,-0.9421329498291016,2.087042808532715,3.718250274658203,2.3439901198960613,5.529842924893443,0.5756442227763924,blob,0.2372417449951172,1.6416372060775757
No oil_00065,No oil,0,0.0568005196396067,568,-0.7780723571777344,1.9512591361999512,3.122957229614258,1.7716745529027125,5.185622289932264,0.6094420600858369,blob,0.04042816162109375,1.5152766704559326
No oil_00065,No oil,0,0.0603005516596528,603,-0.8196125030517578,1.957566499710083,3.2838611602783203,2.3967400235080065,4.898950797584537,0.6162493612672458,blob,0.035343170166015625,1.4979640245437622
No oil_00065,No oil,0,0.0773007071855915,773,-0.7384433746337891,2.0108416080474854,3.376239776611328,3.0178181460847404,4.321644689305974,0.4519146448406899,linear,-0.2235565185546875,1.7252548933029175
No oil_00065,No oil,0,0.1893017318270695,1893,-0.7295379638671875,1.9742072820663448,3.4246044158935547,1.2706414020768957,5.007016405242765,0.38173018753781,blob,0.027881622314453125,1.837352991104126
No oil_00065,No oil,0,0.2024018516735281,2024,-0.7330951690673828,1.922318935394287,3.9561519622802734,1.7252529815283466,5.081961107998885,0.503357373787615,blob,-0.221038818359375,1.8755589723587036
No oil_00065,No oil,0,0.6778062009106589,6778,-0.6570396423339844,2.0301272869110107,4.47627067565918,1.5048839015542956,5.038450145619343,0.3816119134082144,blob,-0.08822822570800781,1.7966535091400146
No oil_00065,No oil,0,0.3197029248025046,3197,-0.8310699462890625,2.086907148361206,4.956272125244141,1.2593711222106474,4.6720343060337,0.3772493952445572,blob,-0.18577194213867188,1.6714229583740234
No oil_00065,No oil,0,0.1063009724945456,1063,-0.8104629516601562,2.123866558074951,3.6222000122070312,1.6027793691259735,6.385773450658409,0.579923622476814,blob,-0.3388862609863281,1.8772391080856323
No oil_00065,No oil,0,0.0886008105645977,886,-0.7785415649414062,2.1834404468536377,3.3957443237304688,1.7210135987997808,4.601236103096166,0.4884233737596472,blob,-0.04067230224609375,1.7086092233657837
No oil_00065,No oil,0,0.2113019330959313,2113,-0.6590442657470703,2.022216796875,3.675046920776367,1.710730924209458,5.232560931284188,0.5168786692759295,blob,0.02527618408203125,1.643807053565979
No oil_00065,No oil,0,0.1581014463912292,1581,-0.8467330932617188,2.0187742710113525,3.077709197998047,1.858524482418068,4.70175738486861,0.6096009253903991,blob,-0.2398242950439453,1.8687440156936646
No oil_00065,No oil,0,0.2488022761678547,2488,-0.6250057220458984,1.9949480295181277,3.80465316772461,1.188353410929395,4.914154531266342,0.5612452064064968,blob,-0.08960342407226562,1.6656233072280884
No oil_00065,No oil,0,0.0741006779101207,741,-0.8558216094970703,2.0945937633514404,4.030694961547852,1.6581141432941349,5.891748745612581,0.4793014230271669,blob,-0.08605194091796875,1.8536767959594727
No oil_00065,No oil,0,0.1624014857301431,1624,-0.7733516693115234,1.982358455657959,3.880983352661133,1.932795302419644,5.248859590142579,0.4294024325753569,blob,-0.11820030212402344,1.6392271518707275
No oil_00065,No oil,0,0.1733015854497155,1733,-0.7769432067871094,2.0484931468963623,3.295145034790039,2.005428555644303,4.986645730767025,0.4583443533456757,blob,-0.1561260223388672,1.711576223373413
No oil_00065,No oil,0,0.2242020511126729,2242,-0.5121021270751953,1.904335618019104,3.3580188751220703,2.16932870290501,4.820442956483264,0.4460803820135296,blob,-0.0550384521484375,1.6746735572814941
No oil_00065,No oil,0,0.0676006184443206,676,-0.6671676635742188,2.0411572456359863,3.25051498413086,1.229670914275595,5.44196557206571,0.8134777376654633,blob,0.21924209594726562,1.339805245399475
No oil_00065,No oil,0,0.1454013302042044,1454,-0.683258056640625,2.074209451675415,3.574350357055664,1.0311254166205437,5.144066300857969,0.4320950965824666,blob,-0.0253143310546875,1.7165499925613403
No oil_00065,No oil,0,0.2101019221176297,2101,-0.7278499603271484,2.0030198097229004,3.569744110107422,1.5517452859347205,4.751113896748133,0.5248563577317013,blob,0.18001556396484375,1.30958092212677
No oil_00065,No oil,0,0.0745006815695545,745,-0.6373348236083984,2.010523557662964,3.131765365600586,1.5688003316623391,4.555764095671766,0.5926809864757359,blob,0.10424423217773438,1.4691001176834106
No oil_00065,No oil,0,0.4928045084225032,4928,-0.7658119201660156,1.9940963983535769,3.7220516204833984,1.4207666913059505,5.111610690483281,0.3562366718473271,blob,-0.2274169921875,1.8466166257858276
No oil_00065,No oil,0,0.0583005333624836,583,-0.983774185180664,2.176255702972412,3.593791961669922,2.007671538084616,5.458109246026846,0.8085991678224688,blob,-0.010969161987304688,1.4897438287734985
No oil_00065,No oil,0,0.0939008590520963,939,-0.7669506072998047,1.9642316102981567,3.524913787841797,1.1976929154715152,4.775573365902527,0.4338184338184338,blob,-0.48026084899902344,2.0104613304138184
No oil_00065,No oil,0,0.533604881684756,5336,-0.7267055511474609,1.9730730056762693,4.462013244628906,1.6361616430167991,5.392148324743707,0.3539165616501956,blob,-0.07512092590332031,1.6380187273025513
No oil_00065,No oil,0,1.5646143138755044,15646,-0.5033893585205078,2.01588773727417,4.377447128295898,1.0352304024073489,4.920714728426228,0.379757281553398,blob,-0.059558868408203125,1.7688311338424683
No oil_00065,No oil,0,0.0605005534893698,605,-1.0005111694335938,2.1662564277648926,4.233051300048828,1.203306355364038,4.237789627978448,0.5789473684210527,blob,-0.2120342254638672,2.1448328495025635
No oil_00065,No oil,0,0.0624005708716806,624,-0.8790454864501953,2.0937232971191406,3.4397201538085938,2.6878738533355047,4.960551014778261,0.6249374061091637,blob,-0.1850719451904297,1.9394910335540771
No oil_00065,No oil,0,0.058600536107059,586,-0.7509555816650391,2.114030361175537,3.630697250366211,1.527000935381699,6.10727807282036,0.684179801517805,blob,0.3051433563232422,1.4558483362197876
No oil_00065,No oil,0,0.0502004592589481,502,-0.7630691528320312,2.1078884601593018,3.2204551696777344,1.6244885566502436,4.828562630306403,0.8551959114139693,blob,-0.4662742614746094,1.9180753231048584
No oil_00065,No oil,0,0.1311011993794443,1311,-0.7350330352783203,2.045818328857422,3.4274768829345703,1.153038354801709,4.219875112746441,0.3946417820590006,blob,-0.08995628356933594,1.8939893245697021
No oil_00065,No oil,0,1.507413790576464,15074,-0.5076370239257812,2.031390428543091,4.6426849365234375,1.7310468186954022,4.701881861051975,0.6485672489458738,blob,-0.08105087280273438,1.8532780408859253
No oil_00065,No oil,0,0.6450059008370832,6450,-0.6446819305419922,1.9730801582336424,4.299982070922852,1.1225078360111316,4.816248022200735,0.3885425137797054,blob,0.03717231750488281,1.677355408668518
No oil_00065,No oil,0,0.0518004738966835,518,-0.8818264007568359,1.9481651782989504,3.2225284576416016,2.068863047646815,5.935091584112404,0.6675257731958762,blob,-0.01375579833984375,1.4853209257125854
No oil_00065,No oil,0,0.1196010941707211,1196,-0.7860946655273438,1.9869370460510252,3.597871780395508,1.530125023287519,5.560229525047718,0.4660042859925969,blob,-0.051174163818359375,1.2956966161727905
No oil_00065,No oil,0,0.2594023731428517,2594,-0.7259159088134766,2.048031806945801,3.604940414428711,2.074291594714127,5.036741405334866,0.5246233188391142,blob,-0.24440956115722656,1.8680936098098755
No oil_00065,No oil,0,0.1776016247886294,1776,-0.7174301147460938,2.0557427406311035,3.346857070922852,1.4940378520586248,5.166295332075276,0.4064538276690697,blob,0.053073883056640625,1.4706921577453613
No oil_00065,No oil,0,2.218220293390416,22182,-0.6162643432617188,1.9742122888565063,4.291019439697266,2.6163231486415746,4.837653258962275,0.4675160443868357,blob,-0.01265716552734375,1.653246283531189
No oil_00065,No oil,0,0.0593005425110682,593,-0.6146659851074219,2.070964336395264,3.580385208129883,2.3506147874959864,5.3277894002309925,0.6038696537678208,blob,-0.03576850891113281,1.353545069694519
No oil_00065,No oil,0,0.5604051268668239,5604,-0.6883792877197266,2.024054288864136,3.7372970581054688,1.8990473715789515,5.098596455101062,0.5519550871663548,blob,-0.043560028076171875,1.7950738668441772
No oil_00065,No oil,0,0.0995009102841702,995,-0.7742977142333984,2.0309395790100098,3.37666130065918,1.99311117214161,3.9720824385128566,0.6201308818946712,blob,0.35038185119628906,1.5781069993972778
No oil_00065,No oil,0,0.6197056693778922,6197,-0.5215682983398438,1.9918745756149288,3.684768676757813,1.8870457482933536,4.653785502260938,0.4101664625872853,blob,-0.17174530029296875,1.664967656135559
No oil_00065,No oil,0,0.0614005617230959,614,-0.679229736328125,2.104328155517578,3.1240711212158203,2.288515292588749,5.200014526990638,0.7094165222414789,blob,0.07201385498046875,1.6307579278945923
No oil_00065,No oil,0,0.2526023109324763,2526,-0.5782318115234375,2.004852771759033,4.379924774169922,2.0927150169652067,4.582114194328342,0.4535008976660682,blob,0.261260986328125,1.4575570821762085
No oil_00065,No oil,0,0.0632005781905483,632,-0.6826801300048828,2.0662319660186768,3.1679649353027344,1.3109981433614732,4.314454655715836,0.5686009896536213,blob,0.3319740295410156,1.5278092622756958
No oil_00065,No oil,0,0.0628005745311144,628,-0.1190757751464843,3.627916574478149,8.224071502685547,3.009918308805829,4.06364768617108,0.8046124279308136,linear,0.48837852478027344,1.9950907230377197
No oil_00065,No oil,0,0.065300597402576,653,-0.6063461303710938,1.939908504486084,3.437051773071289,1.841440081390197,4.755104852491226,0.7160087719298246,blob,-0.07913398742675781,1.8250374794006348
No oil_00066,No oil,0,0.3055027948926029,3055,-0.6307182312011719,2.0204551219940186,3.737386703491211,1.200879356746078,5.053271459140373,0.4988569562377531,blob,-0.16596221923828125,1.7080079317092896
No oil_00066,No oil,0,0.0803007346313453,803,-0.6541881561279297,2.0358822345733643,3.2618350982666016,1.5678226682363026,3.9152117792600727,0.5979151154132539,blob,-0.015567779541015625,1.4867032766342163
No oil_00066,No oil,0,0.1017009304110563,1017,-0.5716800689697266,2.0315682888031006,3.752281188964844,1.5351051476224702,4.496555919399251,0.7760396795116368,blob,-0.25749969482421875,1.7719508409500122
No oil_00066,No oil,0,0.0902008252023331,902,-0.7952556610107422,2.078575372695923,3.599908828735352,3.2194745431678853,4.90583963730421,0.4691807542262678,linear,0.21469879150390625,1.470710039138794
No oil_00066,No oil,0,0.0947008663709639,947,-0.9001579284667969,2.028334379196167,3.8179664611816406,2.104391389003587,5.290008531454781,0.583128078817734,blob,0.36628150939941406,1.2439899444580078
No oil_00066,No oil,0,0.1173010731289765,1173,-0.7396354675292969,1.9725794792175293,4.079883575439453,3.067533278217093,5.098639110053993,0.5070239896261076,linear,-0.571075439453125,2.367044687271118
No oil_00066,No oil,0,0.2150019669456944,2150,-0.6528949737548828,2.036084651947021,3.6336803436279297,2.897811964291306,5.152197582956035,0.4245236449797611,blob,-0.19954681396484375,1.9893879890441895
No oil_00066,No oil,0,0.0574005251287574,574,0.047800064086914,4.084649562835693,7.407812118530273,1.78132362388151,6.240438266504645,0.6453063518830804,blob,-0.18385887145996094,2.466355323791504
No oil_00066,No oil,0,0.098600902050444,986,-0.7589359283447266,1.9947819709777832,3.334604263305664,1.986065264794451,3.915125704855245,0.6145216578373325,blob,0.4002552032470703,1.519964575767517
No oil_00066,No oil,0,0.0603005516596528,603,-0.6763992309570312,2.026501178741455,3.624063491821289,2.379628419849546,5.067430061497164,0.5110169491525424,blob,-0.14563560485839844,1.9246240854263306
No oil_00066,No oil,0,0.3041027820845844,3041,-0.7335529327392578,1.920535922050476,3.816350936889648,2.085717887064532,5.023934338280062,0.4972204054937867,blob,-0.30541229248046875,1.8124566078186035
No oil_00066,No oil,0,0.1579014445615123,1579,-0.5335044860839844,1.87470543384552,3.623205184936523,1.8097256880347528,4.923813552471076,0.6545077720207254,blob,0.21108627319335938,1.5584813356399536
No oil_00066,No oil,0,0.117201072214118,1172,-0.7381191253662109,2.0763065814971924,3.564857482910156,1.553910672622672,4.952509841663842,0.6089893478825669,blob,0.2797260284423828,1.6306787729263306
No oil_00066,No oil,0,0.0978008947315763,978,-0.9848098754882812,2.073923826217652,3.571619033813477,2.2472188778711444,3.916884680496461,0.3854946787544344,blob,-0.032123565673828125,1.6933993101119995
No oil_00066,No oil,0,0.0687006285077637,687,-0.5475978851318359,1.963940382003784,3.592050552368164,1.2050448876433528,5.140187937143874,0.8555417185554172,blob,-0.25658226013183594,1.6847249269485474
No oil_00066,No oil,0,0.059900548000219,599,-0.9363670349121094,2.069185972213745,3.080045700073242,1.4478130459745078,4.890569204531155,0.7902374670184696,blob,0.30472373962402344,1.4218494892120361
No oil_00066,No oil,0,0.0764006989518653,764,-0.8538360595703125,1.958450555801392,3.140840530395508,1.2858753850571774,4.86733462690578,0.4897435897435897,blob,0.2514533996582031,1.2184717655181885
No oil_00068,No oil,0,0.0611005589785207,611,-0.6884040832519531,2.048713445663452,3.28140640258789,2.073258934940297,4.19901360907327,0.6073558648111332,blob,-0.08304214477539062,1.7731208801269531
No oil_00068,No oil,0,0.0745006815695547,745,-0.8425312042236328,2.12330174446106,4.3507080078125,1.5635839099808793,4.867874804028703,0.4496077248038624,blob,0.09336566925048828,1.3952921628952026
No oil_00075,No oil,0,0.91330835540234,9133,-0.5361194610595703,2.0281729698181152,4.192913055419922,1.6283100117517242,4.344456528040563,0.5414875641063647,blob,-0.11899185180664062,2.100193738937378
No oil_00075,No oil,0,0.0607005553190868,607,-0.7998828887939453,1.9535728693008425,3.1254329681396484,1.8997168733913887,4.588864740386826,0.6644772851669404,blob,-0.11652946472167969,2.159210205078125
No oil_00075,No oil,0,0.0716006550386593,716,-1.1007061004638672,2.012519121170044,3.3872108459472656,2.3035797727251084,4.359946097550662,0.6793168880455408,blob,0.6279964447021484,1.2704343795776367
No oil_00078,No oil,0,0.052300478470976,523,-0.8384494781494141,2.063142776489258,3.361356735229492,2.0466573106297914,5.271308397924275,0.7273991655076495,blob,0.07585525512695312,1.7253936529159546
No oil_00079,No oil,0,0.0515004711521083,515,-0.8762683868408203,1.9337776899337769,3.2064990997314453,2.029428379134832,5.352797532223914,0.723314606741573,blob,0.08489036560058594,1.6385562419891357
No oil_00080,No oil,0,0.1171010712992598,1171,-0.6983909606933594,1.9756463766098025,3.5790328979492188,1.394204143067144,4.585077928990476,0.52962460425147,blob,0.4113483428955078,2.0408613681793213
No oil_00080,No oil,0,0.0765006998667239,765,-0.9342002868652344,2.0606179237365723,4.278295516967773,1.5138713021213317,5.13115136135286,0.5435168738898757,blob,-0.3897571563720703,1.8511472940444946
No oil_00081,No oil,0,0.1068009770688381,1068,-0.8521137237548828,2.035987615585327,3.416933059692383,1.5114837158822343,5.2820624881700775,0.4909216272121351,blob,0.2105083465576172,1.726097822189331
No oil_00081,No oil,0,0.2230020401343719,2230,-0.8475589752197266,2.1520259380340576,3.988946914672852,1.4143548180576857,4.95460055976135,0.5788449059052563,blob,-0.1017913818359375,1.7411115169525146
No oil_00081,No oil,0,0.0548005013424375,548,-0.92974853515625,2.0118520259857178,3.344545364379883,2.187449019392289,4.941630062584655,0.5921123716909779,blob,-0.06025123596191406,1.922844409942627
No oil_00081,No oil,0,0.0700006404009239,700,-0.8426532745361328,1.91002893447876,3.7339096069335938,2.3261709626978524,5.262922182408211,0.4915730337078651,blob,-0.04873466491699219,1.6812106370925903
No oil_00081,No oil,0,0.0672006147848869,672,-0.6311740875244141,1.9799984693527224,3.3022613525390625,1.9144581809989087,4.475051866747384,0.7868852459016393,blob,0.16652679443359375,1.8253039121627808
No oil_00081,No oil,0,0.0554005068315883,554,-0.8828372955322266,2.0244686603546143,3.272422790527344,2.6579000513282547,4.799911346185007,0.7084398976982097,blob,-0.17496109008789062,1.671383023262024
No oil_00081,No oil,0,0.0566005178098899,566,-2.038227081298828,2.818177938461304,6.502775192260742,1.0599194856878276,9.944787138820097,0.9203252032520324,blob,-2.023709297180176,2.217059850692749
No oil_00081,No oil,0,3.9802364131965335,39802,-0.7184066772460938,2.054124116897583,5.153989791870117,1.1411920241184137,6.729630661786129,0.6471501621858918,blob,-0.08701324462890625,1.8160209655761719
No oil_00083,No oil,0,1.0033091787749555,10033,-4.133838653564453,9.991847038269045,14.170870780944824,1.299585486087764,8.753819038831118,0.6800650715108791,blob,-4.170780181884766,1.9305528402328491
No oil_00083,No oil,0,3.511132121595482,35111,-5.598072052001953,9.680132865905762,14.318306922912598,1.3285124963081707,10.577117328207542,0.484169447585427,blob,-3.7606897354125977,1.6063183546066284
No oil_00083,No oil,0,0.1644015040273126,1644,-7.046092987060547,10.031168937683104,13.818187713623049,1.4362283303408847,9.529135760754995,0.9885748647023452,blob,-8.002577781677246,2.0562655925750732
No oil_00083,No oil,0,0.2180019943914485,2180,-4.551418304443359,9.544122695922852,14.149419784545898,2.345426455012099,8.902978965325039,0.7265455757373771,blob,-3.958972930908203,2.846193313598633
No oil_00083,No oil,0,0.0745006815695546,745,-6.047630310058594,10.002938270568848,13.159017562866213,2.624937415741289,9.226785980414514,0.8084644601193706,blob,-5.530221939086914,2.6731088161468506
No oil_00083,No oil,0,0.0918008398400687,918,-5.308687210083008,9.611127853393556,13.496122360229492,1.9479210764134367,8.650962771141439,0.7849508336896109,blob,-4.67372989654541,1.4813002347946167
No oil_00083,No oil,0,0.3751034316340934,3751,-5.802459716796875,10.126351356506348,14.330486297607422,1.8186159392048853,10.895348712509213,0.7482545382006782,blob,-5.107786178588867,3.5902347564697266
No oil_00083,No oil,0,0.1346012313994907,1346,-6.1053009033203125,11.036608695983888,14.731005668640137,1.766164597591445,10.611901893420102,0.805505685218432,blob,-6.288669586181641,3.6577272415161133
No oil_00083,No oil,0,0.0719006577832346,719,-5.151784896850586,10.40349006652832,13.973979949951172,2.9273132404180484,10.704208589499505,0.8843788437884379,blob,-6.962333679199219,4.6395111083984375
No oil_00084,No oil,0,0.107000978898555,1070,-2.952259063720703,8.179858207702637,11.754246711730955,1.9361669093629628,10.056472433820025,0.8950230029276454,blob,-2.1178226470947266,1.517020583152771
No oil_00084,No oil,0,0.6450059008370841,6450,-5.620048522949219,10.099451065063477,15.43150806427002,1.710817267794903,9.89091306176488,0.7058823529411765,blob,-4.501077651977539,2.557246208190918
No oil_00084,No oil,0,0.0602005507447945,602,-5.271162033081055,9.918688774108888,13.01010799407959,5.328468165686638,13.6234824459456,0.9510268562401264,linear,-3.2904348373413086,0.7021180987358093
No oil_00084,No oil,0,0.2183019971360239,2183,-5.839557647705078,9.183570861816406,14.43029499053955,1.954714733380717,14.175571239509372,0.5138888888888888,blob,-4.3352813720703125,0.397128164768219
No oil_00084,No oil,0,0.1368012515263769,1368,-3.6396408081054688,8.751421928405762,13.365918159484863,1.6127849935190657,9.617813378056017,0.7270794578793516,blob,-2.2735347747802734,0.6304848194122314
No oil_00084,No oil,0,0.0784007172490347,784,-5.351806640625,8.821944236755371,12.51026725769043,4.166873155042516,10.938629393805362,0.7205882352941176,linear,-4.004127502441406,2.367455005645752
No oil_00084,No oil,0,0.1466013411825062,1466,-7.430116653442383,10.064255714416504,13.83940315246582,1.5528900218409762,13.93572534995927,0.7877485222998388,blob,-5.831146240234375,1.1423784494400024
No oil_00084,No oil,0,0.0522004775561175,522,-6.131219863891602,8.982854843139648,12.341400146484377,2.893910443093917,12.944045522493106,0.9094076655052264,blob,-5.487794876098633,2.0458343029022217
No oil_00084,No oil,0,3.299530185754975,32995,-4.932941436767578,9.35754108428955,14.842376708984377,3.2591658773258985,12.71112484469979,0.4329257091872884,linear,-2.5681419372558594,1.5027008056640625
No oil_00084,No oil,0,7.164265542289981,71642,-5.681497573852539,9.5225191116333,14.641197204589844,1.6765926404298792,13.577393154841928,0.509284008189263,blob,-3.4789657592773438,2.1656267642974854
No oil_00084,No oil,0,0.0849007767148347,849,-7.178775787353516,9.657727241516112,12.930915832519531,2.4132437854547297,13.11961857020515,0.8885400313971743,blob,-4.813990592956543,0.4738207757472992
No oil_00084,No oil,0,0.0565005168950314,565,-2.903846740722656,8.316250801086426,12.280183792114258,2.095044420937373,10.118073488168902,0.7151898734177216,blob,-2.332887649536133,1.2979191541671753
No oil_00084,No oil,0,0.0976008929018595,976,-4.087978363037109,8.630254745483398,11.994474411010742,2.07326536941836,9.919122855894615,0.8229342327150084,blob,-3.563020706176758,0.7554797530174255
No oil_00084,No oil,0,0.058800537936776,588,-5.078678131103516,8.935368537902832,11.413310050964355,1.955468653547908,12.89290357217882,0.7803583278035833,blob,-4.128899574279785,1.0107988119125366
No oil_00084,No oil,0,0.0787007199936101,787,-3.192413330078125,8.330578804016113,12.598830223083496,1.9578076132064477,7.923910013259146,0.7629665535627727,blob,-2.6623525619506836,1.8324843645095825
No oil_00084,No oil,0,0.1380012625046784,1380,-3.4447174072265625,8.205371856689453,11.248261451721191,1.3804731736590774,8.209510558403679,0.75,blob,-2.279979705810547,0.6047815680503845
No oil_00084,No oil,0,0.283802596368317,2838,-6.626953125,9.51176929473877,14.626266479492188,4.553439278832538,12.163140703852882,0.6968692449355433,linear,-5.618906021118164,2.097539186477661
No oil_00084,No oil,0,0.0968008855829918,968,-3.840860366821289,8.245697021484375,12.635224342346191,1.5101750510523406,9.280177083389782,0.7128129602356407,blob,-2.705990791320801,1.534797191619873
No oil_00084,No oil,0,0.1056009660905365,1056,-3.970762252807617,9.050028800964355,13.205083847045898,1.9398811742423447,9.709926135369429,0.698874917273329,blob,-2.3484697341918945,0.13676336407661438
No oil_00084,No oil,0,0.0738006751655454,738,-5.018321990966797,8.94089126586914,14.111714363098145,1.1401010560084406,9.281767597202592,0.7439516129032258,blob,-3.2999496459960938,0.5073078274726868
No oil_00084,No oil,0,0.3541032395138162,3541,-5.927516937255859,9.397764205932615,13.211708068847656,1.6961834558960365,15.13653125433416,0.7607691481362122,blob,-2.646286964416504,1.7514818906784058
No oil_00084,No oil,0,0.0683006248483299,683,-3.4580554962158203,8.583648681640625,11.58147430419922,1.3515012057215972,8.801567215032332,0.7148090005232862,blob,-2.4749670028686523,0.3162270188331604
No oil_00084,No oil,0,0.8128074359695844,8128,-5.817699432373047,9.598759651184082,15.133206367492676,1.9720062632933848,13.491793910241713,0.3243998323721339,blob,-3.535555839538574,1.4514503479003906
No oil_00084,No oil,0,0.0775007090153085,775,-4.518869400024414,9.09072971343994,13.157670974731444,2.013240610278876,12.262898306207996,0.8683473389355743,blob,-3.441699981689453,0.45410385727882385
No oil_00084,No oil,0,0.1370012533560938,1370,-2.973651885986328,8.246928215026855,12.073902130126951,1.922489200204213,8.247826367508672,0.5523080024188671,blob,-2.5215539932250977,0.41639065742492676
No oil_00084,No oil,0,0.2820025799008646,2820,-6.00029182434082,9.412864685058594,13.594280242919922,2.061536712706383,15.664318859480016,0.7987537176037388,blob,-3.977313995361328,2.3162453174591064
No oil_00084,No oil,0,0.1433013109921769,1433,-5.251935958862305,10.2031831741333,15.928791046142578,2.9456578923434225,13.412263965598925,0.6788252013263856,blob,-5.661137580871582,2.4325125217437744
No oil_00084,No oil,0,0.1274011655296814,1274,-5.042011260986328,9.227691650390623,13.444966316223145,1.6714028440779067,14.55509412467285,0.8527443105756358,blob,-3.462228775024414,0.5268496870994568
No oil_00084,No oil,0,0.0548005013424375,548,-7.135770797729492,9.910988807678224,14.064688682556152,1.351984587896557,16.71979327009331,0.8616352201257862,blob,-4.070538520812988,0.39924395084381104
No oil_00084,No oil,0,0.2835025936237416,2835,-2.33230972290039,8.290435791015625,12.14466667175293,1.942154163192093,9.45161434391231,0.8229317851959361,blob,-1.7072219848632812,0.5129241347312927
No oil_00084,No oil,0,0.0526004812155513,526,-4.678699493408203,9.220826148986816,13.854387283325195,1.7263946135885309,11.850536226747876,0.7185792349726776,blob,-3.70975399017334,0.4055718779563904
No oil_00084,No oil,0,0.0531004857898436,531,-3.8786697387695312,8.375539779663086,11.790592193603516,1.8437740254129324,10.57756318118317,0.5734341252699784,blob,-2.270960807800293,1.644972562789917
No oil_00084,No oil,0,0.1839016824247128,1839,-6.264245986938477,10.31205940246582,14.04963493347168,1.7101303096438227,13.194429974240895,0.871563981042654,blob,-3.0357704162597656,1.52268385887146
No oil_00084,No oil,0,0.3929035944788997,3929,-6.528017044067383,9.224691390991213,13.916552543640137,1.20543897881453,12.407084292191078,0.6757825937392501,blob,-3.989898681640625,1.7510045766830444
No oil_00084,No oil,0,0.0934008544778041,934,-4.421022415161133,8.512028694152832,12.315900802612305,1.5073062029338933,11.248310142295,0.8882548739895387,blob,-1.0238285064697266,0.6868922710418701
No oil_00084,No oil,0,0.0703006431454992,703,-4.48375129699707,9.173728942871094,12.427324295043944,1.221678465492316,9.891010011759176,0.796149490373726,blob,-0.38246822357177734,0.037074703723192215
No oil_00084,No oil,0,0.081500745609647,815,-7.111579895019531,10.660367012023926,13.576805114746094,1.739660502599842,17.352944792820125,0.9576968272620446,blob,-4.834728240966797,2.881168842315674
No oil_00084,No oil,0,1.753616042958001,17536,-6.453447341918945,9.64358139038086,15.104558944702148,1.431187707734903,14.332637336323982,0.4925081799160242,blob,-3.998110771179199,2.100270986557007
No oil_00084,No oil,0,1.33281219323359,13328,-5.301774978637695,9.41774082183838,15.309816360473633,1.3435446931236967,12.843218929374135,0.5551020408163265,blob,-3.366178512573242,2.0969038009643555
No oil_00084,No oil,0,10.566596668519455,105665,-6.303125381469727,9.53988265991211,14.625652313232422,2.382576157470365,14.302744612276063,0.4653810495902893,blob,-4.301909446716309,2.5475754737854004
No oil_00084,No oil,0,0.2246020547721071,2246,-5.535642623901367,9.30288314819336,13.983016967773438,3.617838146462488,12.04244705886145,0.5814134092674087,linear,-1.6056938171386719,0.3644103407859802
No oil_00084,No oil,0,0.1587014518803802,1587,-7.293844223022461,10.716635704040527,13.897235870361328,2.5087579496827823,17.343589923757865,0.8587662337662337,blob,-5.418460845947266,3.406484365463257
No oil_00084,No oil,0,0.1446013228853369,1446,-6.345586776733398,9.045442581176758,13.734281539916992,1.4522258334341411,12.84099192905411,0.597027250206441,blob,-4.062376976013184,0.8306257724761963
No oil_00084,No oil,0,0.0937008572223795,937,-6.296562194824219,9.506086349487305,12.858526229858398,3.942162976894235,16.31762201531818,0.8814675446848542,linear,-4.370888710021973,2.14200496673584
No oil_00084,No oil,0,0.1145010475129397,1145,-4.713510513305664,8.957422256469727,13.065462112426758,1.33371792026626,13.100802283616671,0.7861311362856161,blob,-2.7800703048706055,0.8286804556846619
No oil_00084,No oil,0,0.0502004592589482,502,-5.076171875,8.716779708862305,12.366586685180664,1.3521415106823802,11.254281864411125,0.8738033072236727,blob,-2.6257667541503906,1.3685553073883057
No oil_00084,No oil,0,8.157874632323665,81578,-6.00639533996582,10.04342269897461,15.731927871704102,4.219687972133778,13.86302129066306,0.4386892774463119,linear,-3.526052474975586,1.8858550786972046
No oil_00084,No oil,0,0.1448013247150539,1448,-3.7345924377441406,8.402251243591309,11.88482666015625,2.6207444038184877,10.012437915480929,0.49419795221843,blob,-1.731410026550293,1.6697553396224976
No oil_00084,No oil,0,0.0598005470853606,598,-5.090137481689453,9.064871788024902,12.801666259765623,1.4155765890018923,12.801347504685973,0.7498432601880878,blob,-3.986233711242676,1.1320102214813232
No oil_00084,No oil,0,0.4548041607762881,4548,-6.366121292114258,9.910406112670898,14.294569969177246,3.4203549925017347,12.298064318715202,0.613516794819911,linear,-3.6486101150512695,1.9774190187454224
No oil_00084,No oil,0,0.0592005415962098,592,-6.309787750244141,9.701864242553713,14.99958610534668,1.8911301188457423,15.452898814232851,0.8159889731219848,blob,-4.614986419677734,1.1235103607177734
No oil_00084,No oil,0,0.1959017922077283,1959,-6.605216979980469,10.162934303283691,13.53082275390625,1.8626062438101432,16.642206569464683,0.7655334114888629,blob,-4.880903244018555,2.258507490158081
No oil_00084,No oil,0,0.0979008956464349,979,-6.610378265380859,9.716423988342283,13.567784309387209,1.5058927427761637,15.542312375001098,0.8733273862622658,blob,-4.109457969665527,2.3806779384613037
No oil_00084,No oil,0,0.0997009121138872,997,-4.816038131713867,8.733824729919434,12.406892776489258,3.462301245472156,12.431549178317626,0.8209139563606422,linear,-3.3152923583984375,2.3096418380737305
No oil_00084,No oil,0,0.0839007675662501,839,-6.646461486816406,10.545924186706545,13.993718147277832,1.7724547134812876,15.0551498202939,0.9400560224089636,blob,-4.698213577270508,3.737229108810425
No oil_00084,No oil,0,0.0661006047214438,661,-6.479959487915039,9.665361404418944,12.63809871673584,1.92851899318729,13.181793204975587,0.8914362778152394,blob,-3.8797922134399414,2.951948404312134
No oil_00084,No oil,0,0.3695033804020194,3695,-6.896146774291992,9.936817169189451,14.86799430847168,2.9570908649402794,15.954108934439736,0.6593504639543183,blob,-3.720517158508301,2.052194356918335
No oil_00084,No oil,0,0.1082009898768565,1082,-4.737682342529297,8.766877174377441,12.778762817382812,2.6000245352894678,14.488368538566442,0.8479623824451411,blob,-2.625370979309082,0.860484778881073
No oil_00084,No oil,0,0.093600856307521,936,-5.218202590942383,9.16905403137207,12.69731903076172,1.3852308303057388,12.169563792318884,0.8731343283582089,blob,-2.3466320037841797,2.6649703979492188
No oil_00084,No oil,0,0.0633005791054068,633,-4.167007446289063,8.819640159606934,13.513971328735352,1.681619027531952,11.226429093331552,0.7917448405253283,blob,-2.4650583267211914,1.3382692337036133
No oil_00084,No oil,0,0.1867017080407497,1867,-7.083122253417969,10.582059860229492,14.485711097717283,2.8624664749167272,13.261347248540526,0.8730418517652561,blob,-5.331191062927246,2.7012555599212646
No oil_00084,No oil,0,0.0638005836796991,638,-4.645040512084961,8.918593406677246,11.989304542541504,2.6824585581947016,13.119053876779953,0.9777777777777776,blob,-4.465851783752441,2.021921157836914
No oil_00085,No oil,0,0.0618005653825299,618,-1.0036849975585938,2.098726749420166,3.3509254455566406,2.4877672900380685,4.120257261112422,0.6550079491255962,blob,-0.3231468200683594,1.686880111694336
No oil_00086,No oil,0,0.3915035816708813,3915,-4.663948059082031,9.482707023620604,13.622353553771973,1.71491908361979,9.517141592557772,0.4643026565464895,blob,-2.3200082778930664,1.0789743661880493
No oil_00086,No oil,0,0.1337012231657645,1337,-5.929401397705078,10.65654182434082,14.041240692138672,2.087067284571713,11.462770851750712,0.7545146726862303,blob,-6.203639984130859,3.5138018131256104
No oil_00086,No oil,0,0.2345021453430949,2345,-4.599283218383789,9.484268188476562,14.033506393432615,2.479857232730763,10.910357029845844,0.8292079207920792,blob,-5.783649444580078,3.937608242034912
No oil_00086,No oil,0,0.1677015342176418,1677,-4.471822738647461,9.949185371398926,12.882429122924805,1.337089439669857,10.843024923680067,0.8972712680577849,blob,-5.4171857833862305,3.1331536769866943
No oil_00086,No oil,0,0.0968008855829918,968,-4.757814407348633,9.89344882965088,12.904152870178224,1.150070735377921,11.945622415373654,0.6783461807988788,blob,-2.925839424133301,1.3305734395980835
No oil_00086,No oil,0,0.0969008864978503,969,-2.865133285522461,9.617000579833984,12.936020851135254,1.5639502351438648,8.849141638156752,0.7172464840858623,blob,-1.3134193420410156,2.644601583480835
No oil_00086,No oil,0,0.0858007849485609,858,-3.0924110412597656,9.122481346130373,12.906116485595703,2.8658547060907997,8.45188517670419,0.8653555219364599,blob,-1.8929100036621094,2.4458439350128174
No oil_00086,No oil,0,0.0573005242138991,573,-8.353180885314941,10.155004501342772,13.055347442626951,1.546861242527926,15.175921148985266,0.9811643835616438,blob,-4.755875587463379,0.8928965926170349
No oil_00086,No oil,0,0.1251011444879367,1251,-7.853729248046875,10.777482986450195,13.80975341796875,3.953537220477387,15.699269142285294,0.9174917491749176,linear,-5.307462692260742,2.6766207218170166
No oil_00086,No oil,0,0.1907017446350882,1907,-6.32402229309082,10.361799240112305,14.594389915466309,1.9997293919242176,11.43522679135539,0.8988922931887815,blob,-3.577456474304199,3.0070478916168213
No oil_00086,No oil,0,0.1829016732761282,1829,-1.7982044219970703,9.299755096435549,12.916107177734377,2.346949625243094,8.671394266531237,0.6106844741235392,blob,-0.7502498626708984,3.097365617752075
No oil_00086,No oil,0,3.3098302799853965,33098,-5.892616271972656,10.549861907958984,15.19533920288086,1.2583492895716992,12.421014009761738,0.5026042853021123,blob,-4.29853630065918,2.5113162994384766
No oil_00086,No oil,0,0.2419022130426211,2419,-7.672666549682617,10.600165367126465,13.83263874053955,2.1917959981102797,16.40380167822795,0.915940931465354,blob,-4.7324113845825195,2.931804895401001
No oil_00086,No oil,0,0.236902167299698,2369,-4.202497482299805,10.203993797302246,13.947240829467772,2.8590255663659816,11.813591114553477,0.7886151797603196,blob,-2.1465444564819336,3.283109188079834
No oil_00086,No oil,0,1.2549114805588475,12549,-4.007976531982422,9.620338439941406,14.26226806640625,1.8902650978456423,11.008361635300153,0.7126671777834569,blob,-0.3957843780517578,1.0556449890136719
No oil_00086,No oil,0,0.1177010767884105,1177,-4.862422943115234,10.6718168258667,14.276593208312988,1.5490361293447552,12.051574167282688,0.6729559748427673,blob,0.20711517333984375,0.9480096697807312
No oil_00086,No oil,0,0.0679006211888961,679,-7.905668258666992,10.737406730651855,13.917635917663574,4.463200361170157,15.56985872393046,0.955665024630542,linear,-7.160782814025879,1.904996633529663
No oil_00086,No oil,0,0.0967008846681333,967,-6.482967376708984,9.5604887008667,14.085855484008787,2.221323468352179,15.417258133551211,0.99128651973347,blob,-4.8640241622924805,1.7720357179641724
No oil_00086,No oil,0,0.1654015131758972,1654,-6.137397766113281,10.8447265625,14.443643569946287,2.9507657660236943,12.685499771820488,0.5745050364709968,blob,-5.137088775634766,2.53401255607605
No oil_00086,No oil,0,18.25426699917863,182541,-7.741411209106445,9.468879699707031,14.696678161621094,1.4553077625132131,11.912674418987065,0.8506302569957361,blob,-10.177421569824219,9.329400062561035
No oil_00086,No oil,0,0.0558005104910221,558,-6.505472183227539,10.325852394104004,14.037530899047852,5.125387504628895,14.552550214704317,0.8773584905660378,linear,-4.050636291503906,1.7921684980392456
No oil_00086,No oil,0,0.3851035231199397,3851,-6.300092697143555,11.811978340148926,14.609150886535645,2.3936850965211174,14.505312746189226,0.8837636259323006,blob,-5.129128456115723,3.1889548301696777
No oil_00086,No oil,0,0.2659024326086521,2659,-5.931459426879883,10.662493705749512,14.37126922607422,3.337356114692952,12.078744477830746,0.744505109897802,linear,-4.120163917541504,1.9172581434249878
No oil_00086,No oil,0,0.0502004592589482,502,-8.360944747924805,11.098538398742676,13.023964881896973,5.267648227283562,17.26486078102177,0.9872173058013766,linear,-5.117698669433594,2.4833872318267822
No oil_00086,No oil,0,0.8686079464606066,8686,-6.40007209777832,11.032794952392578,14.209961891174316,1.438883891377414,14.38688501492124,0.6099719101123595,blob,-4.902814865112305,3.7870559692382812
No oil_00086,No oil,0,0.6574060142795334,6574,-5.34503173828125,9.82639503479004,13.381593704223633,2.0693610860189278,10.118840557097908,0.6867589448942283,blob,-1.5902948379516602,0.6504658460617065
No oil_00086,No oil,0,0.0952008709452564,952,-6.161716461181641,10.053059577941896,13.529370307922363,1.4813733001496572,14.264819816767048,0.9058039961941008,blob,-3.199589729309082,1.214994192123413
No oil_00086,No oil,0,0.104200953282518,1042,-6.841621398925781,9.766397476196287,13.397696495056152,2.4215337000921324,12.469919571473229,0.8372840498192045,blob,-4.1775617599487305,1.6474449634552002
No oil_00086,No oil,0,0.1415012945247246,1415,-6.196401596069336,10.608453750610352,13.648476600646973,1.4769185224212735,12.36689719887424,0.9373964889036104,blob,-5.402769088745117,1.834436058998108
No oil_00086,No oil,0,0.0822007520136563,822,-5.636089324951172,10.027154922485352,13.129722595214844,2.4620735885527507,12.1504931639405,0.9184357541899442,blob,-1.313542366027832,1.095660924911499
No oil_00086,No oil,0,0.0583005333624837,583,-4.702278137207031,9.688000679016112,12.941598892211914,1.755227251243211,10.668738011960093,0.9031758326878389,blob,-3.329343795776367,2.5469093322753906
No oil_00086,No oil,0,0.5630051506531447,5630,-5.260034561157227,9.940896034240724,13.665971755981444,2.212462263515903,11.76516152672266,0.5850262378552502,blob,-4.140909194946289,2.2810866832733154
No oil_00086,No oil,0,0.433603966826294,4336,-5.565433502197266,9.928455352783203,13.903057098388672,1.6062373070065616,12.48994756224102,0.8186538279996224,blob,-2.6320457458496094,2.220468044281006
No oil_00086,No oil,0,1.1420104476836437,11420,-6.478229522705078,10.73301601409912,14.909273147583008,1.879458262928171,14.464294783208407,0.4305696942276514,blob,-4.5891618728637695,2.7903153896331787
No oil_00086,No oil,0,0.5299048478349936,5299,-6.78132438659668,11.675337791442873,14.777883529663086,2.788205224506374,15.910582006655318,0.7518978361120965,blob,-5.640839576721191,3.393606185913086
No oil_00086,No oil,0,0.1013009267516226,1013,-2.952341079711914,9.86050796508789,13.296552658081056,3.462731845718331,11.48077277066568,0.8065286624203821,linear,-2.616945266723633,1.4511257410049438
No oil_00086,No oil,0,0.2551023338039382,2551,-6.411569595336914,10.523308753967283,13.732768058776855,1.3120508419624433,13.383703365742436,0.7843197540353574,blob,-5.620400428771973,3.5375473499298096
No oil_00086,No oil,0,0.0713006522940838,713,-3.8266429901123047,9.525472640991213,12.951425552368164,1.4820569862503858,10.897572084747042,0.8585189644792294,blob,-3.181820869445801,2.7646915912628174
No oil_00086,No oil,0,0.1205011024044474,1205,-6.990180969238281,10.149959564208984,13.02804183959961,2.6679506121051544,10.26330820175504,0.9301428020069472,blob,-3.244161605834961,0.7983610033988953
No oil_00086,No oil,0,0.2754025195202061,2754,-4.490230560302734,9.179211616516112,12.87322998046875,1.398803255963738,9.455203864481067,0.7885468861846815,blob,-2.57767391204834,2.1571667194366455
No oil_00086,No oil,0,0.1799016458303743,1799,-5.338676452636719,10.837993621826172,14.36281681060791,8.128114277141902,14.2309978581609,0.6925890279114533,linear,-5.509143829345703,4.014463901519775
No oil_00086,No oil,0,0.0806007373759209,806,-6.452913284301758,9.825299263000488,13.072834014892578,1.546888578464695,11.258092387225604,0.7294117647058823,blob,-4.570422172546387,1.6687123775482178
No oil_00086,No oil,0,0.06960063674149,696,-3.683450698852539,9.936842918395996,12.756702423095703,4.428344379788415,10.942198928086103,0.8560885608856088,linear,-6.066556930541992,3.270487070083618
No oil_00086,No oil,0,0.3169028991864681,3169,-4.880903244018555,9.467691421508787,13.698362350463867,1.688851549562748,9.432554117054185,0.6129001063726912,blob,-3.8599376678466797,1.3055827617645264
No oil_00086,No oil,0,0.1147010493426566,1147,-5.755928039550781,10.78032684326172,13.805614471435549,1.3687917414421575,14.339685478081716,0.9716221939855992,blob,-4.775867462158203,3.5396194458007812
No oil_00086,No oil,0,0.1082009898768565,1082,-5.67408561706543,9.879716873168944,13.298189163208008,2.804539635796941,11.738411081635222,0.7097408986552968,blob,-3.9667062759399414,1.9947729110717773
No oil_00086,No oil,0,0.1553014207751925,1553,-5.523618698120117,10.369987487792969,13.392122268676758,2.8876234486647565,13.208594028837313,0.8907370232291368,blob,-4.340246200561523,2.0611793994903564
No oil_00086,No oil,0,0.1156010575763828,1156,-5.1954498291015625,9.318333625793455,13.518576622009276,1.2217837618534717,9.952583616721228,0.8468864468864469,blob,-1.4755544662475586,0.8698769211769104
No oil_00086,No oil,0,0.0740006769952623,740,-4.095643997192383,9.874979972839355,13.667841911315918,1.0687259107149885,10.673384901456467,0.8721272834413671,blob,-2.8214550018310547,2.8709776401519775
No oil_00086,No oil,0,0.1225011207016167,1225,-6.111440658569336,10.504231452941896,13.017708778381348,2.386347076871449,12.72990187110002,0.9883017345703912,blob,-4.4433488845825195,2.135951519012451
No oil_00086,No oil,0,0.263502410652049,2635,-4.469234466552734,10.112635612487791,13.175888061523438,1.4831371782442755,11.303116465701436,0.8885516776260327,blob,-2.9183216094970703,1.6473774909973145
No oil_00086,No oil,0,0.3188029165687789,3188,-6.784307479858398,9.844090461730955,13.443416595458984,2.101004919614589,10.461817896803106,0.5474841147174996,blob,-5.216039657592773,2.4168293476104736
No oil_00086,No oil,0,0.1463013384379308,1463,-3.2989044189453125,9.69787311553955,13.156325340270996,2.4872677118082542,9.300340994202005,0.635948706802869,blob,-2.029372215270996,1.4878437519073486
No oil_00088,No oil,0,0.0581005315327668,581,-0.845794677734375,2.198782444000244,3.632980346679688,2.512211287861608,4.849390101750043,0.719059405940594,blob,0.07027626037597656,1.8624567985534668
No oil_00088,No oil,0,0.06570060106201,657,-0.9833965301513672,2.046090841293335,3.26700210571289,2.251213934548814,4.802291317059252,0.5656478691347395,blob,-0.13485145568847656,1.5910882949829102
No oil_00088,No oil,0,0.0535004894492775,535,-1.1997547149658203,2.1446495056152344,3.442066192626953,1.2828543543178748,5.936042709699548,0.6372840976771889,blob,0.016269683837890625,2.10815167427063
No oil_00090,No oil,0,0.0688006294226223,688,-0.7357521057128906,1.9454326629638672,3.230457305908203,1.9734932596896655,5.56997172755879,0.6153846153846154,blob,0.014642715454101562,1.5404845476150513
No oil_00091,No oil,0,3.338830545294344,33388,-7.904369354248047,10.852347373962402,15.382338523864746,1.693757881935147,12.92761100494963,0.5270444123473745,blob,-3.8363237380981445,2.6842546463012695
No oil_00091,No oil,0,1.3771125985158863,13771,-6.051973342895508,10.313514709472656,14.264946937561035,2.7222069895490497,11.316448202077575,0.5981409894453372,blob,-3.129505157470703,2.5660622119903564
No oil_00091,No oil,0,0.43120394486969,4312,-5.366506576538086,10.059269905090332,13.795679092407228,1.7158220062777698,10.593252150505489,0.8587930691097391,blob,-2.2919397354125977,2.8401947021484375
No oil_00091,No oil,0,0.0529004839601266,529,-6.360830307006836,10.574056625366213,13.510059356689451,1.1756194301525544,10.54991144960005,0.8794679966749792,blob,-3.0907163619995117,2.2588205337524414
No oil_00091,No oil,0,0.0514004702372496,514,-8.180164337158203,10.7947416305542,14.20632266998291,2.316797216009261,11.602471487843786,0.8786324786324786,blob,-2.447993278503418,1.6395280361175537
No oil_00091,No oil,0,0.1871017117001832,1871,-9.498023986816406,11.202308654785156,14.373701095581056,3.766490129416246,14.662621650858013,0.8525860104807473,linear,-4.051816940307617,2.39827823638916
No oil_00091,No oil,0,0.9893090506947688,9893,-6.372249603271484,10.262652397155762,13.638660430908203,1.8397030619017416,10.890278641332674,0.6607446986141259,blob,-4.681966781616211,3.5317869186401367
No oil_00091,No oil,0,0.9672088485110488,9672,-5.0587921142578125,10.922712326049805,16.13041877746582,2.9482531651862547,10.984429386598878,0.5134711862607172,blob,-2.901242256164551,2.154634714126587
No oil_00091,No oil,0,0.3376030885621692,3376,-5.947755813598633,10.542503356933594,14.17265510559082,1.1568681457675636,12.45704495747256,0.6237413394919169,blob,-2.5941333770751953,1.8391284942626953
No oil_00091,No oil,0,1.816416617489112,18164,-5.828147888183594,10.335314750671388,14.990758895874023,2.210918575370245,11.250509794792508,0.6065584719161157,blob,-3.60782527923584,2.7121543884277344
No oil_00091,No oil,0,0.1044009551122348,1044,-4.497184753417969,9.95638370513916,14.102654457092283,1.28418403893303,11.366249618785291,0.7104457298400817,blob,-2.790670394897461,2.91947340965271
No oil_00091,No oil,0,0.1690015461108015,1690,-4.125791549682617,10.501965522766112,14.798065185546877,1.1179816180622133,12.798802742240536,0.6847649918962723,blob,-2.20192813873291,3.3520004749298096
No oil_00091,No oil,0,0.0626005727013974,626,-5.555562973022461,11.272043228149414,14.107808113098145,6.201455616058667,14.563107045427977,0.8183006535947712,linear,-2.951451301574707,1.966291069984436
No oil_00091,No oil,0,0.0557005095761635,557,-5.71092414855957,10.322064399719238,14.256784439086914,2.4907454906997706,9.68538942118222,0.7163987138263666,blob,-2.8269615173339844,3.1857402324676514
No oil_00091,No oil,0,0.1475013494162321,1475,-5.4489593505859375,10.516491889953612,13.749244689941406,1.2501491604140602,12.706765875974067,0.6647138350608383,blob,-4.806976318359375,3.2360494136810303
No oil_00091,No oil,0,0.4637042421986903,4637,-5.757637023925781,11.313272476196287,15.96915340423584,1.3638101121701491,12.496785184564954,0.7471199548860066,blob,-3.6718101501464844,2.668219566345215
No oil_00091,No oil,0,0.0873007986714377,873,-7.663959503173828,10.831318855285645,14.828091621398926,1.3260303555099988,13.873534137011022,0.7722246793454224,blob,-4.970644950866699,2.6178224086761475
No oil_00091,No oil,0,0.1138010411089302,1138,-9.782379150390623,12.805171966552734,16.410888671875,1.1093012009954506,19.09862066624025,0.8376886271623114,blob,-11.385482788085938,5.806088447570801
No oil_00091,No oil,0,0.1839016824247124,1839,-5.398967742919922,10.848652839660645,16.018396377563477,3.3257976376157155,12.323138040727317,0.7068998654622334,linear,-5.097668647766113,3.8857250213623047
No oil_00091,No oil,0,0.061000558063662,610,-5.9579010009765625,10.734795570373535,13.584051132202148,1.4296788960795657,9.027599714011195,0.9097688292319164,blob,-3.378143310546875,2.1400489807128906
No oil_00091,No oil,0,0.3238029623117014,3238,-5.230628967285156,10.203046798706056,14.363262176513672,1.642498589322222,11.45163515664084,0.7466851147238557,blob,-2.925394058227539,2.419145107269287
No oil_00091,No oil,0,0.1484013576499582,1484,-5.191738128662109,10.069709777832031,13.536331176757812,1.985789726619514,10.857077075065918,0.8076190476190476,blob,-2.744553565979004,1.4882354736328125
No oil_00091,No oil,0,0.0657006010620098,657,-6.472879409790039,10.649938583374023,14.35350227355957,7.022256367052651,15.753588721301345,0.698936170212766,linear,-6.780636787414551,2.71125864982605
No oil_00091,No oil,0,0.2352021517471036,2352,-6.052867889404297,11.32056713104248,14.337193489074709,3.3656477867333643,13.113206363736136,0.7903225806451613,linear,-3.7164716720581055,1.4499589204788208
No oil_00091,No oil,0,0.1044009551122348,1044,-5.603172302246094,10.338590621948242,13.782231330871582,1.8616397876745936,10.865437062222412,0.8798988621997471,blob,-2.790670394897461,2.91947340965271
No oil_00091,No oil,0,0.4608042156677949,4608,-4.373306274414063,10.231109619140623,14.989145278930664,1.3050172708141394,14.011697514100966,0.8613889148518553,blob,-1.957432746887207,1.5061615705490112
No oil_00091,No oil,0,0.3233029577374091,3233,-5.797603607177734,11.06482219696045,15.178359985351562,2.0002020711778354,12.858056479775914,0.7285633802816901,blob,-3.9467830657958984,1.754572868347168
No oil_00091,No oil,0,0.1443013201407613,1443,-6.049432754516602,12.048959732055664,16.352935791015625,4.659644461986065,15.321923613612524,0.8904659055846961,linear,-3.9327688217163086,1.4454185962677002
No oil_00091,No oil,0,0.2827025863048733,2827,-6.138631820678711,10.66554832458496,14.689635276794434,1.2567314924085335,12.47150537235221,0.7754766150048005,blob,-3.7389450073242188,1.6295207738876343
No oil_00091,No oil,0,0.1938017729957002,1938,-2.8099441528320312,10.207107543945312,14.125059127807615,3.1646214540554807,13.167955703427014,0.8535564853556485,linear,-1.471841812133789,1.4757839441299438
No oil_00091,No oil,0,0.1788016357669308,1788,-4.918684005737305,10.071647644042969,13.713577270507812,1.793269970395862,12.15575515393191,0.5575304022450889,blob,-2.7573814392089844,1.8508960008621216
No oil_00091,No oil,0,0.0983008993058685,983,-5.479402542114258,11.128979682922363,13.97375202178955,2.389330366770945,13.09704480044528,0.9005955107650023,blob,-3.887852668762207,1.8013830184936523
No oil_00091,No oil,0,0.0896008197131823,896,-5.726268768310547,11.194222450256348,13.837285041809082,2.553609512812133,13.875434094880902,0.9027707808564231,blob,-3.9356374740600586,2.4031424522399902
No oil_00091,No oil,0,0.0881008059903054,881,-5.376607894897461,11.314983367919922,14.191895484924316,2.695037552148784,14.256521076165647,0.8268418582824965,blob,-3.654171943664551,1.2699384689331055
No oil_00091,No oil,0,0.0581005315327666,581,-6.243856430053711,10.457555770874023,14.252030372619627,10.670471399900036,14.548767172121917,0.6325530756668482,linear,-6.018314361572266,3.95097017288208
No oil_00091,No oil,0,0.0778007117598837,778,-3.9648666381835938,10.592135429382324,13.676065444946287,2.7395563702904577,10.211893997013336,0.8544755628775398,blob,-2.557109832763672,2.0246145725250244
No oil_00091,No oil,0,0.5304048524092848,5304,-6.118734359741211,11.304762840270996,15.648868560791016,1.614827108339989,14.653762791515554,0.5733434223327208,blob,-4.073297500610352,2.064136028289795
No oil_00091,No oil,0,0.0980008965612932,980,-5.991777420043945,10.950512886047363,14.1250638961792,2.010148518375158,13.46873833406737,0.7585139318885449,blob,-3.4451980590820312,1.0850398540496826
No oil_00091,No oil,0,0.7064064625601787,7064,-6.173336029052734,11.100706100463867,15.471468925476074,3.0278234783339144,11.835614255619731,0.5900680783527544,linear,-3.1988754272460938,2.5477285385131836
No oil_00091,No oil,0,0.4967045441019829,4967,-3.668458938598633,10.085288047790527,14.571821212768556,2.401986486958358,13.948526658088154,0.8609064910304186,blob,-2.1448068618774414,1.876847743988037
No oil_00091,No oil,0,0.1070009788985548,1070,-5.144256591796875,10.634665489196776,13.93418312072754,3.424030208569344,12.281613663441146,0.6268306971294669,linear,-3.094135284423828,2.662292957305908
No oil_00091,No oil,0,0.2043018690558387,2043,-7.175941467285156,10.93784523010254,14.251609802246094,2.9246364813867323,11.65270319966802,0.8213065326633165,blob,-4.318202018737793,3.3774325847625732
No oil_00091,No oil,0,0.150301375032269,1503,-5.755725860595703,10.507838249206545,14.430675506591797,1.9413415765422768,13.172158334367012,0.5214223764093668,blob,-3.371244430541992,1.3076438903808594
No oil_00091,No oil,0,0.2250020584315405,2250,-5.800483703613281,10.670084953308104,14.048477172851562,3.536392763349141,13.532490681331454,0.4948861761794787,linear,-2.9937028884887695,2.2219009399414062
No oil_00091,No oil,0,0.1615014774964168,1615,-4.510486602783203,10.221531867980955,14.427206039428713,2.099001088677128,10.651758077177234,0.6811471952762548,blob,-1.8627548217773438,1.3197059631347656
No oil_00091,No oil,0,0.050400461088665,504,-4.27972412109375,10.229877471923828,14.07448387145996,1.64869845956241,8.27179289599256,0.8344370860927153,blob,-3.007722854614258,2.5752358436584473
No oil_00091,No oil,0,0.2445022368289406,2445,-5.019556045532227,10.560199737548828,13.791118621826172,3.15511144178348,11.474316800764376,0.8455818779180356,linear,-2.930953025817871,2.857232093811035
No oil_00091,No oil,0,0.0886008105645977,886,-4.890665054321289,10.157402992248535,13.710351943969728,3.277449812406113,10.10945836343658,0.8047229791099001,linear,-3.035763740539551,2.517622709274292
No oil_00091,No oil,0,0.0964008819235578,964,-4.362672805786133,10.303096771240234,14.170856475830078,1.8519143128861024,11.406739413377394,0.915914489311164,blob,-2.451200485229492,2.2581632137298584
No oil_00091,No oil,0,0.0628005745311144,628,-4.191940307617188,10.624231338500977,14.198781967163086,4.865761173137338,10.778497315000514,0.7489564698867024,linear,-2.3204660415649414,2.056933879852295
No oil_00091,No oil,0,0.106400973409404,1064,-4.857954025268555,10.64001178741455,14.637163162231444,1.9707857227601084,11.825545434929216,0.7157753111335351,blob,-3.601473808288574,3.176121711730957
No oil_00091,No oil,0,0.1311011993794442,1311,-4.0009613037109375,10.205224990844728,13.510614395141602,2.1050944472113358,10.0692713438696,0.8360969387755102,blob,-1.638803482055664,2.451293706893921
No oil_00091,No oil,0,0.0668006111254529,668,-4.162885665893555,10.59047794342041,14.815963745117188,1.726018351340025,12.278341130336404,0.7438752783964365,blob,-2.622243881225586,2.137336015701294
No oil_00091,No oil,0,0.1623014848152845,1623,-6.225208282470703,11.279057502746582,14.944993019104004,1.2338510134906278,13.22934085858914,0.7657466383581033,blob,-3.7996320724487305,3.698070764541626
No oil_00091,No oil,0,0.2218020291560697,2218,-5.414512634277344,10.56129550933838,14.58062744140625,1.2427000139649016,9.852894991324163,0.8509495492039133,blob,-2.2498092651367188,1.881771206855774
No oil_00091,No oil,0,0.1568014344980691,1568,-4.623199462890625,10.063553810119627,13.65062141418457,1.6122753684231268,9.930982846854045,0.7389255419415646,blob,-1.893702507019043,3.0013720989227295
No oil_00091,No oil,0,0.3769034481015449,3769,-4.88245964050293,10.019880294799805,14.465426445007324,1.6921852908865629,8.832350549219417,0.8255393713722484,blob,-1.74981689453125,2.0621790885925293
No oil_00091,No oil,0,0.2814025744117133,2814,-5.265531539916992,10.21511173248291,14.1514892578125,1.7601077868620358,12.957942664524934,0.6317916479568927,blob,-3.2281055450439453,2.9098763465881348
No oil_00091,No oil,0,0.126301155466238,1263,-5.706987380981445,10.408944129943848,14.347161293029783,1.2220313054930565,12.756952969657002,0.8322899505766063,blob,-2.861064910888672,2.4873664379119873
No oil_00091,No oil,0,0.0745006815695545,745,-5.431020736694336,10.614258766174316,14.087882041931152,9.56144578313253,13.186286046963533,0.8847980997624703,linear,-1.9731931686401367,1.7589191198349
No oil_00091,No oil,0,0.061200559893379,612,-5.935020446777344,10.833009719848633,14.061243057250977,1.6726072835377994,11.573471550734274,0.8863142650253439,blob,-2.860915184020996,2.509413480758667
No oil_00091,No oil,0,0.0561005132355974,561,-6.381914138793945,11.02689266204834,14.057066917419434,1.7041773423341189,13.741006512701237,0.9508474576271186,blob,-2.2829408645629883,2.997748851776123
No oil_00091,No oil,0,0.2426022194466298,2426,-4.823614120483398,10.209450721740724,14.20038604736328,1.3857681187300903,9.478127942421953,0.805578615307986,blob,-2.0684165954589844,2.5999038219451904
No oil_00091,No oil,0,0.2795025570294025,2795,-4.297866821289063,10.287641525268556,14.152490615844728,1.512261267187014,13.024112857201118,0.5734509643003693,blob,-2.3585939407348633,2.8198177814483643
No oil_00091,No oil,0,0.1385012670789704,1385,-5.325897216796875,10.29315948486328,14.353592872619627,2.532258930353691,11.620428396802364,0.7529219896711062,blob,-2.267118453979492,1.6511204242706299
No oil_00091,No oil,0,0.218201996221165,2182,-5.257711410522461,10.317317008972168,14.078121185302734,2.9147511106296013,11.50974861100008,0.6685049019607843,blob,-2.795468330383301,2.592585563659668
No oil_00091,No oil,0,0.364803337403671,3648,-5.952373504638672,10.215673446655272,14.71758270263672,1.2062433770517025,10.091591160029044,0.5511406556881704,blob,-3.6343069076538086,3.5874392986297607
No oil_00091,No oil,0,0.1026009386447824,1026,-4.384561538696289,10.420312881469728,13.903932571411133,1.0992439046201752,11.110362385442636,0.7068549776093697,blob,-2.6910009384155273,0.9322449564933777
No oil_00091,No oil,0,0.214101958711968,2141,-6.246816635131836,10.555635452270508,14.837879180908203,1.4547769437682794,12.632705507148527,0.8272797527047914,blob,-3.93414306640625,3.1265926361083984
No oil_00091,No oil,0,0.114401046598081,1144,-4.879295349121094,11.01361083984375,15.236976623535156,1.285567568706066,11.312499712593024,0.8537313432835821,blob,-3.112508773803711,2.074286937713623
No oil_00091,No oil,0,0.0529004839601266,529,-6.114992141723633,11.391335487365724,14.236902236938477,9.838055757275768,17.626748305734374,0.8981324278438031,linear,-3.0907163619995117,2.2588205337524414
No oil_00091,No oil,0,0.2254020620909743,2254,-5.58746337890625,10.130123138427734,14.246301651000977,1.9113891502655045,9.08167542266956,0.5737558864706631,blob,-2.8389511108398438,2.364264726638794
No oil_00091,No oil,0,0.0688006294226221,688,-7.0402679443359375,10.785439491271973,13.478670120239258,3.492696855988804,14.372708203523093,0.8697850821744627,linear,-3.3631935119628906,2.4091269969940186
No oil_00091,No oil,0,0.0936008563075208,936,-5.767475128173828,10.496041297912598,13.74112319946289,2.874490655094357,12.652354390177209,0.7410926365795725,blob,-3.7585906982421875,3.6207478046417236
No oil_00091,No oil,0,0.0896008197131823,896,-6.261007308959961,10.762039184570312,13.654353141784668,1.8616427625940468,13.273397214400717,1.0,blob,-3.9356374740600586,2.4031424522399902
No oil_00091,No oil,0,0.0606005544042282,606,-7.432056427001953,11.337268829345703,13.779478073120115,3.3159552937857155,15.494904779317755,0.8744588744588745,linear,-3.965658187866211,2.995349645614624
No oil_00091,No oil,0,0.5975054662793131,5975,-7.166181564331055,11.249250411987305,15.608444213867188,1.7392504000211748,13.864842589308871,0.5400397686189443,blob,-3.6845827102661133,2.960008144378662
No oil_00091,No oil,0,0.0905008279469085,905,-6.859891891479492,11.35173511505127,14.400266647338867,1.22789360241079,14.23325726828594,0.9746903607969843,blob,-4.288558006286621,2.8906326293945312
No oil_00091,No oil,0,0.5548050756347497,5548,-7.632696151733398,10.997279167175291,14.719472885131836,1.296078443281062,14.915163305178035,0.7664041994750657,blob,-3.671480178833008,3.184924364089966
No oil_00091,No oil,0,0.0968008855829916,968,-5.992559432983398,10.23655605316162,14.00352954864502,1.2536081438979547,11.936886632498858,0.725365305357812,blob,-3.2364511489868164,1.5036696195602417
No oil_00091,No oil,0,0.608305565084027,6083,-5.805639266967773,10.492321014404297,14.944592475891112,2.1321136177156936,11.87799817950249,0.67033996363436,blob,-3.7325849533081055,2.3062074184417725
No oil_00091,No oil,0,0.1052009624311025,1052,-7.18903923034668,10.698722839355469,14.617120742797852,1.3591266015199344,11.404989889800763,0.8821802935010482,blob,-3.862943649291992,2.666452407836914
No oil_00091,No oil,0,0.0953008718601147,953,-4.485952377319336,10.212043762207031,15.217999458312988,1.402562388466676,12.28860899110441,0.8508928571428571,blob,-1.8840246200561523,2.2241201400756836
No oil_00091,No oil,0,0.0578005287881912,578,-4.727241516113281,10.072436332702637,13.729917526245115,1.7075470607948044,12.197283151866602,0.6376172090457805,blob,-2.0452680587768555,1.7472572326660156
No oil_00091,No oil,0,0.0796007282273361,796,-6.426122665405273,10.761473655700684,14.545438766479492,1.8840769549371283,13.841452697757935,0.6955002184359983,blob,-4.307783126831055,2.1775312423706055
No oil_00092,No oil,0,0.0602005507447945,602,-0.9222640991210938,2.224148988723755,3.639438629150391,1.7398143386061815,5.148358176560823,0.4623655913978494,blob,-0.2699317932128906,1.838015079498291
No oil_00092,No oil,0,0.4906044882956181,4906,-0.1129188537597656,5.498912811279297,9.810543060302734,8.40686586581506,5.308274259020889,0.7645317126383046,linear,-0.6303558349609375,2.3429243564605713
No oil_00092,No oil,0,0.0731006687615362,731,-0.7195568084716797,2.3379969596862797,4.2036895751953125,1.5013061752742112,5.333024471166065,0.6538461538461539,blob,-0.26902198791503906,1.5534210205078125
No oil_00093,No oil,0,1.7940164125608162,17940,-9.384319305419922,13.625076293945312,17.061824798583984,5.496521166610317,19.60927269772728,0.5051102289044683,linear,-12.635001182556152,9.431195259094238
No oil_00093,No oil,0,0.4408040326961024,4408,-3.8347320556640634,10.38893699645996,13.830686569213867,2.0851498833016624,9.865971802885282,0.7278130933707587,blob,-1.5377368927001953,2.595860004425049
No oil_00093,No oil,0,0.3868035386725327,3868,-4.848024368286133,10.61774730682373,13.872747421264648,1.4799702838491329,9.920956317090152,0.6086067185901974,blob,-1.9749336242675781,3.4813807010650635
No oil_00093,No oil,0,0.1554014216900506,1554,-3.684816360473633,10.438108444213867,14.244640350341797,1.7470534636545887,8.334003686541264,0.7715988083416088,blob,-1.2146492004394531,2.9074854850769043
No oil_00093,No oil,0,0.9626088064275594,9626,-4.699522018432617,10.607434272766112,14.724124908447266,1.5851004241884783,11.063178393828917,0.7005567482988246,blob,-2.2685041427612305,2.9891481399536133
No oil_00093,No oil,0,0.5515050454444204,5515,-5.3899688720703125,10.715585708618164,14.97866916656494,1.4031914357003217,11.315437623040816,0.6678372487285057,blob,-2.043039321899414,1.4913156032562256
No oil_00093,No oil,0,0.2031018580775372,2031,-4.560880661010742,11.170549392700195,15.413588523864746,2.404751888137981,14.247433778055967,0.5930792816469558,blob,-1.9351739883422852,1.4864250421524048
No oil_00093,No oil,0,0.0724006623575268,724,-5.647146224975586,10.191561698913574,14.112545013427734,1.8113038769110203,9.065719646216795,0.7561357702349869,blob,-2.444427490234375,1.3858505487442017
No oil_00093,No oil,0,0.3492031946857508,3492,-5.8172607421875,10.829950332641602,14.899909973144531,2.368806628480173,11.794920514146682,0.613330991481514,blob,-2.843259811401367,2.6126797199249268
No oil_00093,No oil,0,0.1863017043813155,1863,-4.854330062866211,10.915185928344728,14.312724113464355,1.1826753448042788,13.312082006871725,0.6191425722831505,blob,-2.8968429565429688,1.3676261901855469
No oil_00093,No oil,0,0.1982018132494725,1982,-6.936038970947266,11.114362716674805,14.832999229431152,1.7165167369349417,12.425856363076427,0.6524028966425279,blob,-3.601914405822754,2.0196244716644287
No oil_00093,No oil,0,0.2352021517471036,2352,-6.131923675537109,10.818211555480955,14.97044277191162,1.5036904134726754,13.292311885752667,0.5620743219022584,blob,-2.8863182067871094,1.5679665803909302
No oil_00093,No oil,0,0.0534004885344189,534,-3.0901031494140625,10.280293464660645,14.168695449829102,2.979279696432896,8.62007501186343,0.6846153846153846,blob,-2.166083335876465,0.9801055192947388
No oil_00093,No oil,0,1.4016128226562097,14016,-7.435710906982422,12.39433479309082,15.149982452392578,1.6406892335103131,18.020826076342576,0.9185097807922932,blob,-10.062889099121094,9.903301239013672
No oil_00093,No oil,0,0.0525004803006927,525,-6.530282974243164,10.866190910339355,13.827472686767578,1.8825186163580252,13.17066009805658,0.7216494845360825,blob,-2.90897274017334,2.432429313659668
No oil_00093,No oil,0,0.0583005333624836,583,-4.5380706787109375,10.710493087768556,13.79373550415039,3.327681193022917,11.276233718902946,0.8091603053435115,linear,-1.8578214645385742,1.9488033056259155
No oil_00093,No oil,0,0.0693006339969144,693,-3.42995834350586,10.707011222839355,13.784257888793944,1.3593156477204538,11.14520869594379,0.7096774193548387,blob,-0.996068000793457,2.432002067565918
No oil_00093,No oil,0,0.1156010575763825,1156,-3.9621543884277344,10.847338676452637,13.781885147094728,1.9125071292623377,10.961898000360138,0.6467132867132868,blob,-1.3323097229003906,2.4328131675720215
No oil_00093,No oil,0,0.2250020584315405,2250,-2.674257278442383,10.670166969299316,14.054620742797852,1.7245268376556102,10.48481242493002,0.8249312557286893,blob,-0.6899576187133789,2.0459961891174316
No oil_00093,No oil,0,0.8369076564504722,8369,-1.9301929473876955,10.423047065734863,14.21733283996582,1.746084187701003,9.241124485545406,0.7266649301033256,blob,-1.7639551162719727,3.5177464485168457
No oil_00093,No oil,0,0.4276039119347854,4276,-4.4053802490234375,10.589163780212402,14.394962310791016,1.722115606876686,10.773431986229292,0.6657325237427993,blob,-2.006326675415039,2.388662338256836
No oil_00093,No oil,0,0.2562023438673808,2562,-2.183624267578125,10.189413070678713,13.985010147094728,1.8955227378263573,9.396373996625652,0.7991266375545851,blob,-0.702937126159668,1.293150544166565
No oil_00093,No oil,0,0.4989045642288691,4989,-1.974142074584961,10.270259857177734,15.020980834960938,1.7937613024264412,9.405301949038448,0.6580925999208548,blob,-0.8959817886352539,2.0879015922546387
No oil_00093,No oil,0,0.0672006147848867,672,-4.91058349609375,10.608112335205078,14.153020858764648,2.037818619798688,11.35639846168035,0.6236658932714617,blob,-2.923943519592285,2.885294198989868
No oil_00093,No oil,0,0.1571014372426445,1571,-3.2607574462890625,10.599507331848145,13.98686981201172,2.808086208220652,10.297981823253098,0.7219669117647058,blob,-0.5008544921875,1.4371006488800049
No oil_00093,No oil,0,0.3041027820845843,3041,-2.6312694549560547,10.053655624389648,13.822511672973633,1.587006411605502,8.713173508131447,0.7706538266599088,blob,-1.585439682006836,1.8923646211624146
No oil_00093,No oil,0,1.0016091632223598,10016,-1.8410682678222656,10.462885856628418,15.01755428314209,2.239608516934376,8.879765891390893,0.6432677177996853,blob,-0.5853977203369141,1.6175733804702759
No oil_00093,No oil,0,0.1402012826315643,1402,-2.7042198181152344,10.29079532623291,14.31216812133789,1.5282951948258576,8.757637883528243,0.7841163310961968,blob,-0.8135051727294922,1.416504979133606
No oil_00093,No oil,0,0.2145019623714019,2145,-2.870824813842773,10.557856559753418,14.449141502380373,5.537239912274251,9.79145858245568,0.7012095456031383,linear,-1.4979925155639648,2.0805325508117676
No oil_00094,No oil,0,0.5740052512875756,5740,-6.134113311767578,10.807860374450684,16.995107650756836,1.6839911107290968,15.358891285512316,0.5549647104321763,blob,-5.3885908126831055,3.465629816055298
No oil_00094,No oil,0,0.2726024939041692,2726,-4.619182586669922,10.077195167541504,14.709688186645508,1.729125311047467,11.585291322670503,0.7661607644744238,blob,-3.523951530456543,2.552576780319214
No oil_00094,No oil,0,0.5409049484694245,5409,-5.837574005126953,10.036500930786133,15.854961395263672,1.3932728961536798,10.682150936414333,0.8018084790987252,blob,-4.668448448181152,2.783992290496826
No oil_00094,No oil,0,0.3307030254369359,3307,-3.896083831787109,9.5545072555542,13.261032104492188,2.159386538392316,9.638248186894828,0.5924399856682193,blob,-1.4268913269042969,2.739854574203491
No oil_00094,No oil,0,0.0576005269584744,576,-7.446012496948242,11.228358268737791,14.829214096069336,1.2320101780664108,11.553408179754324,0.9238171611868484,blob,-4.15415096282959,1.4662202596664429
No oil_00094,No oil,0,0.1781016293629219,1781,-5.413858413696289,9.990660667419434,13.771812438964844,1.4001146653498582,11.97603512261202,0.9036022323693556,blob,-2.2558088302612305,2.8538644313812256
No oil_00094,No oil,0,0.2750025158607723,2750,-6.502145767211914,9.53024673461914,14.572181701660156,2.4438920047258,11.873934843053885,0.5760972033099403,blob,-4.5712738037109375,2.579564332962036
No oil_00094,No oil,0,0.4676042778781713,4676,-4.6076507568359375,9.872310638427734,14.177434921264648,1.1477688444466696,11.327978191399817,0.6326185483325442,blob,-2.506204605102539,2.5185680389404297
No oil_00094,No oil,0,0.1260011527216629,1260,-5.922258377075195,10.101967811584473,14.25245475769043,7.865129618572953,16.461418183966554,0.7100591715976331,linear,-6.458477020263672,2.624814033508301
No oil_00094,No oil,0,0.0700006404009238,700,-4.646614074707031,9.29940414428711,12.804227828979492,1.9601245941835796,10.436684036190828,0.6815968841285297,blob,-2.1844892501831055,3.3020095825195312
No oil_00094,No oil,0,1.1453104778739729,11453,-5.09568977355957,9.889359474182127,14.73093318939209,2.042473580681965,12.251701345359413,0.6726573282823833,blob,-2.681044578552246,1.563987374305725
No oil_00094,No oil,0,0.1674015314730664,1674,-5.013511657714844,9.795940399169922,13.407812118530272,1.6698441369427937,9.196514802946613,0.8866525423728814,blob,-2.052363395690918,1.015011191368103
No oil_00094,No oil,0,0.0593005425110683,593,-5.500469207763672,9.756997108459473,13.060441970825195,1.3827207768557952,11.12054445128584,0.8707782672540382,blob,-1.8766536712646484,0.9341855645179749
No oil_00094,No oil,0,0.070700646804933,707,-5.418725967407227,9.800226211547852,12.837017059326172,3.249824742820278,11.704220647838964,0.8140472078295913,linear,-2.6355791091918945,2.6454274654388428
No oil_00094,No oil,0,0.3487031901114592,3487,-6.264286041259766,10.978063583374023,15.216230392456056,2.352805237000563,12.873944642824176,0.6624240121580547,blob,-4.10537052154541,1.6882154941558838
No oil_00094,No oil,0,0.1937017720808421,1937,-6.036298751831055,10.475702285766602,13.5848970413208,1.7989210806190978,11.870626606556597,0.9199715032058894,blob,-3.652313232421875,1.3738211393356323
No oil_00094,No oil,0,0.1320012076131707,1320,-5.915414810180664,10.782049179077148,13.31124496459961,4.603117437821908,13.780044703033417,0.8826479438314945,linear,-4.18781852722168,1.4677265882492065
No oil_00094,No oil,0,0.0503004601738067,503,-7.218368530273437,10.79596996307373,13.923032760620115,2.1996347615172,13.916589883880922,0.8801399825021873,blob,-4.383335113525391,1.0196552276611328
No oil_00094,No oil,0,0.2694024646286984,2694,-6.038383483886719,9.763687133789062,13.33316421508789,1.1876317756259966,11.230400558133727,0.8189694482444141,blob,-3.541658401489258,1.7355908155441284
No oil_00094,No oil,0,0.13920127348298,1392,-5.886480331420898,10.621593475341797,13.427711486816406,3.345311463113372,13.241319744397847,0.7134802665299846,linear,-4.036733627319336,1.2496018409729004
No oil_00094,No oil,0,0.2394021901711595,2394,-5.32188606262207,9.868964195251465,13.550743103027344,1.1558427323459193,12.550931526204993,0.5448338643604915,blob,-3.611583709716797,2.1116621494293213
No oil_00094,No oil,0,0.0956008746046902,956,-5.602153778076172,10.572649955749512,13.599115371704102,2.18551807855577,12.709754209778383,0.7439688715953308,blob,-3.5787744522094727,1.0207605361938477
No oil_00094,No oil,0,1.5326140211207986,15326,-4.373964309692383,9.77173900604248,14.692726135253906,3.753342549944021,11.458219373645438,0.3975048955401953,linear,-2.561406135559082,1.9853817224502563
No oil_00094,No oil,0,0.0752006879735639,752,-5.962848663330078,10.466618537902832,14.440199851989746,5.8758542015426825,11.659778865690848,0.9115151515151516,linear,-2.8244123458862305,2.0614287853240967
No oil_00094,No oil,0,0.9830089930586878,9830,-6.227022171020508,10.884719848632812,15.000347137451172,1.2618179299776346,13.871488313888872,0.4758792631859221,blob,-3.6088857650756836,1.9228404760360718
No oil_00094,No oil,0,0.0997009121138872,997,-5.638666152954102,9.81231689453125,13.164812088012695,1.6628273861034286,12.141549277385929,0.7016185784658691,blob,-3.504998207092285,0.9848800301551819
No oil_00094,No oil,0,0.0551005040870129,551,-6.11829948425293,9.801468849182127,12.629051208496094,6.8192972616938485,13.54303689527809,0.6377314814814815,linear,-5.844282150268555,3.541806221008301
No oil_00094,No oil,0,0.828507579602363,8285,-6.13102912902832,10.882583618164062,15.884810447692873,2.825990996462321,12.409486334523391,0.6395214203010421,blob,-3.0716381072998047,2.5063319206237793
No oil_00094,No oil,0,0.0631005772756899,631,-6.006322860717773,9.71480655670166,12.798382759094238,3.4571152651985404,12.049632936303018,0.9111913357400722,linear,-3.5337343215942383,3.0594186782836914
No oil_00094,No oil,0,0.690606318012543,6906,-4.376266479492188,9.4420747756958,15.007568359375,1.8230622628828068,12.660810593285136,0.7702860967040321,blob,-2.525444984436035,1.6397802829742432
No oil_00094,No oil,0,0.0853007803742686,853,-7.147834777832031,9.705347061157228,13.681459426879885,1.4862183537839502,9.72584225737831,0.8726342710997442,blob,-3.453213691711426,1.2673869132995605
No oil_00094,No oil,0,0.2737025039676122,2737,-4.641860961914063,9.636284828186035,13.553133010864258,1.6694850868270588,10.628258997395886,0.4328983788058521,blob,-2.465548515319824,1.832268476486206
No oil_00094,No oil,0,0.0529004839601267,529,-5.341152191162109,9.318008422851562,13.15976619720459,3.115003857401109,15.985414206269905,0.5734417344173441,linear,-2.7649106979370117,1.351758360862732
No oil_00094,No oil,0,0.2264020712395594,2264,-7.287176132202148,11.36562728881836,14.929747581481934,2.883473508974539,14.140197684666653,0.8632983794089609,blob,-3.7937583923339844,3.011369466781616
No oil_00094,No oil,0,0.0660006038065853,660,-5.057044982910156,9.480411529541016,12.715206146240234,1.9884025150093447,13.020443749564029,1.0,blob,-3.1164398193359375,1.960544466972351
No oil_00094,No oil,0,0.0570005214693237,570,-4.266029357910156,10.054807662963867,12.992183685302734,6.342326804820295,11.57677089866684,0.7242693773824651,linear,-2.4087753295898438,1.497006893157959
No oil_00094,No oil,0,0.3111028461246773,3111,-4.747051239013672,9.698747634887695,13.445545196533203,3.3462935980993875,9.491942801346218,0.6789611523352248,linear,-2.2288522720336914,1.758111834526062
No oil_00094,No oil,0,0.1668015259839157,1668,-4.454133987426758,9.723721504211426,13.415185928344728,1.1967610234616106,11.211432827606174,0.6838868388683886,blob,-2.0266618728637695,1.4711041450500488
No oil_00094,No oil,0,0.6004054928102097,6004,-5.356052398681641,10.034485816955566,14.535151481628418,1.174809138498952,14.214549088351276,0.4145549955119795,blob,-2.9386043548583984,2.105616807937622
No oil_00094,No oil,0,0.183301676935562,1833,-5.208873748779297,9.663980484008787,12.837182998657228,2.4444460128010417,12.892650112230386,0.697223278813237,blob,-2.368344306945801,1.438761830329895
No oil_00094,No oil,0,0.0855007822039855,855,-4.519386291503906,9.476743698120115,14.129107475280762,1.6138251419068912,9.920683124096836,0.7332761578044596,blob,-2.8313026428222656,1.9072271585464478
No oil_00094,No oil,0,0.2604023822914367,2604,-5.447765350341797,10.667763710021973,14.395398139953612,3.583638387978738,12.669823346735418,0.5886741268226517,linear,-2.4517269134521484,2.569307565689087
No oil_00094,No oil,0,0.3739034206557918,3739,-5.607698440551758,9.707051277160645,12.995692253112791,3.417137701847963,11.16894081507385,0.7666598318638508,linear,-3.2236242294311523,2.4000465869903564
No oil_00094,No oil,0,0.4557041690100142,4557,-4.689830780029297,10.10196018218994,13.89573860168457,3.709395506835825,10.384540355507486,0.5716974030861874,linear,-2.7359447479248047,1.98478364944458
No oil_00094,No oil,0,0.0559005114058806,559,-4.562309265136719,10.273849487304688,12.933999061584473,1.919993969564824,10.485760513420908,0.9991063449508488,blob,-3.204148292541504,2.7719459533691406
No oil_00094,No oil,0,0.4197038396609677,4197,-4.020357131958008,9.33249568939209,14.293356895446776,1.8254313500140136,12.03650816221058,0.6479351601698186,blob,-2.6075286865234375,1.6646758317947388
No oil_00094,No oil,0,0.1497013695431185,1497,-4.34614372253418,9.887919425964355,13.157346725463867,2.286810953493072,10.739994557664506,0.9039855072463768,blob,-2.5849227905273438,1.7488480806350708
No oil_00094,No oil,0,0.2151019678605531,2151,-4.512327194213867,9.668671607971191,14.338433265686035,3.116647242307274,11.118260791088728,0.7602049832125817,linear,-2.341747283935547,2.3844285011291504
No oil_00094,No oil,0,0.0584005342773421,584,-5.8685302734375,10.291177749633787,13.616539001464844,4.578904816091248,14.135610166379209,0.8936495791889824,linear,-4.013421058654785,1.9711359739303589
No oil_00094,No oil,0,0.0510004665778159,510,-3.795822143554688,9.48101806640625,12.731410026550291,1.6994257624112503,12.629180874650965,0.9622641509433962,blob,-2.2828922271728516,1.3848481178283691
No oil_00094,No oil,0,0.0711006504643669,711,-4.998605728149414,10.336629867553713,12.98045825958252,3.093302851039795,13.308963040754737,0.8464285714285714,linear,-2.6745758056640625,2.049438953399658
No oil_00094,No oil,0,0.4597042056043527,4597,-4.817148208618164,9.523096084594728,14.084101676940918,1.186955049362574,12.639526968525676,0.6643063583815029,blob,-2.8014135360717773,1.9462344646453857
No oil_00094,No oil,0,0.1411012908652908,1411,-5.572769165039063,10.419339179992676,14.263567924499512,6.102097587386172,14.29352791059858,0.7649769585253456,linear,-3.2344932556152344,3.03080153465271
No oil_00094,No oil,0,0.3970036319880967,3970,-4.583362579345703,9.523908615112305,13.59804916381836,2.084393527984388,11.820718882656756,0.4733516155955645,blob,-2.646211624145508,1.8313640356063843
No oil_00094,No oil,0,0.182001665042402,1820,-5.422245025634766,10.035573959350586,14.998320579528809,1.5035736563303252,13.25623450008508,0.6168446026097272,blob,-3.924616813659668,2.39042329788208
No oil_00094,No oil,0,0.052100476641259,521,-5.551765441894531,10.000001907348633,12.572236061096191,6.621470759403534,14.060327727960775,0.7656135194709772,linear,-3.4573535919189453,1.22474205493927
No oil_00094,No oil,0,0.1257011499770875,1257,-3.9502201080322266,9.64431858062744,13.36881160736084,2.4786650100583274,11.422191568361432,0.7385428907168038,blob,-1.2120485305786133,1.7559131383895874
No oil_00094,No oil,0,0.157801443646654,1578,-3.9610347747802734,9.982009887695312,13.176592826843262,2.287718155765569,9.885289250214056,0.684747233673248,blob,-1.7721872329711914,2.4342403411865234
No oil_00094,No oil,0,0.1274011655296814,1274,-4.868255615234375,9.531760215759276,13.0178804397583,1.4187765518644422,10.475259352281428,0.9003533568904594,blob,-2.4374189376831055,1.8903114795684814
No oil_00094,No oil,0,0.0896008197131825,896,-5.392433166503906,10.082661628723145,12.744939804077148,1.7332584206549215,10.187577245498469,0.7700902449505801,blob,-3.0411949157714844,2.469892978668213
No oil_00094,No oil,0,0.0622005690419637,622,-5.313079833984375,9.702983856201172,12.72922420501709,2.659586223019004,12.34188255830036,0.8754398311048557,blob,-3.0261449813842773,2.4480230808258057
No oil_00094,No oil,0,0.0922008434995025,922,-6.19334602355957,10.179000854492188,13.141844749450684,3.821826303251388,14.83655270398007,0.6391681109185442,linear,-3.1956214904785156,1.9300422668457031
No oil_00094,No oil,0,0.639605851434727,6396,-5.514572143554688,10.264683723449709,15.572206497192385,3.1928733970002567,12.752945336620256,0.5617918313570488,linear,-3.6449222564697266,2.3880956172943115
No oil_00094,No oil,0,0.0671006138700284,671,-5.414228439331055,10.091815948486328,13.257184028625488,1.2921445488557577,15.635892954539557,0.8697342838626053,blob,-2.8092594146728516,3.148494243621826
No oil_00094,No oil,0,0.3726034087626318,3726,-4.538948059082031,10.19180965423584,14.48005485534668,1.523801149841224,12.251376964950875,0.5233513589437461,blob,-2.295217514038086,2.4180245399475098
No oil_00094,No oil,0,0.1867017080407497,1867,-4.727964401245117,9.825838088989258,13.62311840057373,1.6524305627259612,10.85169521564158,0.7970117395944504,blob,-2.5094709396362305,3.101914405822754
No oil_00094,No oil,0,0.07350067242097,735,-4.136480331420898,9.63413429260254,12.87290859222412,3.5585363152551137,10.29980821139272,0.8028399781540142,linear,-2.0388965606689453,3.172917604446411
No oil_00094,No oil,0,0.4039036951133306,4039,-4.5814971923828125,9.749748229980469,13.67015552520752,1.5556832029805316,11.174340174552931,0.8248749106504646,blob,-1.882948875427246,1.9313551187515259
No oil_00094,No oil,0,0.4231038707661554,4231,-5.864353179931641,10.369372367858888,15.252220153808594,1.7433918003222977,13.266198450189265,0.6559181458801643,blob,-3.8718948364257812,2.543828010559082
No oil_00094,No oil,0,0.1196010941707213,1196,-5.563529968261719,10.143430709838867,13.6122407913208,1.126057682766897,12.010351593862662,0.8622927180966113,blob,-2.441168785095215,2.1190035343170166
No oil_00094,No oil,0,0.07220066052781,722,-6.011484146118164,10.74771785736084,14.11963939666748,1.8786182077973503,13.94990328386192,0.6945646945646946,blob,-2.7174596786499023,2.165879964828491
No oil_00094,No oil,0,0.1061009706648288,1061,-5.535144805908203,10.08779239654541,12.990702629089355,4.353496681694297,12.31093490183414,0.6932375040836328,linear,-3.0439023971557617,2.079932689666748
No oil_00094,No oil,0,0.184601688828722,1846,-5.062297821044922,9.96623420715332,13.495452880859377,1.392828138919891,12.233879051221908,0.6461323066153307,blob,-3.0074548721313477,2.203565835952759
No oil_00094,No oil,0,0.0708006477197915,708,-5.339933395385742,10.21593189239502,12.999791145324709,1.3304062997758062,11.894352435121764,0.9194805194805196,blob,-2.001066207885742,2.4696907997131348
No oil_00094,No oil,0,0.2263020703247009,2263,-4.390522003173828,9.812061309814451,13.593552589416504,1.1034304513265727,10.195609005773068,0.8461394653206207,blob,-2.2307653427124023,2.8149709701538086
No oil_00094,No oil,0,0.7286066656587589,7286,-4.596124649047852,9.850921630859377,15.112201690673828,2.268998751500433,12.1220784839226,0.4612706150485898,blob,-2.5045089721679688,1.881071925163269
No oil_00094,No oil,0,0.5533050619118738,5533,-4.802181243896484,10.216690063476562,15.772327423095703,1.3052613189214075,11.388380119836786,0.3852527503133268,blob,-2.667231559753418,1.8295526504516602
No oil_00094,No oil,0,0.4532041461385527,4532,-5.629526138305664,10.172981262207031,13.537152290344238,1.2844276829954513,11.315260989088856,0.5806906272022551,blob,-3.5442819595336914,3.478088855743408
No oil_00094,No oil,0,0.1403012835464231,1403,-4.821958541870117,9.800256729125977,13.076237678527832,2.335064195502551,8.873511817896762,0.852110537503796,blob,-2.5611162185668945,1.4359699487686157
No oil_00094,No oil,0,0.1373012561006692,1373,-4.698358535766602,9.940579414367676,13.938247680664062,1.634391253981577,11.303482349621824,0.6877034810919108,blob,-3.7281837463378906,1.2363799810409546
No oil_00094,No oil,0,0.2340021407688026,2340,-6.577159881591797,10.926887512207031,15.358688354492188,1.409117564003286,12.386946368853284,0.819614711033275,blob,-3.6738386154174805,2.7450971603393555
No oil_00094,No oil,0,0.0612005598933791,612,-4.756330490112305,10.461641311645508,13.88255786895752,2.724072034950457,13.145926698004311,0.8453038674033149,blob,-2.0376625061035156,2.7880971431732178
No oil_00094,No oil,0,0.2233020428789471,2233,-6.313180923461914,10.29499053955078,14.514671325683594,3.4217960648384325,14.47302631988589,0.6511153229333723,linear,-3.342320442199707,2.0516269207000732
No oil_00094,No oil,0,0.2362021608956887,2362,-5.837310791015625,10.25168228149414,13.881037712097168,2.236637588202655,13.624238005971916,0.5116430196035958,blob,-4.022058486938477,3.056671142578125
No oil_00094,No oil,0,1.351212361567547,13512,-7.059970855712891,11.13613986968994,16.10511016845703,2.3783651852587147,15.15897723097441,0.4884855934347999,blob,-4.189243316650391,2.325521230697632
No oil_00094,No oil,0,0.2217020282412116,2217,-5.853511810302734,10.04808521270752,13.607144355773926,2.0419890408584216,12.583844270154891,0.677774380923265,blob,-2.932891845703125,1.5940604209899902
No oil_00094,No oil,0,0.1233011280204844,1233,-5.1611175537109375,9.76789379119873,14.000726699829102,2.5878528667646226,10.169084265187088,0.8173682466025853,blob,-3.000369071960449,2.2072553634643555
No oil_00094,No oil,0,0.066800611125453,668,-6.323745727539063,10.479364395141602,13.647619247436523,3.5035303364748307,13.520591814834107,0.8954423592493298,linear,-3.6271896362304688,2.9834587574005127
No oil_00094,No oil,0,0.7797071331514333,7797,-7.186920166015625,10.963759422302246,15.656782150268556,1.3408818197240229,14.290172480980806,0.7914530782114398,blob,-3.8719539642333984,2.563929319381714
No oil_00094,No oil,0,0.1486013594796754,1486,-5.808710098266602,9.81280517578125,15.056976318359377,1.340563119889975,13.421728880059286,0.7106647537063606,blob,-3.529829978942871,2.2983345985412598
No oil_00094,No oil,0,0.7011064140726816,7011,-5.537317276000977,10.164149284362791,16.11004638671875,2.817246723985356,13.584588180163104,0.760412147505423,blob,-3.775242805480957,2.352217197418213
No oil_00094,No oil,0,0.1084009917065735,1084,-7.336050033569336,11.035673141479492,14.232460975646973,1.3102743571967883,15.90148099219396,0.9348857266062958,blob,-4.667032241821289,2.690352201461792
No oil_00094,No oil,0,0.1867017080407497,1867,-5.8709564208984375,10.326967239379885,13.934494018554688,1.5023772949067178,10.262268078074053,0.7240643785146403,blob,-2.5094709396362305,3.101914405822754
No oil_00094,No oil,0,0.1062009715796873,1062,-4.215065002441406,10.034171104431152,14.144356727600098,1.6402804144680736,13.277391073216767,0.866938775510204,blob,-2.276399612426758,2.4124069213867188
No oil_00094,No oil,0,0.0852007794594101,852,-5.504131317138672,10.178715705871582,14.64236831665039,1.9528476568004305,12.299329267512004,0.6788844621513944,blob,-3.1948423385620117,1.780060052871704
No oil_00094,No oil,0,0.1544014125414663,1544,-5.417217254638672,10.707876205444336,14.357210159301758,1.5531835046818572,11.482973693072273,0.8657134847210541,blob,-2.7754859924316406,2.3093981742858887
No oil_00094,No oil,0,0.1935017702511252,1935,-4.692224502563477,10.072013854980469,14.459491729736328,2.0440585855003306,12.975836783188615,0.5850340136054422,blob,-3.882391929626465,1.825535535812378
No oil_00094,No oil,0,0.056000512320739,560,-4.047397613525391,9.916983604431152,13.931116104125977,1.217135549493571,10.607503722759342,0.8938547486033519,blob,-2.2808704376220703,1.7840074300765991
No oil_00094,No oil,0,0.0619005662973883,619,-4.964702606201172,10.425678253173828,14.58398151397705,1.479604020171729,10.242914264037688,0.919079435783222,blob,-2.4077396392822266,2.429713487625122
No oil_00094,No oil,0,0.1981018123346145,1981,-6.053047180175781,10.85678005218506,15.076089859008787,1.2854934465159402,12.214979217480533,0.5747026399767914,blob,-3.5726537704467773,2.865543842315674
No oil_00094,No oil,0,2.351721514726466,23517,-4.260639190673828,9.795843124389648,15.28799057006836,1.2123245879641174,10.855843474522432,0.6227276939983317,blob,-2.387568473815918,2.4888696670532227
No oil_00094,No oil,0,0.1654015131758972,1654,-4.730146408081055,10.377729415893556,14.233501434326172,2.76266394033469,11.395401738615345,0.7794533459000943,blob,-2.834451675415039,2.7137701511383057
No oil_00094,No oil,0,0.3662033502116902,3662,-5.965103149414063,10.178060531616213,15.733404159545898,1.5449221818548644,12.716486445315018,0.6663633882267309,blob,-3.6609745025634766,2.1512749195098877
No oil_00094,No oil,0,0.109601002684875,1096,-5.965396881103516,10.68132495880127,14.59376049041748,1.5472860478377255,13.35119637969401,0.7075532601678503,blob,-2.6960439682006836,1.8355897665023804
No oil_00094,No oil,0,0.4682042833673221,4682,-6.006874084472656,10.072473526000977,13.90997314453125,3.17754112062703,12.283340933138511,0.596053469127944,linear,-3.4292163848876953,1.7649675607681274
No oil_00094,No oil,0,0.064200587339133,642,-7.171165466308594,10.242536544799805,14.99635124206543,2.0973338347008905,14.543284093007996,0.7838827838827839,blob,-4.188817977905273,1.5437387228012085
No oil_00094,No oil,0,0.0644005891688499,644,-4.675592422485352,9.348155975341797,13.1915283203125,1.5671037686004576,11.786393019902835,0.7240022484541877,blob,-1.8996562957763672,1.9262551069259644
No oil_00094,No oil,0,0.7935072594019011,7935,-4.606222152709961,10.33907699584961,16.10451889038086,1.4461081675208465,12.758212774610502,0.5836704670834866,blob,-2.2352590560913086,1.818779706954956
No oil_00094,No oil,0,0.0900008233726163,900,-4.210781097412109,9.779528617858888,13.017433166503906,1.5411354706460298,9.073976459240352,0.7627118644067796,blob,-1.9215946197509766,2.2331602573394775
No oil_00094,No oil,0,0.0747006833992715,747,-4.812414169311523,9.852859497070312,13.668968200683594,1.654817770866262,9.293646552882633,0.8402699662542182,blob,-3.490633964538574,2.8672590255737305
No oil_00094,No oil,0,0.0978008947315764,978,-7.543613433837891,10.606571197509766,14.290306091308594,2.087314597811797,16.149379816478564,0.8019680196801968,blob,-4.269606590270996,1.8214234113693237
No oil_00094,No oil,0,0.090800830691484,908,-7.026447296142578,10.38702392578125,14.99728775024414,1.4960637296769832,15.539057751589969,0.6560693641618497,blob,-3.8292007446289062,1.8468754291534424
No oil_00095,No oil,0,0.1488013613093924,1488,-3.2405776977539062,9.407463073730469,13.234286308288574,1.2693755602725538,10.32968475069202,0.7689922480620155,blob,-1.7177133560180664,2.243837356567383
No oil_00095,No oil,0,0.1723015763011311,1723,-5.5078125,9.7142972946167,14.313176155090332,1.375840889282654,10.091967473060793,0.8483505662235352,blob,-3.932112693786621,1.8535710573196411
No oil_00095,No oil,0,0.7126065192814048,7126,-5.460988998413086,9.903103828430176,15.84980297088623,1.469394673036507,13.7239701947419,0.7277369281045751,blob,-2.434690475463867,1.709022879600525
No oil_00095,No oil,0,0.0781007145044593,781,-2.281591415405273,8.853824615478516,12.62947940826416,1.2627694229070696,9.75892613231828,0.9049826187717266,blob,-1.064467430114746,2.0844664573669434
No oil_00095,No oil,0,0.291802669556994,2918,-3.925027847290039,9.571565628051758,14.658329010009766,2.0271470269224263,11.018900289647144,0.4878374989551116,blob,-3.3471975326538086,2.3175981044769287
No oil_00095,No oil,0,0.0973008901572841,973,-3.771566390991211,10.041048049926758,13.779986381530762,1.503405947918781,11.21944685172175,0.8718637992831542,blob,-2.764498710632324,3.475367546081543
No oil_00095,No oil,0,0.098800903880161,988,-6.945636749267578,10.03407859802246,14.357054710388184,1.057984835187706,15.98792553684744,0.5365191420038012,blob,-3.8362951278686523,1.7811758518218994
No oil_00095,No oil,0,0.1097010035997335,1097,-7.292089462280273,10.80424690246582,14.828993797302246,2.005720993153396,15.963367513940115,0.8021937842778794,blob,-4.165517807006836,1.8579069375991821
No oil_00095,No oil,0,0.1393012743978384,1393,-7.131290435791016,10.202046394348145,14.901690483093262,1.826949846132476,17.034350140321852,0.6040763226366002,blob,-4.625392913818359,2.116213798522949
No oil_00095,No oil,0,0.2149019660308362,2149,-6.096612930297852,9.490500450134276,14.398831367492676,1.6023773624767883,12.95366784183536,0.8327843441193568,blob,-3.3531293869018555,1.6935093402862549
No oil_00095,No oil,0,0.1046009569419519,1046,-4.952764511108398,10.238840103149414,13.906485557556152,1.3933008803290687,13.40943984453067,0.7912254160363086,blob,-2.6975440979003906,1.7606219053268433
No oil_00095,No oil,0,0.1710015644079711,1710,-8.153884887695312,9.624774932861328,13.17006492614746,1.686015428402387,12.108347522084628,0.6412900806300393,blob,-4.977561950683594,1.96970796585083
No oil_00095,No oil,0,0.1173010731289766,1173,-5.046848297119141,10.073018074035645,14.715328216552734,1.6721472660623389,13.0971799507406,0.5809806835066865,blob,-2.593764305114746,1.5735766887664795
No oil_00095,No oil,0,0.246202252381535,2462,-3.681905746459961,9.605053901672363,14.532848358154297,2.4922405270463868,9.424459493737883,0.787462018231249,blob,-2.3893823623657227,1.6982017755508423
No oil_00095,No oil,0,0.2541023246553536,2541,-4.994941711425781,9.062488555908203,14.326309204101562,1.4364311554173523,13.2273460871268,0.6320109439124487,blob,-3.4114208221435547,1.527958869934082
No oil_00095,No oil,0,0.0933008535629456,933,-3.534027099609375,8.827377319335938,12.55478286743164,1.5558276868811085,10.369460213232877,0.8462585034013606,blob,-2.948134422302246,2.175323247909546
No oil_00095,No oil,0,0.0658006019768684,658,-5.450185775756836,10.395859718322754,13.207807540893556,3.0078686771371776,13.78508786993336,0.8970688479890934,linear,-4.123265266418457,3.15116024017334
No oil_00095,No oil,0,0.0718006568683761,718,-4.548507690429688,9.145098686218262,12.882354736328123,1.8748154562200905,10.536388526382382,0.7123015873015873,blob,-2.5910215377807617,1.829148530960083
No oil_00095,No oil,0,0.091000832521201,910,-4.655567169189453,9.02976131439209,12.329710006713867,1.7584889639853545,10.401087749984438,0.8125,blob,-2.252544403076172,1.918900966644287
No oil_00095,No oil,0,0.3846035185456473,3846,-4.798511505126953,10.000371932983398,15.228118896484377,2.2850670149515726,12.840144700579549,0.5201866504361939,blob,-2.9356794357299805,1.8705395460128784
No oil_00095,No oil,0,0.0946008654561056,946,-5.530689239501953,9.85955047607422,14.6590576171875,4.417561156022059,11.031379373824008,0.7083489329839011,linear,-3.269397735595703,1.571205973625183
No oil_00095,No oil,0,0.0608005562339452,608,-6.202348709106445,11.091907501220703,14.519889831542969,2.220222644902469,17.320714797446442,0.9589905362776026,blob,-4.123936653137207,2.1867148876190186
No oil_00095,No oil,0,0.2410022048088949,2410,-4.356742858886719,9.39845085144043,12.755229949951172,1.5165223700685304,11.221356248798546,0.6406166932482722,blob,-2.3528871536254883,2.3699214458465576
No oil_00095,No oil,0,0.3098028342315173,3098,-5.170366287231445,9.993124008178713,14.81805419921875,2.3858966041458243,15.18256360139402,0.531161594513502,blob,-2.8354406356811523,1.596226692199707
No oil_00095,No oil,0,0.0877008023308717,877,-4.744274139404297,9.692729949951172,13.997568130493164,1.7812475510386956,10.535801693012878,0.7696358051777096,blob,-3.6563472747802734,3.9450864791870117
No oil_00095,No oil,0,0.1884017235933436,1884,-5.094379425048828,9.667844772338867,13.694798469543455,1.3063729619908022,12.651249434851971,0.4583384016542999,blob,-2.527069091796875,2.0865445137023926
No oil_00095,No oil,0,0.177901627533205,1779,-6.169778823852539,10.016517639160156,14.003091812133787,1.116536333067384,13.058534145902897,0.7019135924245413,blob,-3.5797529220581055,1.9455231428146362
No oil_00095,No oil,0,0.0649005937431422,649,-5.005064010620117,9.651753425598145,13.12322998046875,3.7513774080598954,12.257514127271795,0.7489901904212348,linear,-3.2160263061523438,2.3279550075531006
No oil_00095,No oil,0,0.1832016760207035,1832,-5.778257369995117,10.48806095123291,14.846046447753906,1.3421927249808705,13.113129531182295,0.6861423220973782,blob,-4.337150573730469,2.4372782707214355
No oil_00095,No oil,0,0.0574005251287575,574,-5.393955230712891,10.234127044677734,13.650224685668944,2.94973853584621,14.256430244864534,0.8153409090909091,blob,-3.36614990234375,2.350961685180664
No oil_00095,No oil,0,0.2023018507586699,2023,-5.270893096923828,9.800752639770508,13.942683219909668,2.55616385111823,12.498760499771972,0.7455316012529943,blob,-2.8527050018310547,3.0972838401794434
No oil_00095,No oil,0,0.086900795012004,869,-7.062541961669922,10.46719455718994,13.26218318939209,3.329290853881003,17.312166765289934,0.9019200830306175,linear,-4.251156806945801,2.8912971019744873
No oil_00095,No oil,0,0.1330012167617553,1330,-5.309558868408203,9.63015365600586,12.75092887878418,2.964151977024469,12.716832150355623,0.6855670103092784,blob,-2.5771055221557617,2.177276849746704
No oil_00095,No oil,0,0.2777025405619507,2777,-5.658891677856445,9.541162490844728,12.96571159362793,2.0688594344868827,13.487012249710022,0.595603217158177,blob,-3.3959808349609375,2.876173734664917
No oil_00095,No oil,0,0.0637005827648407,637,-3.8774280548095694,8.970163345336914,12.129121780395508,1.0257297800219012,8.406953333494092,0.6722955145118733,blob,-1.547001838684082,1.5388110876083374
No oil_00095,No oil,0,0.1816016613829681,1816,-5.70802116394043,10.201045036315918,13.653308868408203,2.6526733387134214,14.59438719793539,0.771780705482363,blob,-3.7459793090820312,2.9708080291748047
No oil_00095,No oil,0,0.0951008700303979,951,-4.497724533081055,9.054911613464355,12.114996910095217,2.14917612880612,10.240968630395583,0.8280365694383979,blob,-2.4590444564819336,2.0505058765411377
No oil_00095,No oil,0,0.0669006120403115,669,-6.646575927734375,10.382075309753418,13.756610870361328,1.4675865513613318,11.0925012718238,0.931106471816284,blob,-4.792048454284668,3.7465691566467285
No oil_00095,No oil,0,0.1692015479405188,1692,-2.992103576660156,9.13072681427002,13.12087059020996,6.015341973669976,9.785163791255476,0.6650943396226415,linear,-1.5131874084472656,2.1893625259399414
No oil_00095,No oil,0,0.1747015982577342,1747,-4.562124252319336,9.0223388671875,12.4668550491333,1.6435520124914882,10.43463704442311,0.6608662757707585,blob,-1.642622947692871,1.2507789134979248
No oil_00095,No oil,0,2.4742226354280827,24742,-4.060333251953125,9.34120750427246,14.4722900390625,1.8544524210688256,11.685932761287138,0.449727803982514,blob,-2.249988555908203,1.653366208076477
No oil_00095,No oil,0,0.0582005324476252,582,-3.833826065063477,9.357417106628418,13.1522798538208,2.185441278184884,10.391741512102556,0.8778280542986425,blob,-2.291874885559082,1.7556140422821045
No oil_00095,No oil,0,0.3496031983451854,3496,-3.3741931915283203,8.869263648986816,13.439929008483888,2.731850749551236,9.844811469516973,0.6706311145213888,blob,-1.9944171905517578,1.383576512336731
No oil_00095,No oil,0,0.0536004903641359,536,-2.1153717041015625,8.996747970581055,12.5689697265625,1.3050507779646108,10.26331293642669,0.6384752829064919,blob,-1.0006961822509766,1.8515123128890991
No oil_00095,No oil,0,0.0798007300570532,798,-4.541778564453125,9.132858276367188,13.203880310058594,1.7822947250945125,10.073269284517451,0.7908820614469773,blob,-2.4085693359375,2.1948652267456055
No oil_00095,No oil,0,0.083000759332524,830,-2.709388732910156,9.36849594116211,12.83979606628418,1.6328754443906852,10.630265651875469,0.8201581027667985,blob,-1.3240995407104492,0.938896894454956
No oil_00095,No oil,0,0.1773016220440542,1773,-2.4735183715820312,9.543978691101074,13.26899528503418,1.1741045073457614,11.266248550304375,0.6917674600078033,blob,-0.9276924133300781,1.5377187728881836
No oil_00095,No oil,0,0.0740006769952623,740,-5.4893951416015625,9.912540435791016,12.510805130004885,1.0264045953850671,13.025423444310842,0.5765485001947799,blob,-3.2363109588623047,1.3724151849746704
No oil_00095,No oil,0,2.065418895486688,20654,-5.477937698364258,10.203902244567873,15.291574478149414,1.3769921035272497,10.923417865458626,0.4012433220009713,blob,-1.9513187408447266,0.9008249640464783
No oil_00095,No oil,0,0.6128056062526591,6128,-5.047477722167969,9.706067085266112,14.574573516845703,3.388398168060926,10.00894187113289,0.7305239315729868,linear,-2.1675949096679688,0.6123292446136475
No oil_00095,No oil,0,0.1276011673593983,1276,-3.2088851928710938,9.479629516601562,13.865169525146484,2.311424710085562,10.261111446944062,0.8500999333777481,blob,-1.6803760528564453,1.5023856163024902
No oil_00095,No oil,0,0.1155010566615243,1155,-4.248174667358398,9.12752914428711,12.50594711303711,3.3662937079674595,11.642407243879232,0.8151023288637967,linear,-2.316019058227539,0.9771319627761841
No oil_00095,No oil,0,0.081500745609647,815,-2.9018783569335938,8.802742004394531,12.41163444519043,1.6721882582891514,8.811385864984095,0.8560924369747899,blob,-0.9735488891601562,0.8283171653747559
No oil_00096,No oil,0,0.2846026036871846,2846,-3.3535823822021484,7.345714092254639,12.691593170166016,1.9536200802692196,11.310103688066366,0.6004219409282701,blob,-2.246889114379883,1.1442090272903442
No oil_00096,No oil,0,0.1075009834728473,1075,-4.401374816894531,7.271567821502685,10.4389009475708,2.151463910292204,10.11242789354777,0.6204906204906205,blob,-1.8969383239746094,0.8486851453781128
No oil_00096,No oil,0,0.3146028781447234,3146,-5.181251525878906,8.567357063293457,12.738204002380373,1.5943857916978992,13.780048148999535,0.3622337363270005,blob,-2.820293426513672,1.613171935081482
No oil_00096,No oil,0,0.0812007428650716,812,-5.159563064575195,8.145682334899902,11.502264022827148,3.361315916895185,12.41947783437213,0.796078431372549,linear,-2.9229984283447266,0.9852182865142822
No oil_00096,No oil,0,0.0769007035261577,769,-2.9255332946777344,7.448696136474609,11.691431999206545,1.95099162961991,10.004182865491602,0.5888208269525268,blob,-1.782114028930664,0.6521140336990356
No oil_00096,No oil,0,0.0932008526480871,932,-5.050626754760742,7.8137054443359375,12.41477870941162,1.5057151275942824,12.467344660157778,0.59648,blob,-1.9923553466796875,0.5596327185630798
No oil_00096,No oil,0,0.1226011216164751,1226,-2.668600082397461,7.504581928253174,12.130373001098633,1.2140830923715866,7.69688076468824,0.8549511854951185,blob,-2.1741552352905273,1.304358720779419
No oil_00096,No oil,0,0.1381012634195368,1381,-4.056550979614258,7.271005153656006,10.72862720489502,1.1353043765402984,10.782315001116723,0.6806308526367669,blob,-2.50289249420166,1.397926926612854
No oil_00096,No oil,0,0.0768007026112992,768,-4.249425888061523,7.6811299324035645,10.41687297821045,2.0927954729725737,13.71785701582761,0.5283797729618163,blob,-2.088054656982422,1.0479183197021484
No oil_00096,No oil,0,0.307602814104631,3076,-3.0137939453125,7.466061115264893,13.237468719482422,1.0775278463487596,9.34807779849279,0.5616213255431806,blob,-2.586271286010742,1.5634502172470093
No oil_00096,No oil,0,0.5717052302458308,5717,-3.548309326171875,7.309755802154541,12.20569133758545,2.098491638159694,10.40839573025147,0.5439322582179725,blob,-2.4192047119140625,1.3928256034851074
No oil_00096,No oil,0,0.1549014171157585,1549,-2.604312896728516,6.923739433288574,10.633750915527344,1.8886486678701575,9.288526292538965,0.8826210826210826,blob,-2.1284475326538086,1.238242268562317
No oil_00096,No oil,0,0.3644033337442378,3644,-3.429197311401367,7.118629455566406,11.59106159210205,1.2265190290421817,10.052343792252245,0.7683711122825514,blob,-2.4157419204711914,1.1133967638015747
No oil_00096,No oil,0,0.139001271653263,1390,-3.568876266479492,7.081954002380371,10.795029640197754,1.125198200679936,10.764898779929084,0.6567446255610678,blob,-1.9070558547973633,1.0481334924697876
No oil_00096,No oil,0,0.2788025506253938,2788,-4.722993850708008,8.199077606201172,12.506268501281738,2.914889304204457,9.667332569910863,0.7963439017423594,blob,-4.260152816772461,2.093080520629883
No oil_00096,No oil,0,0.2969027162147755,2969,-3.5161609649658203,7.365177631378174,11.461566925048828,1.160494726049389,10.602609579675754,0.6591918294849023,blob,-2.2688398361206055,1.6035850048065186
No oil_00096,No oil,0,0.0745006815695546,745,-3.8405685424804688,7.434520721435547,10.35977554321289,2.023561521043377,12.37590227666738,0.6850574712643678,blob,-3.087571144104004,0.7453937530517578
No oil_00096,No oil,0,0.0756006916329977,756,-2.7089157104492188,6.664870262145996,9.616287231445312,1.8433856819924563,9.657893228541024,0.8038277511961722,blob,-1.3600425720214844,0.9951536655426025
No oil_00096,No oil,0,0.2310021133230486,2310,-4.2548370361328125,7.581701278686523,11.415932655334473,3.792944130950763,9.109741690043885,0.647693817468106,linear,-3.357611656188965,1.9830676317214966
No oil_00096,No oil,0,2.1414195907791185,21414,-4.051284790039063,7.576333045959473,13.629033088684082,2.302668083445546,10.10626773881719,0.5550400456183096,blob,-2.519412040710449,1.2736318111419678
No oil_00096,No oil,0,0.060100549829936,601,-4.03187370300293,8.080512046813965,10.42006015777588,2.981587049558569,9.92416455910257,0.8542999289267946,blob,-2.438570976257324,1.1155962944030762
No oil_00096,No oil,0,0.086700793182287,867,-4.9911956787109375,7.904685497283935,11.240253448486328,1.845006522222395,10.132654752270485,0.8001845869866174,blob,-3.715778350830078,1.9257773160934448
No oil_00096,No oil,0,0.0928008489886533,928,-2.840747833251953,7.030381202697754,11.237890243530272,1.2135857533325467,8.344912150225179,0.7275578204625637,blob,-1.7052507400512695,1.545698881149292
No oil_00096,No oil,0,0.0504004610886651,504,-3.587068557739258,7.52495002746582,9.731952667236328,2.1052960150468274,10.736999898711568,0.8667239896818573,blob,-2.3702316284179688,1.9539508819580078
No oil_00096,No oil,0,0.7219066043632416,7219,-3.4809799194335938,7.125476837158203,12.067001342773438,1.558186122174934,9.245691119837018,0.4795721783033282,blob,-2.524362564086914,1.6507911682128906
No oil_00096,No oil,0,0.0509004656629574,509,-3.9603404998779297,7.376189708709717,10.253050804138184,2.115451370115131,9.509735007789994,0.9296803652968036,blob,-2.731940269470215,1.3181169033050537
No oil_00096,No oil,0,0.7595069483500236,7595,-2.681882858276367,7.008817672729492,12.057418823242188,1.0795175302851314,9.725027441250433,0.3429590661759725,blob,-1.3814458847045898,1.0258073806762695
No oil_00096,No oil,0,0.1093009999402996,1093,-3.5181941986083984,7.786157131195068,11.831157684326172,4.81899268370355,10.056849208982102,0.7577123050259965,linear,-2.0318098068237305,1.0642280578613281
No oil_00096,No oil,0,0.793107255742467,7931,-3.581510543823242,7.80136775970459,12.831905364990234,2.4886470730351533,11.242554250220987,0.4293641555910457,blob,-1.9076709747314453,1.13749098777771
No oil_00096,No oil,0,0.0721006596129515,721,-3.460660934448242,7.705944061279297,11.637112617492676,1.5499794949716774,12.023402742674008,0.883578431372549,blob,-2.476137161254883,1.1592059135437012
No oil_00096,No oil,0,0.0931008517332287,931,-2.880426406860352,7.317900657653809,12.212158203125,2.0280616666724343,8.805010998471086,0.5625377643504532,blob,-1.6857595443725586,0.4558243155479431
No oil_00096,No oil,0,0.0548005013424375,548,-3.3798789978027344,7.290585041046143,10.966468811035156,1.392521904849658,10.183437615947687,0.5560629122272958,blob,-1.9682245254516602,0.48460522294044495
No oil_00096,No oil,0,0.0557005095761636,557,-4.333452224731445,8.009395599365234,11.812397956848145,3.1805117540765937,11.76929032341152,0.8401206636500754,linear,-2.959559440612793,1.5574185848236084
No oil_00096,No oil,0,0.1061009706648288,1061,-3.593730926513672,8.301279067993164,13.06085968017578,1.84189442123186,9.835883292182352,0.6545342381246144,blob,-2.1547393798828125,1.3416835069656372
No oil_00096,No oil,0,0.109601002684875,1096,-4.084766387939453,7.860322952270508,13.04476833343506,1.3831243428767783,9.35551767770543,0.8052902277736959,blob,-3.3764572143554688,1.586968183517456
No oil_00096,No oil,0,0.058600536107059,586,-2.6419124603271484,7.207872867584228,10.059792518615724,1.6789506109496584,9.24025833958606,0.7782204515272244,blob,-1.7782773971557617,0.4424983859062195
No oil_00096,No oil,0,0.0733006705912531,733,-3.420967102050781,7.720351219177246,13.095897674560549,2.679036129018371,9.798262685341008,0.6193493874102239,blob,-2.707653045654297,1.1426745653152466
No oil_00096,No oil,0,0.1823016677869773,1823,-3.030323028564453,7.345053195953369,11.498371124267578,2.049993047507787,11.244086220634696,0.73940377205435,blob,-2.491373062133789,2.287018299102783
No oil_00096,No oil,0,0.0582005324476252,582,-3.446338653564453,7.609662055969238,9.641868591308594,1.7251000351989842,9.129660113983023,0.926751592356688,blob,-2.0482664108276367,1.650168776512146
No oil_00096,No oil,0,0.2403021984048856,2403,-3.343612670898437,7.717434883117676,12.405166625976562,1.5524608081368512,10.329239500848589,0.6298820445609437,blob,-3.038066864013672,2.3906402587890625
No oil_00096,No oil,0,0.0510004665778159,510,-4.138950347900391,8.005058288574219,12.836519241333008,1.6143541957114018,11.136581771478092,0.551948051948052,blob,-2.882169723510742,1.1776474714279175
No oil_00096,No oil,0,2.162419782899396,21624,-3.810491561889648,7.289228916168213,13.067853927612305,1.6657796264590914,10.709826416780738,0.4678089304257528,blob,-2.706658363342285,1.4247372150421143
No oil_00096,No oil,0,0.1074009825579888,1074,-4.496906280517578,7.665151596069336,10.708077430725098,1.8573489846091888,9.949107143870998,0.6631676443346712,blob,-3.2377824783325195,0.798206090927124
No oil_00096,No oil,0,0.0536004903641359,536,-4.0995025634765625,6.926812648773193,10.423283576965332,3.1605169371768183,8.414154296566652,0.7905604719764012,linear,-2.8536062240600586,0.23358745872974396
No oil_00096,No oil,0,0.1437013146516108,1437,-3.007017135620117,7.28074836730957,11.231903076171877,1.54064220842559,10.061713873621043,0.6982507288629738,blob,-2.426608085632324,1.704643726348877
No oil_00096,No oil,0,0.9173083919966776,9173,-5.277055740356445,8.160286903381348,13.397576332092283,2.0928854361071547,13.323485715415416,0.552840138616845,blob,-3.879319190979004,2.434335231781006
No oil_00096,No oil,0,0.0794007263976193,794,-5.031575202941895,8.55099868774414,11.676258087158203,1.7115257438768812,12.256583390250222,0.9772307692307692,blob,-3.0114145278930664,0.8485516309738159
No oil_00096,No oil,0,0.1802016485749496,1802,-4.506122589111328,7.773906707763672,12.909442901611328,3.0644973166344784,11.67365149775238,0.6824465063434956,linear,-2.9675893783569336,1.452469825744629
No oil_00096,No oil,0,0.0565005168950313,565,-3.701444625854492,7.20759105682373,10.722822189331056,1.6267586803925542,9.641042696747366,0.8218181818181818,blob,-2.922661781311035,0.5911070108413696
No oil_00096,No oil,0,0.0518004738966836,518,-4.894939422607422,7.247419834136963,9.940959930419922,2.020110016147775,8.51352265260982,0.8183254344391785,blob,-3.77054500579834,0.7197995185852051
No oil_00096,No oil,0,0.2444022359140826,2444,-4.473800659179688,7.244124412536621,12.36750030517578,2.039588021215865,10.019556009815416,0.766384446534964,blob,-2.943802833557129,2.094841241836548
No oil_00096,No oil,0,0.1355012396332168,1355,-2.995393753051758,6.893088340759277,10.088092803955078,1.4899383765634833,9.742695465906904,0.6354044548651817,blob,-1.5744514465332031,1.6028412580490112
No oil_00096,No oil,0,0.0731006687615361,731,-4.444189071655273,7.425466060638428,10.884014129638672,2.0704076093552084,10.282961670752204,0.5074626865671642,blob,-2.950458526611328,0.22593501210212708
No oil_00096,No oil,0,0.0558005104910221,558,-4.806262969970703,7.942689895629883,11.095806121826172,2.2513867367551983,8.710410762965191,0.8885350318471338,blob,-3.7890853881835938,0.8932303786277771
No oil_00096,No oil,0,0.4462040820984602,4462,-3.721046447753906,7.20208740234375,11.843050956726074,3.997547478579259,9.717630534110054,0.5490340839178048,linear,-2.281020164489746,0.38955554366111755
No oil_00096,No oil,0,0.1369012524412353,1369,-4.376853942871094,7.315123558044434,11.397639274597168,1.5873161655274877,9.520736492908345,0.6520600142891164,blob,-3.1441822052001953,0.6902076601982117
No oil_00096,No oil,0,0.0554005068315882,554,-3.85382080078125,7.2576003074646,10.885848999023438,2.2365990473322133,9.977974219982322,0.8575851393188855,blob,-2.2336950302124023,0.2400255650281906
No oil_00097,No oil,0,0.3496031983451854,3496,-3.3452682495117188,8.203873634338379,12.54662036895752,1.9224485441365915,9.068382002733332,0.5583772560293883,blob,-3.0226640701293945,1.9280569553375244
No oil_00097,No oil,0,0.1707015616633957,1707,-4.195795059204102,7.913015365600586,11.706364631652832,1.2614313737608929,9.224493390135091,0.8084300260478333,blob,-4.113521575927734,2.1579782962799072
No oil_00097,No oil,0,0.1040009514528011,1040,-3.0537261962890625,8.131357192993164,11.533763885498049,1.4004035040832794,7.713929214380824,0.5277848261862471,blob,-2.3317718505859375,1.5413925647735596
No oil_00097,No oil,0,0.1009009230921888,1009,-3.419742584228516,8.330588340759277,11.539578437805176,1.6666499426255446,8.540517186556546,0.8609215017064846,blob,-2.9681930541992188,2.184880495071411
No oil_00097,No oil,0,0.2537023209959197,2537,-2.922592163085937,8.329512596130371,14.330060005187988,1.7319778545859306,9.438236909304711,0.6348848848848849,blob,-2.268651008605957,1.861390471458435
No oil_00097,No oil,0,0.0628005745311145,628,-4.245611190795898,8.293686866760254,11.755833625793455,1.576399423903538,8.478237686648514,0.7264314632735686,blob,-3.907931327819824,2.0424273014068604
No oil_00097,No oil,0,0.0777007108450254,777,-4.732542037963867,8.31666374206543,11.059651374816896,1.6190124874828558,9.629111822167234,0.8839590443686007,blob,-4.668327331542969,1.4076437950134277
No oil_00097,No oil,0,0.1343012286549153,1343,-4.812803268432617,9.289801597595217,12.237006187438965,1.453585343873541,13.289767654411412,0.7314814814814815,blob,-2.979867935180664,1.5835459232330322
No oil_00097,No oil,0,0.0928008489886533,928,-2.602540969848633,7.98424768447876,11.207708358764648,1.064466880531037,8.593063948245607,0.7752715121136173,blob,-2.796581268310547,2.6740705966949463
No oil_00098,No oil,0,0.4028036850498875,4028,-2.992979049682617,7.316964149475098,11.081911087036133,1.7137046108685825,9.25794701494936,0.5572387078923705,blob,-2.302745819091797,1.5567632913589478
No oil_00098,No oil,0,0.1006009203476134,1006,-4.12147331237793,7.803014755249023,11.852052688598633,1.2364519459075094,9.481880656616232,0.9327770050996754,blob,-3.8840293884277344,1.428116798400879
No oil_00098,No oil,0,0.2653024271195014,2653,-2.609779357910156,7.578056335449219,13.449729919433594,1.1735740270484003,9.573158481729651,0.6323441782862591,blob,-2.361201286315918,1.9082531929016113
No oil_00098,No oil,0,0.0506004629183821,506,-3.8251953125,7.569224834442139,9.903804779052734,1.604042028186944,8.971102580258812,0.8947833775419982,blob,-2.988079071044922,0.3731660842895508
No oil_00098,No oil,0,0.0665006083808776,665,-2.5315704345703125,7.166078567504883,10.10635757446289,2.9475082628997926,8.08576570156068,0.7216494845360825,blob,-1.889608383178711,1.8245900869369507
No oil_00098,No oil,0,0.1133010365346381,1133,-3.579591751098633,7.510052680969238,10.933485984802246,1.864224910099993,8.395695921512571,0.8165765765765766,blob,-3.1195268630981445,2.029080390930176
No oil_00098,No oil,0,1.1111101649923785,11111,-3.111604690551758,7.341564655303955,12.197185516357422,1.3723697996033022,8.206833694448562,0.5776299030438512,blob,-2.9670400619506836,2.1134657859802246
No oil_00098,No oil,0,0.1363012469520846,1363,-4.776435852050781,8.339747428894043,11.35667610168457,1.4469590372243957,12.98441812763802,0.7331898870360409,blob,-2.9553117752075195,1.6515283584594727
No oil_00098,No oil,0,0.1721015744714142,1721,-3.726655960083008,7.110351085662842,11.74288272857666,1.7789587291800508,9.550888534386642,0.6925553319919517,blob,-3.805511474609375,1.3123139142990112
No oil_00098,No oil,0,0.1341012268251984,1341,-4.10145378112793,7.350362300872803,10.707521438598633,1.4084811243114197,9.599997842429593,0.6536680477699245,blob,-1.8094911575317383,0.3655327558517456
No oil_00098,No oil,0,0.0537004912789944,537,-3.370521545410156,7.275969982147217,10.262372016906738,1.672073490451528,8.586710135050854,0.700587084148728,blob,-3.991273880004883,2.8196945190429688
No oil_00098,No oil,0,0.0907008297766256,907,-4.901407241821289,9.149883270263672,14.241695404052734,1.4080793125151496,14.437703504306896,0.8286888990406578,blob,-3.690641403198242,1.9077225923538208
No oil_00098,No oil,0,0.2479022679341289,2479,-2.85049819946289,7.419122219085693,13.046415328979492,1.7709422113968578,9.704586968574468,0.6966418434733737,blob,-1.9516782760620117,1.597690224647522
No oil_00098,No oil,0,0.0658006019768684,658,-4.355213165283203,8.418227195739746,13.166584014892578,1.5505159600216407,11.858732987574005,0.8004866180048662,blob,-2.308248519897461,1.1647288799285889
No oil_00098,No oil,0,0.0550005031721544,550,-5.820594787597656,8.2423095703125,11.427703857421877,1.9541226802943623,14.12687111315755,0.7407407407407407,blob,-3.2202816009521484,0.9608825445175171
No oil_00098,No oil,0,0.0894008178834656,894,-3.62040901184082,7.0640740394592285,10.015756607055664,1.6577630215567438,9.729340388962552,0.6924864446165763,blob,-3.477023124694824,0.9357705116271973
No oil_00098,No oil,0,0.9031082620867762,9031,-4.368947982788086,8.535737991333008,15.321252822875977,2.4750994068070686,13.157099120513138,0.5203088091260011,blob,-2.429152488708496,1.3875902891159058
No oil_00098,No oil,0,0.0994009093693118,994,-4.762369155883789,8.189623832702637,12.17064094543457,3.0175291194075347,10.718772825754758,0.9011786038077968,linear,-2.536484718322754,1.1781779527664185
No oil_00098,No oil,0,0.2177019916468731,2177,-4.006322860717773,7.333705425262451,12.56220531463623,1.9477310411690645,8.223425645110938,0.7138875225446795,blob,-3.315291404724121,0.8526301980018616
No oil_00098,No oil,0,0.5668051854177663,5668,-2.7160606384277344,7.172958850860596,12.445709228515623,1.9611693007532844,9.514646835125614,0.5833376215715536,blob,-1.5950870513916016,0.7211571931838989
No oil_00098,No oil,0,0.1156010575763828,1156,-5.544036865234375,7.93043327331543,11.788125991821287,1.4676633631967722,11.946416503166615,0.7866621299761823,blob,-2.9830455780029297,1.3502309322357178
No oil_00098,No oil,0,0.1291011810822752,1291,-4.343374252319336,7.380658149719238,11.250543594360352,3.12404408566938,8.095034927198453,0.7571847507331378,linear,-2.8605213165283203,1.4189904928207397
No oil_00098,No oil,0,0.0594005434259268,594,-4.816509246826172,8.509668350219727,11.644901275634766,1.5193658040796083,12.088341279608178,0.9230769230769232,blob,-2.757378578186035,0.6547583937644958
No oil_00098,No oil,0,0.718706575087771,7187,-2.983236312866211,6.961448192596436,11.456819534301758,2.406124548410442,8.730226145013757,0.602254158461474,blob,-2.5591506958007812,1.0310134887695312
No oil_00098,No oil,0,0.056200514150456,562,-2.316448211669922,7.03015661239624,10.35757064819336,1.589347053452356,8.187942219186555,0.8679536679536679,blob,-1.4038219451904297,0.6003416180610657
No oil_00098,No oil,0,0.0740006769952623,740,-2.943021774291992,7.315029144287109,10.511201858520508,1.0490213021023276,10.572533464227662,0.5803921568627451,blob,-1.6441917419433594,1.0838353633880615
No oil_00098,No oil,0,0.0507004638332405,507,-2.1549606323242188,7.210090160369873,9.997276306152344,3.031173197757766,8.898517111497885,0.7396061269146609,linear,-0.5652675628662109,0.1276559829711914
No oil_00098,No oil,0,0.1736015881942911,1736,-3.0209789276123047,7.675287246704102,13.513290405273438,1.1631691857900024,11.053286308098206,0.736998514115899,blob,-1.3770818710327148,1.429917573928833
No oil_00098,No oil,0,0.2130019486485254,2130,-5.656181335449219,8.70395278930664,11.886245727539062,2.114787472630125,14.99276753766412,0.4888123924268502,blob,-3.521700859069824,2.805091619491577
No oil_00098,No oil,0,0.1197010950855797,1197,-2.999889373779297,7.071389198303223,11.93421745300293,2.083999855611089,10.446197090429626,0.5271966527196653,blob,-1.8473453521728516,1.2021442651748657
No oil_00098,No oil,0,0.07480068431413,748,-6.498485565185547,8.907752990722656,11.533693313598633,1.3173452595555084,15.118814646904216,0.9887640449438202,blob,-4.101743698120117,2.1820356845855713
No oil_00098,No oil,0,0.0744006806546962,744,-3.639259338378906,7.279331684112549,10.91565227508545,1.6942634269545926,8.197936399743565,0.7774294670846394,blob,-3.3350772857666016,1.6179958581924438
No oil_00098,No oil,0,0.1643015031124541,1643,-3.260101318359375,6.996870040893555,10.847084045410156,2.280088375763225,7.943705107520692,0.7380952380952381,blob,-2.3847007751464844,1.1305073499679565
No oil_00098,No oil,0,0.0916008380103517,916,-1.607011795043945,7.239098072052002,10.151153564453123,1.3937997801953546,8.241478729951176,0.5799303577081355,blob,-0.9210538864135742,0.4239822328090668
No oil_00098,No oil,0,0.0695006358266315,695,-5.83282470703125,8.736532211303711,12.65084457397461,4.301476886722789,15.09897722572216,0.881979695431472,linear,-3.705038070678711,1.4251292943954468
No oil_00098,No oil,0,0.050800464748099,508,-3.120952606201172,7.477328777313232,10.22987461090088,1.5877314045669164,10.582176163993829,0.7755725190839695,blob,-3.036269187927246,2.2825896739959717
No oil_00098,No oil,0,0.0552005050018713,552,-6.277244567871094,9.496282577514648,12.735471725463867,1.5450475629844722,14.535162018542414,0.9857142857142858,blob,-4.312530517578125,1.7165077924728394
No oil_00098,No oil,0,0.1152010539169489,1152,-2.878519058227539,7.024604797363281,10.993199348449709,2.266293596612748,11.430434377553471,0.4929396662387676,blob,-2.7803449630737305,1.5053502321243286
No oil_00098,No oil,0,0.0563005150653144,563,-6.535520553588867,9.287185668945312,12.850915908813477,3.5409334382889424,16.375742274861356,0.8224981738495252,linear,-3.6238937377929688,1.3560693264007568
No oil_00098,No oil,0,0.0705006449752161,705,-6.376316070556641,9.321695327758787,12.273885726928713,1.2887541423013946,16.565637250306615,0.9771309771309772,blob,-3.611292839050293,2.22839093208313
No oil_00098,No oil,0,0.0591005406813514,591,-6.84166145324707,10.106559753417969,14.52301025390625,4.13089661618261,19.20497990008402,0.9191290824261276,linear,-4.11053466796875,1.4932423830032349
No oil_00098,No oil,0,0.5285048350269751,5285,-2.591306686401367,8.182974815368652,15.24795913696289,1.3425947301769767,7.136348136780098,0.7505503088830505,blob,-1.4155035018920898,2.2418372631073
No oil_00098,No oil,0,0.8109074185872736,8109,-2.560770034790039,7.159717559814453,12.257831573486328,1.3507271076226346,9.25792789890878,0.5475539349741719,blob,-1.3053836822509766,0.7318626046180725
No oil_00098,No oil,0,0.0626005727013976,626,-5.286949157714844,8.797578811645508,12.771865844726562,2.5445172040772155,13.63292532775586,0.8804500703234881,blob,-2.9863433837890625,1.2824729681015015
No oil_00098,No oil,0,0.1172010722141182,1172,-3.941240310668945,7.673166751861572,11.562911033630373,1.3741188012013226,11.234096110508032,0.7873698354047699,blob,-1.9530963897705078,0.9365992546081543
No oil_00098,No oil,0,0.1785016330223558,1785,-3.249601364135742,7.0763325691223145,11.338390350341797,3.4850157943107023,9.323346296886596,0.5770163245514789,linear,-2.1419105529785156,0.6867207884788513
No oil_00098,No oil,0,0.2376021737037072,2376,-4.002784729003906,7.79731559753418,14.123095512390137,3.1235942096704736,10.56986097909924,0.5195145949491636,linear,-3.3735084533691406,1.3688921928405762
No oil_00098,No oil,0,0.2195020081143255,2195,-4.444269180297852,8.367291450500488,15.167531967163086,2.191948092859029,12.456454871930134,0.5565415821501014,blob,-2.5924835205078125,1.0398623943328857
No oil_00098,No oil,0,0.0595005443407852,595,-4.285484313964844,8.508913040161133,12.928417205810549,1.5299187610393654,15.158278050509598,0.6446370530877573,blob,-2.69482421875,1.0513566732406616
No oil_00098,No oil,0,0.1493013658836847,1493,-7.337995529174805,10.106769561767578,13.76943016052246,4.333311858020009,17.382241719224268,0.9270412915243712,linear,-5.180401802062988,3.1470749378204346
No oil_00098,No oil,0,0.1164010648952505,1164,-5.220474243164063,8.832934379577637,13.205364227294922,1.2109464973226347,12.625894610140003,0.891271056661562,blob,-3.1516265869140625,1.553350806236267
No oil_00098,No oil,0,0.0998009130287457,998,-5.610622406005859,8.68250560760498,13.30122184753418,1.536110035357309,16.123637945985074,0.7889328063241107,blob,-3.3225555419921875,1.0553444623947144
No oil_00098,No oil,0,0.0582005324476252,582,-2.678308486938477,7.02490758895874,9.676122665405272,2.949666768579995,7.648829369242887,0.7127985303123087,blob,-1.713958740234375,1.0428557395935059
No oil_00098,No oil,0,0.248802276167855,2488,-3.6681137084960938,7.797257900238037,13.691764831542969,2.21250331875394,11.75210138853467,0.7933673469387755,blob,-1.8953781127929688,1.290453314781189
No oil_00098,No oil,0,0.1132010356197797,1132,-7.278318405151367,10.34189224243164,14.029325485229492,1.3197745730537818,15.680919771362094,0.9324546952224052,blob,-4.911938667297363,2.6964056491851807
No oil_00098,No oil,0,0.2983027290227941,2983,-7.573589324951172,9.998523712158203,12.890336990356444,1.6256567665387192,19.288814594478747,0.929862842892768,blob,-4.93632698059082,3.4652371406555176
No oil_00098,No oil,0,0.1077009853025642,1077,-5.9522705078125,9.073508262634276,14.408902168273926,2.515636121823752,15.86204394279499,0.7078540913572132,blob,-3.291811943054199,1.3679028749465942
No oil_00098,No oil,0,0.1218011142976075,1218,-3.333316802978516,7.616517066955566,12.131871223449709,2.8326789216183257,10.03267337057786,0.5570546535559113,blob,-2.4933338165283203,0.8241761326789856
No oil_00098,No oil,0,0.2871026265586462,2871,-4.259117126464844,8.461653709411621,13.869264602661133,1.8454829520310705,13.01940898081095,0.5227603787327021,blob,-2.8673830032348633,1.401474118232727
No oil_00098,No oil,0,0.0634005800202653,634,-4.348171234130859,7.294089317321777,11.621482849121094,1.749997556138979,9.729673396849847,0.9427509293680296,blob,-2.7814788818359375,0.2849619388580322
No oil_00098,No oil,0,0.1741015927685834,1741,-5.5196533203125,8.824803352355957,13.234037399291992,1.976070212431798,13.390108510635947,0.8696303696303697,blob,-3.531414031982422,2.6382856369018555
No oil_00098,No oil,0,0.0797007291421947,797,-3.068944931030273,6.706301689147949,9.515460014343262,1.828720721145988,7.704020065846997,0.7825233186057928,blob,-2.1944704055786133,0.06599929183721542
No oil_00098,No oil,0,0.1513013841808539,1513,-4.587392807006836,8.142075538635254,14.00975227355957,1.3284064184710165,13.406952628598242,0.5918247604146294,blob,-2.9628829956054688,1.5818259716033936
No oil_00098,No oil,0,0.1910017473796636,1910,-4.661998748779297,8.268747329711914,12.332595825195312,3.283356481048807,12.986627065337611,0.6232664382444119,linear,-2.188870429992676,0.7740693092346191
No oil_00098,No oil,0,0.0813007437799301,813,-5.168506622314453,8.840872764587402,15.547103881835938,2.3169685259452373,13.823503256581503,0.814629258517034,blob,-2.134469985961914,1.3795243501663208
No oil_00098,No oil,0,0.5111046758416026,5111,-5.623682022094727,8.819400787353516,14.690308570861816,1.4302922797581834,13.695077116167358,0.5621734587251829,blob,-4.282082557678223,2.133646011352539
No oil_00098,No oil,0,0.0978008947315764,978,-6.572948455810547,8.779574394226074,14.422907829284668,4.073717378684107,16.852073964432492,0.5556818181818182,linear,-3.7219409942626953,1.2337969541549683
No oil_00098,No oil,0,0.1544014125414663,1544,-3.76089096069336,7.716098785400391,14.750843048095703,1.9573518854899623,12.579684373598417,0.3649686798250798,blob,-3.191653251647949,0.866161584854126
No oil_00098,No oil,0,0.0526004812155513,526,-3.6346969604492183,7.017185688018799,10.49147129058838,1.678405447188215,8.609548732132017,0.7445152158527955,blob,-1.8644256591796875,1.9073486328125e-06
No oil_00098,No oil,0,0.0538004921938529,538,-8.331520080566406,10.453383445739746,13.922948837280272,2.580067307341734,23.67192727598843,0.9149659863945578,blob,-4.941110610961914,1.8126674890518188
No oil_00098,No oil,0,0.1260011527216629,1260,-5.821338653564453,9.098862648010254,14.053388595581056,1.869511906767363,15.798367780577015,0.9100758396533044,blob,-4.498470306396484,1.6348921060562134
No oil_00098,No oil,0,0.0598005470853606,598,-4.995445251464844,7.350301742553711,11.966876983642578,1.348494529197021,13.757013825055212,0.8635379061371841,blob,-2.3711605072021484,0.3050704598426819
No oil_00098,No oil,0,0.0671006138700284,671,-5.877609252929688,8.077052116394043,13.166017532348633,2.129068093392759,13.736507968289615,0.5081408557364635,blob,-2.645252227783203,0.6061920523643494
No oil_00098,No oil,0,0.077600709930167,776,-8.186800003051758,10.250052452087402,14.23772430419922,8.240536394225535,23.533033639377564,0.911332941867293,linear,-5.1128950119018555,1.7828763723373413
No oil_00098,No oil,0,0.0813007437799301,813,-5.005649566650391,7.81336498260498,12.003649711608888,1.7115105196498257,12.503084644887275,0.4983144345694146,blob,-2.134469985961914,1.3795243501663208
No oil_00098,No oil,0,0.054700500427579,547,-7.093959808349609,9.295286178588867,13.683853149414062,2.662219866788252,14.111461413982749,0.9302721088435374,blob,-4.913568496704102,0.819844663143158
No oil_00098,No oil,0,0.0637005827648407,637,-6.536540985107422,8.312310218811035,11.818066596984863,2.602567527407589,13.991956312168668,0.495141857753595,blob,-3.3836278915405273,0.675458550453186
No oil_00098,No oil,0,0.2448022395735165,2448,-3.799083709716797,7.715474128723144,12.81682586669922,1.604188837740649,10.770930438378588,0.5674547983310153,blob,-2.03131103515625,1.2320626974105835
No oil_00098,No oil,0,0.052100476641259,521,-5.71281623840332,9.164295196533203,13.366982460021973,1.706952627995575,12.324926144324072,0.9481346678798908,blob,-3.7428102493286133,0.8548920154571533
No oil_00098,No oil,0,0.2439022313397904,2439,-6.37293815612793,8.919622421264648,14.745344161987305,3.180437697157779,16.82788606970922,0.6108954289292423,linear,-4.065921783447266,1.671894907951355
No oil_00098,No oil,0,0.0978008947315764,978,-7.059764862060547,9.097256660461426,13.636338233947754,1.9071885239938904,16.28878572613201,0.7752675386444708,blob,-3.7219409942626953,1.2337969541549683
No oil_00098,No oil,0,0.07350067242097,735,-5.4241485595703125,8.286096572875977,12.237627983093262,2.944440549741368,14.789891533943878,0.4932885906040268,blob,-1.9916706085205078,0.17340131103992462
No oil_00098,No oil,0,0.0619005662973883,619,-4.252614974975586,7.571875095367432,10.836590766906738,2.19084806476485,10.644889519728162,0.6024330900243309,blob,-3.1513280868530273,2.2728803157806396
No oil_00098,No oil,0,0.0731006687615361,731,-3.58083724975586,7.63194465637207,13.549896240234377,1.7075666571470285,12.389160447928852,0.7847557702630167,blob,-2.1318750381469727,1.316880464553833
No oil_00098,No oil,0,0.132501212187463,1325,-4.318962097167969,7.689496040344238,13.452860832214355,2.2894468199560984,12.62610837213998,0.6828137078072661,blob,-2.400458335876465,0.8081307411193848
No oil_00098,No oil,0,0.1365012487818015,1365,-4.018220901489258,7.450502872467041,13.191265106201172,4.77412378984203,11.940648685483156,0.7450873362445415,linear,-3.2187585830688477,1.0746574401855469
No oil_00098,No oil,0,0.1141010438535058,1141,-7.611656188964844,10.19654369354248,13.628301620483398,2.6369131118891014,18.449704283199395,0.6455445544554456,blob,-4.084085464477539,2.007119655609131
No oil_00098,No oil,0,0.0550005031721544,550,-5.521186828613281,8.324623107910156,12.16146183013916,2.7969161764785486,13.200235589796495,0.7498295841854125,blob,-3.2202816009521484,0.9608825445175171
No oil_00098,No oil,0,0.2601023795468613,2601,-6.536630630493164,8.952884674072266,14.215490341186523,1.215676115298477,14.330485615183356,0.6369535937308681,blob,-3.680293083190918,2.029902219772339
No oil_00098,No oil,0,0.1184010831924197,1184,-3.86408805847168,7.942232608795166,13.29287338256836,1.5643064475113486,11.007965755473284,0.7575175943698017,blob,-3.872408866882324,1.9239368438720703
No oil_00098,No oil,0,0.097700893816718,977,-6.848554611206055,9.571264266967772,13.42949676513672,4.096168237712536,17.377460511547294,0.8680586406041759,linear,-3.581249237060547,1.5108016729354858
No oil_00098,No oil,0,0.2002018315466422,2002,-4.303350448608398,8.34320068359375,13.637096405029297,2.1135011930262686,10.908100668842868,0.4029385126295662,blob,-2.1440114974975586,0.630163311958313
No oil_00098,No oil,0,0.0706006458900746,706,-2.989965438842773,7.129710674285889,10.365315437316896,1.7023367529533289,8.288016007800083,0.8444976076555024,blob,-1.9151182174682617,0.4568462371826172
No oil_00098,No oil,0,0.0558005104910221,558,-3.223133087158203,7.68179178237915,10.974394798278809,1.4654500011106522,11.228984917837035,0.7327642810242941,blob,-2.210690498352051,0.4440573453903198
No oil_00098,No oil,0,0.3822034965890442,3822,-2.7504100799560547,7.022091388702393,11.166204452514648,1.5743015098640525,9.015244119165317,0.6730058108821976,blob,-1.6801671981811523,0.4117450714111328
No oil_00098,No oil,0,0.1170010703844013,1170,-4.564502716064453,7.888322353363037,11.44846534729004,1.5104153497133284,10.141630784485653,0.8441558441558441,blob,-2.428412437438965,1.3237985372543335
No oil_00098,No oil,0,0.0613005608082376,613,-3.369161605834961,6.8588547706604,9.404454231262209,2.2447453257548653,9.572157585956798,0.7350119904076738,blob,-2.910151481628418,0.908065140247345
No oil_00098,No oil,0,0.0867007931822871,867,-3.292797088623047,7.400519371032715,11.11857795715332,1.515729877111542,8.679406425010033,0.8924343798250128,blob,-2.8779592514038086,2.250401020050049
No oil_00098,No oil,0,0.0955008736898318,955,-4.768019676208496,7.104249954223633,11.195453643798828,1.5944140007123238,9.90330503647137,0.5222860267979218,blob,-4.3588056564331055,0.7981852889060974
No oil_00098,No oil,0,0.1477013512459493,1477,-4.5428466796875,7.484095096588135,10.965383529663086,4.518906867261945,10.752261507408091,0.5685142417244033,linear,-3.5307998657226562,0.6329161524772644
No oil_00098,No oil,0,0.2804025652631292,2804,-3.4454174041748047,7.020530223846436,10.49965000152588,3.2708307708717856,8.312044653722023,0.5691667512432762,linear,-3.229681968688965,1.4256342649459839
No oil_00098,No oil,0,0.14050128537614,1405,-5.3629913330078125,9.115833282470703,12.42644500732422,2.4146449754415675,14.632482493804869,0.8966177409061902,blob,-3.2073850631713867,1.9981980323791504
No oil_00098,No oil,0,0.1063009724945457,1063,-2.9000492095947266,6.892766952514648,10.780217170715332,3.5893237516386565,8.889012698210642,0.7470133520730851,linear,-1.2604608535766602,0.0177613478153944
No oil_00098,No oil,0,0.0530004848749852,530,-3.538595199584961,7.575202941894531,10.346726417541504,6.745818176332752,10.68420016517672,0.6209724663151728,linear,-2.766897201538086,0.619523286819458
No oil_00098,No oil,0,0.0796007282273362,796,-4.083551406860352,7.2771687507629395,11.082578659057615,1.1400967975058045,12.250019887717247,0.8661588683351469,blob,-2.869015693664551,0.8795486688613892
No oil_00098,No oil,0,0.0639005845945576,639,-3.731822967529297,7.444875240325928,10.046652793884276,2.9393903883179693,8.762638899058949,0.8145315487571702,blob,-3.6381263732910156,1.656267523765564
No oil_00098,No oil,0,0.3804034801215919,3804,-3.710062026977539,8.030776023864746,11.905975341796877,1.2309547659056073,8.817830943180253,0.6639322803036914,blob,-2.5357236862182617,0.7318089604377747
No oil_00098,No oil,0,1.0897099692126675,10897,-3.934040069580078,7.47953987121582,13.579922676086426,1.0890640496737107,9.1379034982595,0.5056260585110085,blob,-2.8463401794433594,0.507079541683197
No oil_00098,No oil,0,0.0621005681271053,621,-2.0751495361328125,7.055025577545166,9.638484001159668,1.1793061706951071,8.2697876524619,0.8472032742155525,blob,-1.5643835067749023,0.7915858626365662
No oil_00098,No oil,0,0.2206020181777686,2206,-2.2668018341064453,7.048230171203613,10.555795669555664,3.1142521027997274,8.721870416998918,0.4831362242663162,linear,-1.7325811386108398,0.6427546739578247
No oil_00098,No oil,0,0.0834007629919578,834,-3.360219955444336,7.464669227600098,10.840890884399414,2.733417235969856,9.762179306365608,0.6794297352342159,blob,-2.8839406967163086,0.1635422259569168
No oil_00098,No oil,0,0.1504013759471278,1504,-3.205442428588867,6.967852592468262,10.654179573059082,1.229430084863976,7.816726751014046,0.734375,blob,-2.6631126403808594,0.17799092829227448
No oil_00098,No oil,0,0.1267011591256721,1267,-3.603614807128906,7.402969837188721,10.645227432250977,1.8691260547111717,8.68540138363165,0.8147909967845659,blob,-2.766681671142578,2.204949378967285
No oil_00098,No oil,0,0.0634005800202653,634,-2.7521705627441406,6.842252731323242,9.694278717041016,2.4272213463519376,8.112824175149928,0.7698846387370978,blob,-2.7814788818359375,0.2849619388580322
No oil_00098,No oil,0,0.2839025972831754,2839,-3.192054748535156,7.22083854675293,11.680296897888184,1.9524014562382443,9.227536318359018,0.5490764916352384,blob,-2.536001205444336,2.0225679874420166
No oil_00098,No oil,0,0.0510004665778159,510,-4.683492660522461,7.417040824890137,9.691393852233888,3.569240098583008,11.748211690379218,0.93836246550138,linear,-3.9645986557006836,0.11928480863571167
No oil_00098,No oil,0,0.0584005342773421,584,-4.028364181518555,7.670900344848633,11.762290954589844,1.1822804158102045,10.742582406601846,0.7373737373737373,blob,-3.022027015686035,0.6792407631874084
No oil_00098,No oil,0,0.1288011783376998,1288,-2.935741424560547,7.181143283843994,10.408084869384766,1.248169770996018,8.989153207583925,0.49207258834766,blob,-2.0388402938842773,0.06647908687591553
No oil_00098,No oil,0,0.1553014207751925,1553,-2.627317428588867,6.73627233505249,9.603008270263672,1.886823025128457,8.454336466280553,0.8180142217540163,blob,-2.32708740234375,1.4344016313552856
No oil_00098,No oil,0,0.1373012561006692,1373,-2.1678295135498047,7.316022872924805,10.473093032836914,2.8171731010707326,8.514732695131794,0.6508651339179901,blob,-1.162698745727539,0.3519170880317688
No oil_00098,No oil,0,0.0624005708716806,624,-5.009527206420898,8.532695770263672,13.689582824707031,3.661187545922518,12.35017487070844,0.9156272927366104,linear,-4.936405181884766,0.9027613997459412
No oil_00098,No oil,0,0.0504004610886651,504,-2.918140411376953,7.663733959197998,11.745291709899902,1.1068200704816438,9.060400340028677,0.8644939965694682,blob,-1.8497323989868164,1.4140053987503052
No oil_00098,No oil,0,0.0540004940235698,540,-2.62841796875,6.996117115020752,10.312861442565918,2.0353222243510567,6.33809088271548,0.7780979827089337,blob,-2.6303558349609375,0.9553525447845459
No oil_00098,No oil,0,0.1376012588452446,1376,-5.106243133544922,8.470568656921387,13.70469856262207,1.1572992386740983,11.93123322855852,0.8999345977763243,blob,-3.774883270263672,0.8653581142425537
No oil_00098,No oil,0,0.4009036676675767,4009,-4.010112762451172,7.415832042694092,13.354103088378906,2.214613072250929,11.015894876537413,0.8110459235282217,blob,-2.904025077819824,0.4253324866294861
No oil_00098,No oil,0,0.0870007959268625,870,-2.8096923828125,6.9904890060424805,9.526613235473633,3.1675936061218084,8.648383928740172,0.8579881656804734,linear,-2.0254955291748047,0.891999363899231
No oil_00098,No oil,0,0.0543004967681452,543,-2.884885787963867,6.932169437408447,10.269424438476562,1.7772029838556551,7.459677646109308,0.7713068181818182,blob,-2.8727588653564453,1.292127251625061
No oil_00098,No oil,0,0.2652024262046429,2652,-4.276918411254883,7.673614501953125,12.78346824645996,2.5615487648638795,9.992461554682883,0.5304530453045304,blob,-3.4159727096557617,0.4859357178211212
No oil_00098,No oil,0,0.2666024390126614,2666,-2.7288970947265625,7.072186470031738,11.065845489501951,3.435151416057149,8.338894617636871,0.4631688672689367,linear,-2.307220458984375,1.232434868812561
No oil_00098,No oil,0,0.3315030327558037,3315,-3.3230037689208984,7.26774263381958,12.34210205078125,2.9184412451689683,8.149129317375438,0.6574771915906387,blob,-2.6436052322387695,1.4259414672851562
No oil_00098,No oil,0,0.2231020410492301,2231,-4.250612258911133,7.206737041473389,10.086310386657717,2.4177562419109244,9.243351553338044,0.768515328970031,blob,-3.842954635620117,0.7828337550163269
No oil_00098,No oil,0,0.1538014070523155,1538,-4.206777572631836,7.444025993347168,11.223538398742676,3.3382009671592923,10.880102633230248,0.7854954034729316,linear,-4.019662857055664,1.2109375
No oil_00098,No oil,0,0.862207887909665,8622,-4.510383605957031,8.122401237487793,13.747247695922852,1.743223726803902,10.254469717532444,0.7811551528878822,blob,-3.5059356689453125,0.8789694309234619
No oil_00098,No oil,0,0.0528004830452682,528,-2.38262939453125,7.068957805633545,9.621866226196287,2.3133773058665543,8.612244867500243,0.9487870619946092,blob,-1.7402572631835938,1.574809193611145
No oil_00098,No oil,0,0.137701259760103,1377,-3.8297195434570312,7.009179592132568,10.550460815429688,1.800201549313211,8.513693199755071,0.723784494086728,blob,-3.445281982421875,1.1708191633224487
No oil_00098,No oil,0,0.2936026860244463,2936,-3.8962478637695312,7.61618709564209,12.624184608459473,2.380300214757725,8.156732184852473,0.5738297664419036,blob,-4.081134796142578,1.6394119262695312
No oil_00098,No oil,0,0.0664006074660192,664,-4.057975769042969,7.571106910705566,10.525689125061035,1.675754260928714,8.613229819087348,0.8794701986754967,blob,-1.9799613952636719,0.24479331076145172
No oil_00098,No oil,0,0.2773025369025169,2773,-3.3442840576171875,7.343534469604492,11.423617362976074,2.3650071405676893,8.856602757531462,0.5314805941542885,blob,-2.387126922607422,0.5014421343803406
No oil_00098,No oil,0,0.3457031626657054,3457,-3.3894195556640625,6.871816158294678,10.494071006774902,2.581346724490917,8.045080597884951,0.5025805044704514,blob,-3.0243349075317383,1.0707674026489258
No oil_00098,No oil,0,0.1231011261907675,1231,-5.18282413482666,9.444479942321776,15.438224792480469,1.687774820174791,9.045843901397324,0.8492583649534322,blob,-3.724029541015625,1.0380831956863403
No oil_00100,No oil,0,0.2151019678605531,2151,-4.218233108520508,8.203869819641113,12.689127922058104,1.8146175571492191,8.143210447093711,0.7539432176656151,blob,-4.846723556518555,2.4382200241088867
No oil_00100,No oil,0,0.2983027290227941,2983,-5.156687736511231,8.791499137878418,13.763550758361816,4.020557850052745,10.548401352264715,0.8541159627773801,linear,-4.242547988891602,1.4982784986495972
No oil_00100,No oil,0,0.0501004583440897,501,-4.237617492675781,8.599926948547363,11.117925643920898,1.6770188151539294,11.85803212779469,0.7472035794183445,blob,-2.699016571044922,1.781342625617981
No oil_00100,No oil,0,0.0807007382907793,807,-7.362636566162109,10.97354221343994,15.498299598693848,1.904777946506048,11.389005970773162,0.9449648711943794,blob,-4.7280120849609375,1.9498975276947021
No oil_00100,No oil,0,0.4074037271333768,4074,-2.586467742919922,7.610262393951416,13.143982887268066,1.9731972525351076,8.77358519590997,0.6412718400755548,blob,-1.8519506454467773,1.2949671745300293
No oil_00100,No oil,0,0.1333012195063307,1333,-3.4676685333251958,8.32801342010498,13.595540046691896,1.4666416497173222,9.310180244805132,0.5903454384410983,blob,-1.8776216506958008,0.5130959749221802
No oil_00100,No oil,0,0.2296021005150302,2296,-4.355426788330078,8.233704566955566,13.435797691345217,1.9268116021544968,10.758021065535065,0.6008898194190002,blob,-2.5040283203125,0.2490321844816208
No oil_00100,No oil,0,0.0750006861438469,750,-5.078556060791016,8.71335506439209,11.625892639160156,1.4925815109298164,10.722415563019757,0.8333333333333334,blob,-3.4770917892456055,1.9581806659698486
No oil_00100,No oil,0,0.0978008947315764,978,-5.636390686035156,8.544865608215332,12.079682350158691,3.5443320214624854,11.46525059465068,0.6751812219537453,linear,-4.581158638000488,0.7500938773155212
No oil_00100,No oil,0,0.0634005800202653,634,-3.8568286895751953,8.470260620117188,11.523648262023926,1.2409065537535695,9.339777905833715,0.9109195402298852,blob,-3.3319530487060547,2.615119218826294
No oil_00100,No oil,0,1.7114156568877297,17114,-3.816232681274414,8.04941177368164,14.990224838256836,1.086324220181922,9.699892618874042,0.5423975913160606,blob,-2.2282915115356445,0.4876849353313446
No oil_00100,No oil,0,0.0650005946580007,650,-4.374721527099609,8.509845733642578,11.06971836090088,1.8562018157336204,10.647270077146764,0.7692307692307693,blob,-2.7052555084228516,0.6815081834793091
No oil_00100,No oil,0,0.0556005086613052,556,-3.15200424194336,7.835526466369629,10.804611206054688,2.3170706113313244,6.6207760334118095,0.8176470588235294,blob,-2.1328859329223633,1.7274218797683716
No oil_00100,No oil,0,0.0612005598933791,612,-6.353660583496094,8.959553718566895,13.533405303955078,1.2637436526798782,18.368758048221373,0.7881519639407598,blob,-6.801679611206055,1.122452735900879
No oil_00100,No oil,0,0.0860007867782778,860,-5.536636352539063,8.029199600219727,12.984244346618652,1.14845653669069,15.354757584871765,0.7974038015762633,blob,-4.304357528686523,0.3225969672203064
No oil_00100,No oil,0,0.0712006513792254,712,-7.457127571105957,9.886573791503906,15.556307792663574,1.3049001462172989,16.093624576289034,0.7919911012235817,blob,-7.4445600509643555,1.9172147512435913
No oil_00100,No oil,0,1.9301176576831875,19301,-5.575962066650391,8.738200187683105,15.41357421875,1.3131818219571365,12.177933930050315,0.4997475499398003,blob,-4.735938549041748,0.9965639114379883
No oil_00100,No oil,0,0.1249011426582198,1249,-4.787029266357422,8.375106811523438,12.496017456054688,1.4107948067772371,9.115947507315653,0.569929272187999,blob,-3.453951835632324,0.534305989742279
No oil_00100,No oil,0,0.0625005717865391,625,-5.232351303100586,8.796618461608887,11.328449249267578,1.740999921831018,13.411028966991417,0.7050197405527355,blob,-3.5262842178344727,0.7468123435974121
No oil_00100,No oil,0,0.0683006248483299,683,-3.854774475097656,8.41554069519043,12.724977493286133,1.8364897096040127,8.60897714048189,0.8189448441247003,blob,-1.5873003005981445,0.1072482317686081
No oil_00100,No oil,0,3.3430305837184062,33430,-4.154558181762695,8.762742042541504,14.40346908569336,1.63382300112778,11.73589801561759,0.5474180633223348,blob,-2.846426010131836,1.0250680446624756
No oil_00100,No oil,0,0.7493068550344606,7493,-6.361049652099609,9.628734588623049,15.77793312072754,1.6450714081156776,13.64273672197624,0.4993668777074309,blob,-5.003910064697266,1.8524881601333618
No oil_00100,No oil,0,4.373440010420006,43734,-4.775840759277344,8.734014511108398,14.294872283935549,1.554321567414315,11.517957461657808,0.5084107369130794,blob,-3.866642951965332,0.8735319375991821
No oil_00100,No oil,0,0.086900795012004,869,-6.004062652587891,9.53925609588623,13.317014694213867,1.7228816081217997,13.695569949775733,0.6618431073876618,blob,-5.542884826660156,1.3957194089889526
No oil_00100,No oil,0,0.8479077570849047,8479,-6.051764488220215,9.237460136413574,14.306116104125977,2.1613864612275604,11.824988238622428,0.6380945213726671,blob,-4.801456451416016,1.997369408607483
No oil_00100,No oil,0,0.3976036374772475,3976,-4.156883239746094,8.893855094909668,14.111665725708008,1.359541466412994,11.37934318979394,0.6980337078651685,blob,-3.4196910858154297,2.1894044876098633
No oil_00100,No oil,0,1.3779126058347568,13779,-3.724397659301758,8.22763442993164,14.108606338500977,1.7999456420169608,10.909490287091062,0.3734652391923024,blob,-3.3477935791015625,0.5283370614051819
No oil_00100,No oil,0,1.0071092135395774,10071,-5.036211013793945,8.747428894042969,14.841836929321287,1.2334659399842671,11.376694968932824,0.7113292837971464,blob,-3.0626630783081055,1.4138864278793335
No oil_00100,No oil,0,0.0654005983174345,654,-5.916413307189941,8.793320655822754,11.591328620910645,1.7308247295565995,11.998171416466814,0.944404332129964,blob,-4.966793060302734,1.6267247200012207
No oil_00100,No oil,0,0.2440022322546488,2440,-4.244335174560547,8.415938377380371,13.479589462280272,2.43126704020394,11.656722334601206,0.6643071059079771,blob,-3.952190399169922,0.26094579696655273
No oil_00100,No oil,0,0.0900008233726163,900,-5.300025939941406,8.367697715759277,13.52598762512207,1.6321453077655033,13.201655930082758,0.8518693800283956,blob,-4.984264373779297,0.5332030057907104
No oil_00100,No oil,0,1.987318180982228,19873,-4.581695556640625,8.993642807006836,14.65523910522461,1.2588748324436003,12.138424529221794,0.6975919685481606,blob,-3.4600839614868164,0.8865101933479309
No oil_00100,No oil,0,0.4798043894909037,4798,-6.151175498962402,9.235445022583008,15.309914588928224,2.199689985632906,12.24424368231451,0.6786421499292786,blob,-4.418749809265137,1.5544153451919556
No oil_00100,No oil,0,0.0584005342773421,584,-4.219402313232422,8.892133712768555,11.959562301635742,1.5596856454045886,11.370539353108686,0.8049620951068229,blob,-3.831249237060547,1.2323750257492065
No oil_00100,No oil,0,0.2090019120541869,2090,-4.7808685302734375,8.351040840148926,12.316276550292969,1.6971784180534242,12.548960608832337,0.791816631937867,blob,-3.6367244720458984,0.3383214473724365
No oil_00100,No oil,0,0.1582014473060879,1582,-4.935941696166992,9.691740036010742,14.605579376220703,1.3953779817582654,13.053612884399971,0.6580698835274542,blob,-4.428192138671875,1.3219325542449951
No oil_00100,No oil,0,0.100300917603038,1003,-6.165044784545898,8.7732572555542,12.896495819091797,2.5389528745528023,11.94136094290987,0.8217943465792708,blob,-4.764451026916504,1.219490885734558
No oil_00100,No oil,0,1.2782116937208696,12782,-4.609346389770508,8.894476890563965,15.930328369140623,1.48109615019253,11.51491586028356,0.6744940766734387,blob,-3.342501640319824,0.9508289098739624
No oil_00100,No oil,0,0.1414012936098661,1414,-6.571991920471191,9.223100662231444,14.728611946105955,2.457597179222914,12.48721085114351,0.8126436781609195,blob,-5.3073577880859375,0.8396895527839661
No oil_00100,No oil,0,0.0699006394860653,699,-4.547279357910156,9.173298835754396,12.600214004516602,5.162784478490932,12.848642831847036,0.8732042473454091,linear,-3.36422061920166,0.843761682510376
No oil_00100,No oil,0,0.2862026183249201,2862,-3.829015731811523,8.535630226135254,12.594446182250977,2.069557913601164,11.620617662503104,0.6539472180966526,blob,-2.076960563659668,0.2935072183609009
No oil_00100,No oil,0,2.620623974780872,26206,-4.539073944091797,9.12027645111084,16.444473266601562,2.74279796612275,12.11322757880867,0.4785915827344699,blob,-3.2427072525024414,0.97551029920578
No oil_00100,No oil,0,0.0945008645412472,945,-4.560504913330078,8.201761245727539,11.614594459533691,1.955789904452268,12.31073919818134,0.7961246840775064,blob,-3.2733325958251953,0.10632280260324478
No oil_00100,No oil,0,0.3033027747657172,3033,-5.77082633972168,8.606905937194824,13.534177780151367,1.9933593050713083,11.555475729784082,0.8056846858812591,blob,-4.6239013671875,0.5905464887619019
No oil_00100,No oil,0,0.0528004830452682,528,-6.330013275146484,9.297694206237791,13.796188354492188,2.7383175334211973,15.001398580231582,0.9386666666666666,blob,-6.092565536499023,1.3416374921798706
No oil_00100,No oil,0,1.0179093123442913,10179,-4.245658874511719,9.189358711242676,14.858098983764648,1.4811364752126068,11.839641805112423,0.5870242214532871,blob,-3.177351951599121,1.6613051891326904
No oil_00100,No oil,0,0.0779007126747424,779,-3.3799972534179688,8.034926414489746,12.00029182434082,1.3558131902961992,9.28857408951938,0.8417071853052404,blob,-2.6188831329345703,1.0343384742736816
No oil_00100,No oil,0,0.3447031535171207,3447,-3.4205799102783203,8.041757583618164,13.237503051757812,1.764010436079016,10.15704710669901,0.6723229959040374,blob,-2.254490852355957,0.6352581977844238
No oil_00100,No oil,0,0.5850053519220064,5850,-5.895601272583008,9.321410179138184,15.65667724609375,2.067142893831525,12.979391496232251,0.6261707251806262,blob,-4.288661003112793,1.3212109804153442
No oil_00100,No oil,0,0.2472022615301196,2472,-4.23866081237793,8.252060890197754,11.74896240234375,1.842242626614389,9.81037593347854,0.8769067045051436,blob,-2.713747024536133,1.9262568950653076
No oil_00100,No oil,0,0.0913008352657764,913,-3.608875274658203,7.994675636291504,12.074748992919922,1.6490785715189975,11.76798469353311,0.8911664226451927,blob,-0.7829294204711914,0.11555372178554535
No oil_00100,No oil,0,0.3177029065053358,3177,-3.309429168701172,8.427749633789062,14.117839813232422,3.886832751150344,11.18298999874609,0.5400764980875478,linear,-2.1208295822143555,0.9161514639854431
No oil_00100,No oil,0,0.3749034298043764,3749,-5.239067077636719,9.405179023742676,14.692300796508787,1.332216600734547,12.706693849679136,0.8857649143532191,blob,-3.5285987854003906,2.3770058155059814
No oil_00100,No oil,0,7.204265908233366,72042,-4.292514801025391,8.844246864318848,15.44914436340332,3.1710956637046,12.100471423004684,0.404741706227703,linear,-2.9332351684570312,1.5723466873168945
No oil_00100,No oil,0,0.3375030876473114,3375,-3.055150985717773,8.137938499450684,12.61965560913086,1.3635002780336505,11.411892497600975,0.6988301066362977,blob,-1.8926372528076172,1.2155492305755615
No oil_00100,No oil,0,0.089500818798324,895,-3.8824539184570312,8.863529205322266,13.02243423461914,1.763437537928814,12.10735396882021,0.8218549127640037,blob,-3.0623397827148438,0.8739338517189026
No oil_00100,No oil,0,0.0619005662973883,619,-4.440744400024414,8.356046676635742,12.766014099121094,1.947745154869712,10.95809586526624,0.8755304101838756,blob,-3.6645822525024414,1.1627120971679688
No oil_00100,No oil,0,0.7905072319561472,7905,-4.468435287475586,8.472129821777344,14.178279876708984,2.522393731356785,12.30438590444653,0.4453521126760563,blob,-3.1016530990600586,1.1766455173492432
No oil_00100,No oil,0,0.0846007739702594,846,-4.786596298217773,8.799040794372559,12.694473266601562,1.5389024284375317,13.985743749956804,0.6553059643687065,blob,-3.300260543823242,0.38470658659935
No oil_00100,No oil,0,0.1049009596865273,1049,-6.259025573730469,9.061702728271484,12.754877090454102,3.0024840340964487,12.434937100439058,0.9234154929577464,linear,-3.939150810241699,1.2046794891357422
No oil_00100,No oil,0,0.1115010200671858,1115,-3.737991333007813,8.241165161132812,13.711435317993164,1.2567962559769297,10.50724834193794,0.832089552238806,blob,-1.150609016418457,0.3150000274181366
No oil_00100,No oil,0,0.06960063674149,696,-3.2114505767822266,7.815818309783935,12.958274841308594,1.867235461175776,10.198993623747755,0.6692307692307692,blob,-0.600377082824707,0.0
No oil_00100,No oil,0,0.1662015204947649,1662,-4.583639144897461,8.489492416381836,12.989744186401367,1.8841346445840828,12.95267610344015,0.5357833655705996,blob,-2.98675537109375,0.7033474445343018
No oil_00100,No oil,0,0.0751006870587054,751,-4.861225128173828,8.490387916564941,11.230020523071287,1.349635091660469,9.19535808085093,0.9652956298200516,blob,-2.215115547180176,0.2893335521221161
No oil_00100,No oil,0,0.0778007117598839,778,-4.24041748046875,8.816758155822754,13.836862564086914,1.9391081286448464,11.803752589171545,0.645643153526971,blob,-2.478076934814453,1.2872726917266846
No oil_00100,No oil,0,1.1079101357169077,11079,-4.701019287109375,9.183937072753906,14.398115158081056,4.2589106169045605,12.879091996193877,0.5377502730251184,linear,-2.9001598358154297,1.6486564874649048
No oil_00100,No oil,0,0.9871090305678848,9871,-4.4380950927734375,9.558124542236328,15.022802352905272,3.0557603838305143,13.041196002047863,0.7027373367030934,linear,-2.841501235961914,2.005263090133667
No oil_00100,No oil,0,0.1119010237266197,1119,-2.740804672241211,7.7883381843566895,12.882787704467772,2.5883011070073385,10.409347609652686,0.7950266429840143,blob,-1.1657896041870117,0.3944457769393921
No oil_00105,No oil,0,0.6727061542528782,6727,-4.805412292480469,10.13857650756836,14.729663848876951,1.9231352881040795,12.030912670421674,0.6650190302011764,blob,-2.6274795532226562,3.0287113189697266
No oil_00105,No oil,0,26.2024397130441,262022,-6.656963348388672,10.702866554260254,15.449968338012695,2.7412401809347777,12.273049196982653,0.4132741338927312,blob,-3.6859703063964844,3.489408254623413
No oil_00105,No oil,0,0.0698006385712069,698,-4.504339218139648,9.363868713378906,13.022909164428713,1.9574732141850368,10.969698409891285,0.9124183006535947,blob,-3.5432958602905273,3.418975353240967
No oil_00105,No oil,0,0.1200010978301551,1200,-5.612564086914063,10.217666625976562,13.109724044799805,2.119045684108556,12.57028856834216,0.8636200071968334,blob,-2.801036834716797,2.3796865940093994
No oil_00105,No oil,0,0.098800903880161,988,-5.376228332519531,9.974787712097168,12.760282516479492,1.82025923965365,12.491991810291893,0.7987065481002426,blob,-2.654738426208496,2.5015366077423096
No oil_00105,No oil,0,0.3029027711062833,3029,-5.270099639892578,9.680432319641112,12.678714752197266,1.089499343083076,10.850957246347326,0.8055851063829788,blob,-2.1278038024902344,3.0212035179138184
No oil_00105,No oil,0,1.0071092135395774,10071,-4.662944793701172,9.295332908630373,13.94514274597168,1.600343914390399,12.097437607505563,0.699302156025414,blob,-2.2447509765625,2.987780809402466
No oil_00105,No oil,0,0.5387049283425382,5387,-5.336015701293945,9.391148567199709,12.745155334472656,2.0613528274697988,10.635714097518292,0.7248873040435982,blob,-1.9113836288452148,2.592195749282837
No oil_00105,No oil,0,0.83520764089788,8352,-6.158550262451172,10.043778419494627,14.168261528015137,3.3307979321713064,12.372337268178926,0.595529252379764,linear,-2.9413957595825195,2.1692960262298584
No oil_00105,No oil,0,0.0849007767148347,849,-4.408147811889648,9.420125007629396,13.364877700805664,1.367680811898352,10.36353994208042,0.8667687595712098,blob,-2.052882194519043,1.4505786895751953
No oil_00105,No oil,0,3.0960283240180035,30960,-6.692510604858398,10.267290115356444,13.80274772644043,2.2171935535707603,13.528955733727548,0.6804470378795371,blob,-3.895589828491211,4.432175159454346
No oil_00105,No oil,0,0.104200953282518,1042,-6.226308822631836,10.44061279296875,13.789400100708008,1.3772833412673489,13.841934904455137,0.6038829324833381,blob,-2.7348690032958984,2.8716254234313965
No oil_00105,No oil,0,0.0602005507447945,602,-5.471307754516602,9.981393814086914,13.37165641784668,1.2405530883096043,11.21873749096484,0.9204892966360856,blob,-1.9349727630615234,1.8746331930160522
No oil_00105,No oil,0,0.0958008764344072,958,-6.605497360229492,10.227155685424805,13.824236869812012,1.7986257641496308,12.733719128339532,0.6718092566619915,blob,-3.4038429260253906,2.320225954055786
No oil_00105,No oil,0,0.0712006513792254,712,-3.2833194732666016,8.771408081054688,12.369365692138672,1.4195969576318903,10.562948886331045,0.8944723618090452,blob,-1.725153923034668,1.9295369386672974
No oil_00105,No oil,0,0.0569005205544652,569,-5.582309722900391,9.660043716430664,12.632137298583984,1.9169245358497544,9.81446783225427,0.7946927374301676,blob,-3.0842199325561523,3.022989511489868
No oil_00105,No oil,0,0.0548005013424375,548,-7.246246337890625,9.20947265625,12.197809219360352,2.8872787633106225,10.269865199660831,0.9847259658580412,blob,-3.723033905029297,2.747706890106201
No oil_00105,No oil,0,0.1162010630655336,1162,-5.989536285400391,9.891535758972168,13.508977890014648,3.741981447266899,11.464352658666307,0.7413078149920255,linear,-2.744379997253418,2.6765341758728027
No oil_00105,No oil,0,0.0566005178098898,566,-6.07952880859375,9.596282958984377,13.441022872924805,1.56465348022802,11.55592684040356,0.722860791826309,blob,-2.9019479751586914,1.5422077178955078
No oil_00105,No oil,0,0.1917017537836728,1917,-2.9101486206054688,8.716649055480957,12.330154418945312,2.305726028569266,9.151193383821935,0.6419959812458138,blob,-0.8540172576904297,1.8644201755523682
No oil_00105,No oil,0,0.1326012131023214,1326,-4.400485992431641,10.288294792175291,14.317912101745604,2.788437867529789,9.79515934510824,0.7843833185448092,blob,-2.122884750366211,2.1988003253936768
No oil_00105,No oil,0,0.1821016659572605,1821,-5.42857551574707,9.655976295471191,14.461709022521973,1.4089175403051502,13.490850784732626,0.6112789526686808,blob,-2.7129030227661133,2.090505361557007
No oil_00105,No oil,0,0.7708070517290301,7708,-5.6551361083984375,9.806031227111816,14.785813331604004,2.3076940020792565,12.593325022847443,0.4440859595552227,blob,-2.864426612854004,1.9721161127090454
No oil_00105,No oil,0,0.2016018443546607,2016,-5.8603057861328125,10.137373924255373,14.844650268554688,1.8381538315336363,12.092083025210364,0.6052236565595918,blob,-3.7705326080322266,3.1054749488830566
No oil_00105,No oil,0,0.1015009285813395,1015,-4.975786209106445,9.280041694641112,12.572467803955078,1.6253475970266886,9.95876436159246,0.7963907414672421,blob,-2.266407012939453,1.823715329170227
No oil_00105,No oil,0,0.1155010566615243,1155,-7.027992248535156,11.133759498596191,14.676100730895996,1.99460655421836,14.171055868902164,0.8707124010554089,blob,-4.701777458190918,3.5612478256225586
No oil_00105,No oil,0,0.0688006294226223,688,-4.533514022827148,9.13797664642334,12.581214904785156,1.102027288364791,8.97117781523248,0.5674226804123711,blob,-2.1400299072265625,1.3312089443206787
No oil_00105,No oil,0,0.0698006385712069,698,-3.2561988830566406,9.43344020843506,13.430414199829102,2.0108551080554333,13.806031664238294,0.8925831202046036,blob,-3.5432958602905273,3.418975353240967
No oil_00105,No oil,0,0.0595005443407852,595,-3.780397415161133,9.23805809020996,12.775096893310549,1.7415042125200186,10.518215288200611,0.9049429657794676,blob,-1.0417871475219727,1.6852744817733765
No oil_00105,No oil,0,0.4471040903321865,4471,-3.849037170410156,9.067588806152344,12.685419082641602,2.4617103912056093,10.435219246550234,0.5924600808321738,blob,-1.85308837890625,2.0754034519195557
No oil_00105,No oil,0,0.176601615640045,1766,-4.580873489379883,10.332107543945312,14.637645721435549,1.407277322753984,10.80126967465854,0.6630373568612727,blob,-2.168879508972168,2.865553379058838
No oil_00105,No oil,0,0.0739006760804038,739,-5.113336563110352,9.511247634887695,13.332916259765623,2.085552370535973,12.624985568734097,0.7861702127659574,blob,-2.5406618118286133,2.111311197280884
No oil_00105,No oil,0,0.1728015808754234,1728,-5.059123992919922,10.143627166748049,14.69327163696289,2.1934341360324883,10.99384378600405,0.7364159386320052,blob,-2.6619129180908203,1.952651858329773
No oil_00105,No oil,0,0.0634005800202653,634,-4.890169143676758,10.12967586517334,14.664886474609377,2.8460783196592865,13.8509913552396,0.8756906077348067,blob,-2.6142702102661133,3.2669689655303955
No oil_00105,No oil,0,0.5204047609234396,5204,-5.12493896484375,9.502663612365724,13.135446548461914,2.440799601562167,12.93656127142795,0.5057091492152956,blob,-3.0104522705078125,2.927549123764038
No oil_00105,No oil,0,0.3898035661182873,3898,-5.475044250488281,9.692811965942385,14.012048721313477,2.7709056958292866,12.942904571942048,0.6087296009994534,blob,-3.014636993408203,3.1523256301879883
No oil_00105,No oil,0,0.4417040409298295,4417,-5.724536895751953,9.72424030303955,13.076139450073242,1.318044537303191,11.583005867811536,0.4945694771022282,blob,-2.7812700271606445,2.6126294136047363
No oil_00105,No oil,0,0.5770052787333295,5770,-3.778646469116211,9.351669311523438,13.928627014160156,1.3426109284311232,9.158880204798503,0.4123195655280834,blob,-1.9543342590332031,1.5737297534942627
No oil_00105,No oil,0,1.8449168782237773,18449,-5.096904754638672,9.94044303894043,14.827415466308594,1.688322302401632,12.33070484816386,0.4030850238696075,blob,-2.891852378845215,2.6916966438293457
No oil_00105,No oil,0,0.0596005452556437,596,-7.143722534179688,10.897825241088867,15.495246887207031,1.606517046790999,11.805011552541272,0.93125,blob,-4.1238603591918945,1.8148603439331055
No oil_00105,No oil,0,1.2469114073701708,12469,-5.089775085449219,9.671025276184082,14.115516662597656,4.651965578987678,12.107612169387998,0.6529126849064013,linear,-2.5856456756591797,3.1537039279937744
No oil_00105,No oil,0,0.0505004620035236,505,-5.161211013793945,9.391162872314451,13.650769233703612,3.190750691155424,11.163478203545436,0.6396453451551615,linear,-2.8436641693115234,1.4602489471435547
No oil_00105,No oil,0,0.1507013786917032,1507,-5.567670822143555,10.14116382598877,13.732990264892578,1.95998082745781,10.725010851843756,0.7814363494944258,blob,-2.1341018676757812,2.2444193363189697
No oil_00105,No oil,0,0.0811007419502132,811,-4.421533584594727,9.271549224853516,12.576414108276367,1.8999372750280337,11.95706420317852,0.6250481695568401,blob,-1.811767578125,2.209152936935425
No oil_00105,No oil,0,0.1758016083211773,1758,-5.341075897216797,9.176712989807127,12.276426315307615,1.1946007875049025,11.43898113329876,0.8389405869720831,blob,-2.853353500366211,1.7231342792510986
No oil_00105,No oil,0,0.7177065659391864,7177,-4.503471374511719,9.447888374328612,14.08707046508789,3.097953083031037,12.96577505206136,0.467587464981432,linear,-2.6614112854003906,3.1427950859069824
No oil_00105,No oil,0,0.1477013512459493,1477,-5.267372131347656,9.54586124420166,12.88974380493164,3.5686054274748957,13.461725540181504,0.8394430235862461,linear,-2.899393081665039,3.3060660362243652
No oil_00105,No oil,0,0.0792007245679024,792,-2.542726516723633,8.804555892944336,12.731411933898926,2.4585481173900274,10.17097646218118,0.7539267015706806,blob,-1.1030569076538086,1.2196730375289917
No oil_00105,No oil,0,1.18191081271217,11819,-6.470205307006836,10.529452323913574,15.223934173583984,1.4407447693512645,12.54506890120786,0.5758764343313763,blob,-3.807422637939453,2.783353567123413
No oil_00105,No oil,0,0.1225011207016167,1225,-4.425233840942383,9.746522903442385,13.95863151550293,2.490901982124396,11.088927968820553,0.7615791109729562,blob,-2.5671491622924805,3.2052886486053467
No oil_00105,No oil,0,0.0605005534893699,605,-5.342069625854492,9.972436904907228,12.262166976928713,4.601221871592444,12.105888036282314,0.8870967741935484,linear,-3.1978073120117188,3.660979986190796
No oil_00105,No oil,0,0.222002030985787,2220,-5.236455917358398,9.29127311706543,14.74290657043457,2.530945388593963,11.738251304975888,0.7239523887167781,blob,-3.037769317626953,1.8815134763717651
No oil_00105,No oil,0,0.088200806905164,882,-3.7514572143554688,8.935173034667969,12.236631393432615,1.0370022647957735,10.304809990697212,0.6407555394115511,blob,-2.1071252822875977,3.0503339767456055
No oil_00105,No oil,0,0.1054009642608196,1054,-5.424968719482422,9.271284103393556,12.381584167480469,6.354387198588507,12.15720667751113,0.6668775703891173,linear,-3.631387710571289,3.4340295791625977
No oil_00105,No oil,0,0.1289011792525583,1289,-5.554956436157227,9.388517379760742,12.255319595336914,1.7571911311786386,10.82830553322327,0.8109468386284995,blob,-3.0288009643554688,3.046442985534668
No oil_00105,No oil,0,1.11751022354332,11175,-5.954826354980469,9.329487800598145,14.327598571777344,2.034660329103253,9.94813040265457,0.6142472379486615,blob,-2.7984399795532227,1.4629467725753784
No oil_00105,No oil,0,0.7005064085835309,7005,-4.290374755859375,9.209142684936523,13.688352584838867,1.2863974433185237,12.520252323524856,0.5438031285176416,blob,-2.5485353469848633,3.0034782886505127
No oil_00105,No oil,0,0.3492031946857515,3492,-5.517787933349609,9.493653297424316,13.248592376708984,1.517910120322913,12.351921355972106,0.7518570352029282,blob,-2.6456756591796875,3.15419602394104
No oil_00105,No oil,0,0.1609014720072664,1609,-5.549602508544922,9.734928131103516,12.647058486938477,3.4607665519011386,11.57508807757181,0.947585394581861,linear,-3.6706600189208984,3.073111057281494
No oil_00105,No oil,0,0.9430086271153028,9430,-6.008129119873047,9.572006225585938,13.167871475219728,2.930080912348249,13.099789979512355,0.303777079809938,blob,-3.598294258117676,3.0040578842163086
No oil_00105,No oil,0,0.2677024490761045,2677,-5.071701049804688,9.078237533569336,13.055992126464844,2.575878947930004,11.222570190280294,0.6647628507573876,blob,-3.2035398483276367,2.96376633644104
No oil_00105,No oil,0,0.0892008160537486,892,-5.605873107910156,9.581710815429688,13.058172225952148,2.112995674911234,10.97923284749724,0.8270746407046824,blob,-3.1200647354125977,1.4839431047439575
No oil_00105,No oil,0,0.1290011801674168,1290,-5.01519775390625,8.707212448120117,12.193754196166992,1.6981410285414094,10.161310428563285,0.8229665071770335,blob,-2.163083076477051,2.352898359298706
No oil_00105,No oil,0,0.6982063875417862,6982,-5.894950866699219,10.417489051818848,13.958009719848633,1.6677327324681668,14.457987067621367,0.5212781842616097,blob,-3.4615888595581055,2.72187876701355
No oil_00105,No oil,0,0.1919017556133898,1919,-5.021238327026367,9.16607666015625,13.888965606689451,2.199232950176374,9.781081997661827,0.6159524955865832,blob,-2.8855810165405273,1.781848430633545
No oil_00105,No oil,0,0.1206011033193059,1206,-4.156190872192383,9.450272560119627,13.657855987548828,2.756843938459256,12.480817306636776,0.8472075869336143,blob,-2.2680482864379883,3.05841064453125
No oil_00105,No oil,0,1.067309764284372,10673,-6.856460571289063,10.359614372253418,15.684530258178713,2.693019949114233,11.382877347853242,0.6734603735487128,blob,-3.786595344543457,2.177729845046997
No oil_00105,No oil,0,0.1567014335832109,1567,-5.823263168334961,9.592642784118652,13.101179122924805,1.2314678451364949,9.783181474595256,0.9459704195593118,blob,-3.104823112487793,3.3765971660614014
No oil_00105,No oil,0,0.539504935661406,5395,-4.68804931640625,9.596107482910156,14.388351440429688,2.0362326041860555,11.822301581607809,0.6511768255884128,blob,-2.8246822357177734,2.751436948776245
No oil_00105,No oil,0,0.102900941389358,1029,-5.062690734863281,9.46441650390625,12.37739372253418,2.962020262191665,11.677238528302173,0.602988573102842,blob,-2.8033666610717773,3.143768310546875
No oil_00105,No oil,0,0.0564005159801729,564,-5.010892868041992,9.525896072387695,12.268342971801758,1.381035353935536,11.710826799021897,0.8995215311004785,blob,-2.8997364044189453,3.0676486492156982
No oil_00105,No oil,0,0.1956017894631529,1956,-5.853794097900391,10.450687408447266,14.18632698059082,2.60920683480501,14.257930008683116,0.7723593287265548,blob,-3.016240119934082,2.9163012504577637
No oil_00105,No oil,0,0.1430013082476015,1430,-5.437213897705078,9.750775337219238,12.91595458984375,1.1198814873573626,12.388672042096816,0.9306866254474456,blob,-2.7720136642456055,3.112154006958008
No oil_00105,No oil,0,0.07220066052781,722,-4.765077590942383,9.865923881530762,14.02092742919922,3.5849060194438205,10.380473350477958,0.8626045400238949,linear,-2.520022392272949,2.8480896949768066
No oil_00105,No oil,0,0.1253011463176536,1253,-6.695898056030273,10.84194278717041,14.022981643676758,1.2085037463748498,15.048243686869183,0.8632449190492594,blob,-3.744687080383301,2.6246299743652344
No oil_00105,No oil,0,0.1426013045881677,1426,-5.132514953613281,9.875720024108888,13.843338012695312,2.097886630116275,11.29344488577367,0.7384774728120145,blob,-2.686936378479004,1.8997609615325928
No oil_00105,No oil,0,0.1465013402676477,1465,-3.279090881347656,8.67783260345459,12.106712341308594,2.1776144948311003,10.077618126427012,0.667882379758377,blob,-2.0441150665283203,1.4476455450057983
No oil_00105,No oil,0,0.083000759332524,830,-5.454837799072266,10.174823760986328,13.793783187866213,1.0457656103945474,11.18285991235544,0.9431818181818182,blob,-2.1367931365966797,2.6823458671569824
No oil_00105,No oil,0,0.1050009606013857,1050,-6.523351669311523,10.420405387878418,12.934785842895508,3.460074126877031,15.742578049806204,0.9615384615384616,linear,-3.224320411682129,3.0172460079193115
No oil_00105,No oil,0,0.0621005681271053,621,-6.773712158203125,11.255061149597168,15.108004570007324,1.3700898756685325,10.980459250372654,0.8448979591836735,blob,-2.8656129837036133,2.4636521339416504
No oil_00105,No oil,0,0.4320039521885586,4320,-4.013931274414063,9.62660026550293,14.520641326904297,1.678109899540916,12.71669440653073,0.5511258531606813,blob,-2.131270408630371,2.2394983768463135
No oil_00105,No oil,0,0.0794007263976193,794,-3.381938934326172,9.230141639709473,12.935283660888672,2.126748735586111,10.28746440405354,0.8131080389144906,blob,-1.2359933853149414,2.0150203704833984
No oil_00105,No oil,0,0.0597005461705022,597,-4.746740341186523,9.055046081542969,12.578853607177734,1.647562093317168,10.29499378358979,0.9476190476190476,blob,-2.688260078430176,1.9760006666183472
No oil_00105,No oil,0,0.1383012652492538,1383,-3.2656726837158203,9.199345588684082,13.874029159545898,2.4086072581156497,8.961407321615344,0.658257972394098,blob,-1.861851692199707,2.1238620281219482
No oil_00105,No oil,0,0.0785007181638931,785,-7.013345718383789,9.69852066040039,13.783123970031738,1.6159055202365975,11.11946225415224,0.7787698412698413,blob,-2.4725427627563477,1.1053533554077148
No oil_00105,No oil,0,0.098800903880161,988,-6.0209503173828125,10.869913101196287,14.580978393554688,1.2059902018897366,13.421951506022058,0.9989888776541962,blob,-2.654738426208496,2.5015366077423096
No oil_00105,No oil,0,0.0516004720669667,516,-4.7918243408203125,9.38270378112793,12.697572708129885,1.4523745176828138,7.888216842359736,1.0,blob,-3.158876419067383,1.5144665241241455
No oil_00106,No oil,0,0.0689006303374807,689,-5.483444213867188,10.438878059387209,14.103353500366213,1.291159142780436,11.568884321806433,0.992080633549316,blob,-2.0754594802856445,2.411194324493408
No oil_00106,No oil,0,0.0848007757999763,848,-5.63538932800293,10.70232105255127,15.39150047302246,1.5889180901720374,10.213308680185335,0.8330058939096268,blob,-2.475799560546875,2.102494955062866
No oil_00106,No oil,0,0.1054009642608196,1054,-6.508701324462891,10.718905448913574,13.244356155395508,3.4642888107625147,15.64649545833066,0.9723247232472324,linear,-3.213120460510254,2.717611789703369
No oil_00106,No oil,0,0.7274066546804573,7274,-4.394828796386719,9.738795280456545,14.602700233459473,1.4068267147565794,12.797646395648274,0.4737990555284155,blob,-2.4454259872436523,2.032961130142212
No oil_00106,No oil,0,0.5000045742923133,5000,-4.342357635498047,9.296038627624512,14.434560775756836,1.428300672266275,9.454290425752966,0.594883997620464,blob,-2.359630584716797,2.1398887634277344
No oil_00106,No oil,0,0.1786016339372143,1786,-4.892333984375,9.46229362487793,13.120720863342283,2.167411194911246,11.471692553724392,0.6211093722830812,blob,-2.1859817504882812,1.6873102188110352
No oil_00106,No oil,0,0.0624005708716806,624,-4.63532829284668,9.380159378051758,12.962800979614258,1.595692588180171,10.413479576033122,0.9734789391575664,blob,-2.60516357421875,1.9617935419082642
No oil_00106,No oil,0,0.0757006925478562,757,-6.064760208129883,10.116764068603516,14.066619873046877,2.517174249019209,12.604607157887658,0.7611865258924082,blob,-2.25551700592041,0.8563429117202759
No oil_00106,No oil,0,0.1611014738369833,1611,-6.476602554321289,11.287734985351562,14.699667930603027,1.3321172602242022,14.62794644676017,0.9532544378698224,blob,-3.8790721893310547,3.3041903972625732
No oil_00106,No oil,0,0.0619005662973883,619,-4.943990707397461,9.241158485412598,12.163677215576172,1.6706367137579383,11.577232134470387,0.8044184535412605,blob,-3.1069440841674805,2.053558588027954
No oil_00106,No oil,0,0.2532023164216274,2532,-5.140098571777344,9.950323104858398,14.088068962097168,2.2949774387930075,13.648757539274976,0.6667544437129691,blob,-3.2351150512695312,2.693781614303589
No oil_00106,No oil,0,0.0983008993058687,983,-4.415563583374023,8.923633575439453,12.569218635559082,2.2890047206003525,11.56530013346273,0.7097472924187725,blob,-2.271542549133301,1.9486383199691772
No oil_00106,No oil,0,0.1969018013563129,1969,-3.8274898529052734,9.664073944091797,13.207226753234863,5.303554457533268,11.437522441887069,0.6974849450938718,linear,-2.474856376647949,2.86336612701416
No oil_00106,No oil,0,0.084300771225684,843,-6.199565887451172,10.206396102905272,14.34654712677002,1.6879893684676566,12.0146599124103,0.8878357030015798,blob,-3.5723724365234375,2.6955645084381104
No oil_00106,No oil,0,0.1542014107117494,1542,-2.7634105682373047,9.20788288116455,13.788822174072266,1.3571809853034231,10.640070892104518,0.680794701986755,blob,-1.9553918838500977,2.7847626209259033
No oil_00106,No oil,0,0.1839016824247128,1839,-5.533329010009766,9.596405029296877,14.285396575927734,1.9982608395141253,12.596328178820109,0.6660630206446939,blob,-3.341632843017578,1.7974779605865479
No oil_00106,No oil,0,0.4771043647897253,4771,-4.830221176147461,9.75444793701172,15.056418418884276,1.2438580746176082,11.709575085078331,0.7145424591882582,blob,-2.769174575805664,2.7628114223480225
No oil_00106,No oil,0,0.0609005571488037,609,-3.3547840118408203,9.206212997436523,12.558672904968262,1.2880505626257552,9.356917381759317,0.9975429975429976,blob,-1.1719646453857422,2.3163576126098633
No oil_00106,No oil,0,0.3418031269862253,3418,-4.847644805908203,9.944913864135742,13.850579261779783,1.1627231264022115,14.309669517846402,0.5711421171359345,blob,-3.0525083541870117,2.5233826637268066
No oil_00106,No oil,0,0.1285011755931245,1285,-4.087932586669922,9.352304458618164,13.88982105255127,2.161285548587136,13.061360815145424,0.6526155408836973,blob,-2.072657585144043,2.3752708435058594
No oil_00106,No oil,0,0.0719006577832346,719,-5.057378768920898,9.621703147888184,13.277287483215332,1.7175441323286702,12.421247908282345,0.7378142637249872,blob,-3.7023324966430664,2.341809034347534
No oil_00106,No oil,0,0.2027018544181038,2027,-5.852642059326172,10.780789375305176,15.04028606414795,2.4302512368111797,15.044922828418713,0.8155300744317039,blob,-3.4412078857421875,3.066033363342285
No oil_00106,No oil,0,0.0643005882539914,643,-4.3312530517578125,9.502628326416016,13.858073234558104,2.04432585042028,12.653604047903626,0.609478672985782,blob,-2.4093427658081055,1.7947694063186646
No oil_00106,No oil,0,0.4066037198145091,4066,-4.621025085449219,9.560096740722656,13.782695770263672,3.778733639084571,11.471505556618364,0.46775956284153,linear,-2.479938507080078,2.4856274127960205
No oil_00106,No oil,0,0.0582005324476252,582,-5.185325622558594,9.426816940307615,13.398167610168455,3.1863501105600185,16.161394116689905,0.5788165091994033,linear,-2.671285629272461,1.0203657150268555
No oil_00106,No oil,0,0.0689006303374807,689,-3.131866455078125,9.251564979553224,13.047137260437012,1.8225635315875424,9.443702776760569,0.6364896073903002,blob,-2.0754594802856445,2.411194324493408
No oil_00106,No oil,0,0.0723006614426684,723,-3.604042053222656,9.21879768371582,12.678963661193848,1.8111603466892623,11.011165942578314,0.9341085271317828,blob,-2.6182546615600586,2.0330235958099365
No oil_00106,No oil,0,0.0513004693223913,513,-5.131813049316406,10.061362266540527,13.07570457458496,3.2809022546954827,10.66203132686805,0.9790076335877864,linear,-2.727694511413574,2.5101616382598877
No oil_00106,No oil,0,0.0549005022572959,549,-6.815311431884766,10.625996589660645,13.620518684387209,1.2327332187436422,16.794613668693472,0.9614711033274956,blob,-3.4304561614990234,2.6947450637817383
No oil_00106,No oil,0,0.1577014427317956,1577,-5.7935638427734375,9.954498291015623,15.436046600341797,2.017342846441263,14.885358661387446,0.6271624577450785,blob,-2.955611228942871,1.6387852430343628
No oil_00106,No oil,0,0.362703318191644,3627,-5.77137565612793,10.33998203277588,13.933426856994627,5.498931927948857,14.258941376941328,0.7490706319702602,linear,-3.3908023834228516,2.12526273727417
No oil_00106,No oil,0,0.1309011975497276,1309,-5.451681137084961,10.020028114318848,13.340277671813965,1.0419044752923976,11.948297727549193,0.7584009269988412,blob,-2.8597240447998047,2.4567558765411377
No oil_00106,No oil,0,3.920435866111169,39204,-4.066875457763672,9.409628868103027,15.584395408630373,2.485356757660999,10.39729321574516,0.4195072362965142,blob,-2.0301570892333984,2.544910430908203
No oil_00106,No oil,0,0.2149019660308362,2149,-3.80263900756836,9.268853187561035,13.782559394836426,1.9810540657585405,11.973582770886413,0.5086992543496272,blob,-2.306715965270996,2.245370864868164
No oil_00106,No oil,0,0.0871007968417209,871,-4.079006195068359,9.317002296447754,12.99830436706543,1.6519281101852707,10.063916847325643,0.7534602076124568,blob,-1.484365463256836,1.9810676574707031
No oil_00106,No oil,0,0.5157047179250919,5157,-4.759361267089844,9.895163536071776,14.116921424865724,2.5520725496513563,11.097250269443654,0.4862571307340531,blob,-2.22312068939209,2.3507585525512695
No oil_00106,No oil,0,0.2409022038940365,2409,-7.104415893554688,10.471243858337402,14.761401176452637,1.6500993544584357,12.34051028371134,0.7627038151021054,blob,-4.415827751159668,3.037719964981079
No oil_00106,No oil,0,0.109601002684875,1096,-2.9993724822998047,9.286048889160156,12.364307403564451,3.2389216023672938,9.081131950002804,0.6574685062987402,linear,-0.7342805862426758,2.824758768081665
No oil_00106,No oil,0,0.2366021645551226,2366,-6.22028923034668,10.018292427062988,13.852317810058594,5.780051587771258,12.907866673366046,0.6790070311378964,linear,-3.2541255950927734,2.399529218673706
No oil_00106,No oil,0,0.0905008279469087,905,-6.04326057434082,10.755517959594728,14.028430938720703,11.28470830922466,18.42001343753113,0.8627264061010487,linear,-3.1288089752197266,1.6864687204360962
No oil_00106,No oil,0,0.4199038414906846,4199,-3.961223602294922,9.253376007080078,13.030651092529297,1.4311242390908383,10.822380478134802,0.7628304114815151,blob,-1.628697395324707,2.266268253326416
No oil_00106,No oil,0,0.112201026471195,1122,-3.730289459228516,9.183262825012209,13.222274780273438,1.411125466483704,10.886972181276558,0.568533063085888,blob,-1.5850143432617188,2.3235294818878174
No oil_00106,No oil,0,0.1375012579303861,1375,-3.411884307861328,8.981919288635254,12.826876640319824,1.804641338196487,10.95579847804927,0.8451137062077443,blob,-1.936807632446289,2.306333065032959
No oil_00106,No oil,0,0.1196010941707213,1196,-4.765712738037109,9.222248077392578,12.704039573669434,1.4771575393570031,11.162888995742051,0.8452296819787986,blob,-2.25754451751709,2.045274496078491
No oil_00106,No oil,0,0.1809016549789589,1809,-5.054817199707031,9.813756942749023,12.889036178588867,3.0646102023432107,11.229350421679149,0.8090339892665475,linear,-2.4403324127197266,2.9575788974761963
No oil_00106,No oil,0,0.0519004748115421,519,-4.064735412597656,9.79673194885254,14.203393936157228,1.2825108988655538,9.069580358500328,0.8635607321131448,blob,-2.415618896484375,2.9494924545288086
No oil_00106,No oil,0,0.1013009267516226,1013,-3.522695541381836,9.397306442260742,13.724066734313965,1.1054968420770903,11.226600049456358,0.5514425694066413,blob,-1.3434581756591797,1.823704481124878
No oil_00106,No oil,0,0.0519004748115421,519,-3.960884094238281,8.873506546020508,12.810375213623049,1.3045083845203038,9.309757428846131,0.9829545454545454,blob,-2.415618896484375,2.9494924545288086
No oil_00106,No oil,0,0.0877008023308717,877,-4.165239334106445,9.547409057617188,12.876801490783691,1.348946160697292,10.887025953189516,0.7176759410801964,blob,-2.2026519775390625,2.385761022567749
No oil_00106,No oil,0,0.7199065860660726,7199,-3.5912303924560547,9.449678421020508,14.845056533813477,1.7484954988179198,10.70581578798576,0.4507544925176883,blob,-1.6037788391113281,1.252888560295105
No oil_00106,No oil,0,0.1855016970624482,1855,-7.057376861572266,11.030318260192873,14.655439376831056,2.043749315090447,14.246150361576094,0.947879407256004,blob,-5.321418762207031,4.00814962387085
No oil_00106,No oil,0,0.1090009971957242,1090,-4.227628707885742,9.263272285461426,12.65394401550293,2.2473682327641606,10.261167338391084,0.7548476454293629,blob,-2.5590810775756836,2.1045081615448
No oil_00106,No oil,0,0.0505004620035236,505,-5.662420272827148,9.581107139587402,13.686040878295898,2.244392780239058,12.157063966605486,0.8015873015873016,blob,-3.177910804748535,1.6879603862762451
No oil_00106,No oil,0,0.1098010045145919,1098,-4.103645324707031,9.666095733642578,15.154863357543944,2.082885372015054,10.259646393631536,0.6059602649006622,blob,-1.876638412475586,1.5856103897094727
No oil_00106,No oil,0,0.3468031727291484,3468,-3.5614013671875,9.308164596557615,16.264163970947266,1.5493335385250362,10.750623985453943,0.5301536344875029,blob,-1.7012939453125,1.8704711198806763
No oil_00106,No oil,0,0.0604005525745114,604,-4.081016540527344,9.357640266418455,13.931547164916992,1.2739132681323635,8.259247955385321,0.7177658942364825,blob,-2.3171024322509766,1.6562061309814453
No oil_00106,No oil,0,0.0911008334360594,911,-3.7534255981445312,9.828359603881836,12.69451904296875,2.097437577501971,10.226648843231498,0.9006426099851705,blob,-1.2574729919433594,1.548027515411377
No oil_00106,No oil,0,0.1344012295697738,1344,-5.160190582275391,9.464706420898438,15.009557723999023,2.312153934184894,11.075896546899177,0.5388933440256616,blob,-3.4586048126220703,1.7955423593521118
No oil_00106,No oil,0,0.0519004748115421,519,-3.007774353027344,9.288100242614746,12.756996154785156,1.2160410994556514,10.203135358638376,0.8166797797010228,blob,-2.415618896484375,2.9494924545288086
No oil_00106,No oil,0,0.3481031846223085,3481,-4.336984634399414,9.915973663330078,14.302621841430664,1.4167672598810157,11.33050419123206,0.7528928301070618,blob,-2.929265022277832,2.887270212173462
No oil_00106,No oil,0,0.056000512320739,560,-2.0614051818847656,9.166695594787598,12.58296012878418,2.407114856439338,9.883323493519338,0.6755126658624849,blob,-0.38387012481689453,1.7853971719741821
No oil_00106,No oil,0,0.1666015241541987,1666,-6.166107177734375,9.975576400756836,14.959036827087402,1.7088747655452865,15.162921608319696,0.8906709435979685,blob,-3.435993194580078,1.7992985248565674
No oil_00106,No oil,0,0.7608069602431838,7608,-4.187770843505859,9.598740577697754,14.389013290405272,2.296253632253232,9.323119339482346,0.6408895628001011,blob,-2.5902528762817383,2.228473663330078
No oil_00106,No oil,0,0.1508013796065616,1508,-4.948146820068359,9.53820514678955,13.80339241027832,1.4561708177022137,9.287122449395383,0.6252072968490879,blob,-2.4541149139404297,0.9851944446563721
No oil_00106,No oil,0,0.523504789284052,5235,-3.996034622192383,8.888983726501465,13.789509773254396,1.5244864259402533,9.69897382596635,0.6133567662565905,blob,-3.144235610961914,1.8170766830444336
No oil_00106,No oil,0,0.0590005397664929,590,-4.621383666992188,9.52283000946045,13.61196994781494,2.307896750866135,10.829535349197911,0.6629213483146067,blob,-1.7545719146728516,0.8587924838066101
No oil_00106,No oil,0,0.0866007922674286,866,-4.467061996459961,9.674545288085938,13.18249225616455,1.1264336300566966,10.93614138687037,0.7887067395264117,blob,-2.5151729583740234,1.7798824310302734
No oil_00106,No oil,0,0.0682006239334715,682,-3.856971740722656,9.362329483032228,13.467620849609377,2.213194281571821,10.296091878475506,0.7641456582633053,blob,-2.828523635864258,1.7654894590377808
No oil_00106,No oil,0,0.0502004592589482,502,-5.659713745117188,9.454819679260254,12.296485900878906,2.077401204850679,11.98967404713027,0.8508474576271187,blob,-3.698854446411133,2.230978488922119
No oil_00106,No oil,0,4.271339076349515,42713,-4.557645797729492,9.504939079284668,14.884114265441896,1.885651165343542,12.07824840445836,0.5790533258318816,blob,-2.504344940185547,2.3647353649139404
No oil_00106,No oil,0,1.2112110807656995,12112,-4.284219741821289,9.285964012145996,14.189181327819824,1.1583114227108242,10.27010212138818,0.5664312771828087,blob,-1.8335676193237305,1.702816367149353
No oil_00106,No oil,0,0.1990018205683406,1990,-4.191675186157227,9.635433197021484,14.299935340881348,1.3457159033340156,9.406837906829118,0.8633405639913232,blob,-2.951157569885254,1.9803098440170288
No oil_00106,No oil,0,0.0767007016964408,767,-3.311588287353516,9.732222557067873,13.809887886047363,1.1164158704824183,8.728791843792523,0.8750713063320023,blob,-1.4984025955200195,1.4652161598205566
No oil_00106,No oil,0,0.1715015689822634,1715,-4.342325210571289,9.783343315124512,13.795998573303224,1.6369898669124228,13.097940312599674,0.9287841862984024,blob,-2.8628110885620117,2.3813443183898926
No oil_00106,No oil,0,0.6515059603028841,6515,-5.274389266967773,9.727627754211426,14.096980094909668,2.0373993769693604,12.59780674223228,0.5437322650642631,blob,-2.8549728393554688,1.835789680480957
No oil_00106,No oil,0,3.442131490343143,34421,-5.133842468261719,9.801709175109863,15.89554214477539,1.3813339103500368,11.73752280422181,0.4852231157974865,blob,-2.8280019760131836,1.6951032876968384
No oil_00106,No oil,0,0.0698006385712069,698,-4.921113967895508,9.63608741760254,12.66108512878418,6.696234442604202,10.193506113878954,0.9721448467966574,linear,-2.2592849731445312,2.4675374031066895
No oil_00106,No oil,0,0.1140010429386474,1140,-5.102020263671875,10.000163078308104,13.854375839233398,1.9246378413765528,13.249041989066209,0.7487684729064039,blob,-2.6195430755615234,1.3180303573608398
No oil_00106,No oil,0,0.0875008005011548,875,-3.8881778717041016,9.15896701812744,12.193350791931152,1.8569107628728336,9.456135237458309,0.8235294117647058,blob,-2.225722312927246,2.486538887023926
No oil_00106,No oil,0,0.0533004876195605,533,-5.864599227905273,8.854241371154785,13.217321395874023,1.3846656366417565,12.721942751371024,0.7571022727272727,blob,-3.271852493286133,0.8877175450325012
No oil_00106,No oil,0,0.9755089244443031,9755,-4.671070098876953,9.92625617980957,14.348079681396484,1.5009694538951175,11.24552548889896,0.4535943457639728,blob,-1.630441665649414,1.5421487092971802
No oil_00106,No oil,0,0.0685006266780469,685,-5.951992034912109,10.71791934967041,13.942153930664062,1.9523748778703005,15.810332739550605,0.6110615521855486,blob,-6.958454132080078,5.329631328582764
No oil_00106,No oil,0,0.080200733716487,802,-5.682519912719727,10.87168312072754,14.60074520111084,2.3809810854926807,15.448041560062718,0.7047451669595782,blob,-3.0992279052734375,2.6362733840942383
No oil_00106,No oil,0,0.0775007090153085,775,-4.717220306396484,9.236480712890623,12.533793449401855,1.530105154551208,9.975235375842312,0.9468540012217472,blob,-3.122990608215332,1.8681609630584717
No oil_00106,No oil,0,0.1358012423777923,1358,-4.132547378540039,9.579161643981934,12.642662048339844,3.033315498192978,11.230542372105552,0.8290598290598291,linear,-1.388413429260254,1.335915207862854
No oil_00106,No oil,0,0.1867017080407497,1867,-4.68995475769043,9.744860649108888,13.362754821777344,1.3968514202102418,10.400921625310726,0.6634683724235964,blob,-2.2441177368164062,1.3474094867706299
No oil_00106,No oil,0,0.0624005708716806,624,-3.835235595703125,9.272175788879396,13.260316848754885,1.074612640461804,11.57793707843966,0.8895224518888097,blob,-2.60516357421875,1.9617935419082642
No oil_00106,No oil,0,0.0866007922674286,866,-5.506464004516602,9.531588554382324,13.50562858581543,1.57956639769591,13.282405588176765,0.941304347826087,blob,-2.5151729583740234,1.7798824310302734
No oil_00106,No oil,0,0.2433022258506396,2433,-4.475591659545898,9.327380180358888,14.987205505371094,1.2624026785576914,13.834987583057009,0.6046974027587921,blob,-2.2311363220214844,0.743859052658081
No oil_00106,No oil,0,0.1266011582108137,1266,-6.564975738525391,10.801376342773438,14.81548023223877,1.2547650317948849,16.210994220050807,0.9522376833396012,blob,-4.120923042297363,1.945335030555725
No oil_00106,No oil,0,0.0639005845945576,639,-4.930437088012695,9.127639770507812,12.482258796691896,3.8247716157613407,9.518701941435705,0.654042988741044,linear,-1.8451642990112305,0.5181593298912048
No oil_00106,No oil,0,0.0544004976830036,544,-4.611309051513672,9.59755802154541,12.28347396850586,1.648600385002921,10.906409933814285,0.9291204099060631,blob,-2.960660934448242,2.180446147918701
No oil_00106,No oil,0,0.0536004903641359,536,-6.226118087768555,10.26366901397705,13.56800651550293,1.1376617189515217,16.600921656088584,0.6742138364779874,blob,-3.4500579833984375,0.9490043520927429
No oil_00106,No oil,0,0.0591005406813514,591,-5.825292587280273,9.629875183105469,12.337288856506348,2.3892849077957843,14.883339438433936,0.9941126997476872,blob,-2.971327781677246,1.4628041982650757
No oil_00106,No oil,0,0.107000978898555,1070,-6.905750274658203,9.666625022888184,13.124227523803713,2.979376338833665,10.830365292121222,0.8310679611650486,blob,-4.121448516845703,1.8947489261627197
No oil_00106,No oil,0,0.0846007739702594,846,-3.401573181152344,9.727160453796388,13.444643020629885,2.0204086146072417,13.180694638174993,0.7103274559193955,blob,-2.624204635620117,1.0549193620681763
No oil_00107,No oil,0,0.6708061368705674,6708,-4.279178619384766,11.30186939239502,15.250940322875977,1.5210100538754154,10.584384010464548,0.5493407583326508,blob,-2.137552261352539,2.4729905128479004
No oil_00107,No oil,0,0.2419022130426211,2419,-4.690820693969727,12.10597801208496,15.309599876403809,2.170933507566093,12.273601120044088,0.7910398953564421,blob,-3.01688289642334,3.3221964836120605
No oil_00107,No oil,0,0.3272029934168898,3272,-4.090335845947266,11.8885498046875,15.276850700378418,1.5709386489516473,11.14157523795926,0.6469599604547701,blob,-2.549626350402832,3.1496992111206055
No oil_00107,No oil,0,0.1476013503310908,1476,-5.580862045288086,11.978888511657717,15.808757781982422,4.430974374479225,11.52871588092387,0.8921124206708976,linear,-2.6865806579589844,3.420487642288208
No oil_00107,No oil,0,0.0811007419502132,811,-5.373378753662109,12.149155616760254,16.57761001586914,2.7312535347912195,9.14401507944374,0.9242165242165242,blob,-2.540678024291992,1.73722505569458
No oil_00107,No oil,0,0.2383021801077164,2383,-5.634223937988281,12.027676582336426,15.890982627868652,1.259261212117312,12.045160534604966,0.8548878923766816,blob,-2.8216352462768555,2.4059643745422363
No oil_00107,No oil,0,0.0517004729818251,517,-3.122142791748047,11.830016136169434,15.505093574523926,2.576402974581202,11.761116893493169,0.9718045112781954,blob,-2.221003532409668,3.2824389934539795
No oil_00107,No oil,0,1.4314130952840345,14314,-5.575262069702148,11.716837882995604,15.940964698791504,1.6279647675933493,12.436070823130311,0.5676329460284728,blob,-2.927661895751953,1.955251693725586
No oil_00107,No oil,0,0.0607005553190868,607,-5.73841667175293,12.509984016418455,15.650858879089355,1.4138826689527637,15.885506542528002,1.0,blob,-2.318549156188965,1.6924351453781128
No oil_00107,No oil,0,0.1389012707384046,1389,-4.087848663330078,11.933836936950684,15.774925231933594,1.926527621325354,12.372342801447395,0.6383272058823529,blob,-1.9402189254760742,2.3666560649871826
No oil_00108,No oil,0,0.0700006404009237,700,-0.5453472137451172,1.8689154386520384,3.3932762145996094,2.9281557980448945,3.624535485498092,0.6081668114682884,blob,0.07021903991699219,1.5734705924987793
No oil_00111,No oil,0,0.0643005882539914,643,-0.7189254760742188,2.0144643783569336,3.260482788085937,1.7549885951369395,4.337344271105375,0.804755944931164,blob,-0.11507987976074219,2.0250046253204346
No oil_00111,No oil,0,0.1035009468785087,1035,-0.7037773132324219,2.076879978179932,3.272544860839844,1.6875796638183624,4.135835872261781,0.3722352094946952,blob,0.0924224853515625,1.5618904829025269
No oil_00111,No oil,0,0.1272011636999643,1272,-0.7787742614746094,2.144868850708008,3.363079071044922,1.5271016752347983,4.765244388545925,0.2906100068540096,blob,-0.06102561950683594,1.5001168251037598
No oil_00111,No oil,0,0.0876008014160131,876,-0.7868881225585938,2.018980026245117,3.3326492309570312,1.4559177154287786,4.751398455127304,0.4954751131221719,blob,-0.5787334442138672,2.0313336849212646
No oil_00111,No oil,0,0.0700006404009237,700,-0.7059326171875,1.9793795347213743,3.7834701538085938,1.9785841031177187,4.835159652350334,0.6183745583038869,blob,-0.24325942993164062,1.840488314628601
No oil_00111,No oil,0,0.1176010758735519,1176,-0.5347709655761719,2.051464557647705,3.4930992126464844,2.872575875537414,4.343206427959019,0.4775634517766497,blob,0.3425121307373047,1.377424955368042
No oil_00111,No oil,0,0.0701006413157822,701,-0.7869186401367188,2.0065572261810303,3.686965942382813,2.6761068195376563,5.056051680263963,0.4856252164877035,blob,-0.05273246765136719,1.8034234046936035
No oil_00111,No oil,0,0.053200486704702,532,-0.5608177185058594,2.0015854835510254,3.328878402709961,2.336869644145372,3.540139691030875,0.7766423357664234,blob,-0.5894794464111328,1.81499183177948
No oil_00111,No oil,0,0.0837007657365331,837,-0.0899219512939453,3.2545082569122314,11.325273513793944,2.176377269750729,13.17759705635322,0.7416925121843154,blob,-1.11370849609375,3.0609617233276367
No oil_00112,No oil,0,0.3098028342315166,3098,-4.472864151000977,9.316109657287598,14.272653579711914,2.7875024902600867,11.592358107831116,0.7530384054448226,blob,-2.656515121459961,1.7798171043395996
No oil_00112,No oil,0,0.3844035167159296,3844,-5.552389144897461,9.055456161499023,13.290494918823242,2.939383895287326,12.415954937652456,0.659517886248606,blob,-3.546725273132324,2.2888166904449463
No oil_00112,No oil,0,1.6349149570210024,16349,-3.1988887786865234,8.562021255493164,12.36533546447754,2.2072949424776667,8.777398035663772,0.5679990272204561,blob,-2.6471900939941406,3.1293814182281494
No oil_00113,No oil,0,0.0566005178098898,566,-0.7810115814208984,2.338387250900269,3.8022708892822266,1.7431379930746278,4.242747003033691,0.8097281831187411,blob,-0.3761444091796875,1.931700587272644
No oil_00113,No oil,0,0.1161010621506751,1161,-0.6618232727050781,2.214643239974976,3.9497108459472656,1.471504166692969,4.887185982511603,0.5012953367875648,blob,0.021884918212890625,1.3700560331344604
No oil_00113,No oil,0,0.0519004748115421,519,-0.7480411529541016,2.357243061065674,4.260322570800781,1.4168963614396612,5.10549605097988,0.6256781193490054,blob,0.4177417755126953,1.197245717048645
No oil_00113,No oil,0,0.0617005644676714,617,-0.8972797393798828,2.221538543701172,3.704891204833984,2.078134073187292,5.077436125965546,0.6450601150026137,blob,0.2165355682373047,1.3830522298812866
No oil_00113,No oil,0,0.054700500427579,547,-0.91741943359375,2.2886762619018555,3.43231201171875,2.4198568456046106,4.827887147248954,0.3953740513191182,blob,0.1513042449951172,1.8003969192504883
No oil_00113,No oil,0,0.0671006138700284,671,-0.9315319061279296,2.2160346508026123,3.694869995117188,1.7207668311206308,5.885419943031438,0.4341637010676156,blob,-0.2517108917236328,2.292976140975952
No oil_00113,No oil,0,0.0717006559535177,717,-0.9137344360351562,2.3259799480438232,3.8724308013916016,2.372975102577518,4.967868376418561,0.6707202993451824,blob,-0.4510154724121094,2.376213788986206
No oil_00113,No oil,0,0.0557005095761636,557,-0.7637500762939453,2.259193658828736,3.74333381652832,2.20805547403621,4.685224717392839,0.8649068322981367,blob,0.21649551391601562,1.4923197031021118
No oil_00113,No oil,0,0.062900575445973,629,-0.8798255920410156,2.3213698863983154,3.651815414428711,1.738025457367943,4.873521354183674,0.4792380952380952,blob,0.2796955108642578,1.769959807395935
No oil_00113,No oil,0,0.0711006504643669,711,-1.0640106201171875,2.371877908706665,3.5034618377685547,2.356170734023665,5.003260408059833,0.5231788079470199,blob,0.18112564086914062,1.4248642921447754
No oil_00113,No oil,0,0.1830016741909866,1830,-0.8705368041992188,2.373739957809448,4.554166793823242,1.9022554740439284,4.623068136076297,0.461946232487694,blob,0.016263961791992188,1.4163248538970947
No oil_00113,No oil,0,0.0708006477197915,708,-0.5859947204589844,2.236988067626953,3.647489547729492,2.61946295727276,5.592626617578622,0.6495412844036698,blob,0.4698486328125,0.989017128944397
No oil_00114,No oil,0,0.0596005452556437,596,-1.0404644012451172,2.321615695953369,3.524759292602539,2.329638533859842,4.348277724561828,0.5323805270209915,blob,0.12937164306640625,1.7334574460983276
No oil_00114,No oil,0,0.0526004812155513,526,-0.9365348815917968,2.4609224796295166,4.473550796508789,1.5757450416908827,5.04270447467574,0.5220843672456575,blob,-0.11924171447753906,1.7256513833999634
No oil_00114,No oil,0,0.0524004793858344,524,-0.9411468505859376,2.348896026611328,3.585042953491211,2.97252661984134,4.505992338602326,0.4860853432282003,blob,0.6357269287109375,1.15555739402771
No oil_00114,No oil,0,0.0673006156997453,673,-1.0704078674316406,2.208695888519287,3.4859580993652344,1.706799846015425,4.47068283787021,0.5789247311827957,blob,-0.18058013916015625,1.9592536687850952
No oil_00114,No oil,0,0.0530004848749852,530,-1.2083415985107422,2.467933177947998,3.984806060791016,1.205687119028873,4.390877498118167,0.6567534076827757,blob,0.1705474853515625,1.5507745742797852
No oil_00115,No oil,0,0.0729006669318192,729,-0.8858203887939453,2.4059770107269287,4.002025604248047,1.7672929359100822,4.900384935141428,0.4365269461077844,blob,-0.045792579650878906,1.7690684795379639
No oil_00115,No oil,0,0.0688006294226223,688,-0.8554248809814453,2.4100019931793213,3.937301635742188,1.577630151417475,4.65480504467782,0.7409800753904147,blob,0.35966968536376953,1.4131996631622314
No oil_00115,No oil,0,0.0527004821304098,527,-0.9260120391845704,2.3877272605896,4.303951263427734,2.8539478618951137,5.001903247638708,0.6654040404040404,blob,0.6074857711791992,1.191001534461975
No oil_00115,No oil,0,0.0884008087348809,884,-0.6473560333251953,2.318455219268799,4.122446060180664,1.2286178725621395,3.843295157585653,0.4599375650364204,blob,0.13850879669189453,1.9096094369888306
No oil_00115,No oil,0,0.0874007995862963,874,-0.7966022491455078,2.517987012863159,3.90629768371582,1.5147452825441838,4.698597959695621,0.6139796276782579,blob,0.18567276000976562,1.6460967063903809
No oil_00115,No oil,0,0.0918008398400687,918,-0.8923454284667969,2.294691562652588,3.829986572265625,1.8310295501742588,4.595514731544537,0.5186440677966102,blob,-0.10454845428466797,1.7738842964172363
No oil_00115,No oil,0,0.0555005077464467,555,-0.926055908203125,2.265133142471313,3.759977340698242,1.7394251741492823,4.908722494527158,0.5454545454545454,blob,0.6907634735107422,1.0709445476531982
No oil_00115,No oil,0,0.0511004674926744,511,-1.0133628845214844,2.3722426891326904,3.665792465209961,1.4668627673314594,4.95889242274035,0.6101492537313433,blob,0.7868728637695312,1.3998337984085083
No oil_00116,No oil,0,0.0569005205544652,569,-0.843414306640625,2.097456693649292,3.406726837158203,2.429967167230675,4.932828605920204,0.6593279258400927,blob,0.15694808959960938,2.3702449798583984
No oil_00116,No oil,0,0.0892008160537486,892,-0.8365993499755859,2.001352310180664,3.339540481567383,1.3344704568656922,4.713785718821506,0.4426799007444169,blob,0.16841697692871094,2.8486545085906982
No oil_00117,No oil,0,0.066800611125453,668,-2.424837112426758,7.566698551177978,10.361499786376951,1.6749129640571034,9.38587423442962,0.8386691776522285,blob,-1.8546934127807617,0.993597149848938
No oil_00117,No oil,0,0.0721006596129515,721,-3.963228225708008,7.799566268920898,10.47790241241455,1.455521629583299,9.388843403293375,0.6769953051643193,blob,-2.844196319580078,0.7361147403717041
No oil_00117,No oil,0,0.14960136862826,1496,-3.6815357208251953,8.31482982635498,13.821085929870604,2.043140237989261,10.86897702754829,0.6863959623766919,blob,-2.9045257568359375,1.4363752603530884
No oil_00117,No oil,0,0.0778007117598839,778,-5.18701171875,7.900832653045654,10.578136444091797,2.0229524637293577,10.950097771731524,0.8649249583101724,blob,-3.351088523864746,0.1345769464969635
No oil_00117,No oil,0,0.0603005516596529,603,-6.773828506469727,9.578006744384766,13.847162246704102,1.6372312839800944,13.56871392620713,0.9942291838417148,blob,-4.6086835861206055,1.088545322418213
No oil_00117,No oil,0,0.4117037664722906,4117,-5.8451995849609375,8.8521089553833,14.12286376953125,1.1304274436254198,13.871865186272386,0.5831857780296055,blob,-4.069845199584961,0.823537290096283
No oil_00117,No oil,0,0.0813007437799301,813,-2.9469051361083984,7.8466477394104,12.137086868286133,2.1850297527863174,10.337103728104488,0.8203834510595358,blob,-3.0319995880126953,1.7915831804275513
No oil_00117,No oil,0,0.3621033127024931,3621,-6.334264755249023,10.53395652770996,15.841228485107422,1.3795536035942904,14.862686683931514,0.7619147816938453,blob,-5.170454025268555,2.8602898120880127
No oil_00117,No oil,0,0.4309039421251154,4309,-3.6706600189208975,8.42276382446289,15.425628662109377,2.2366123584009183,10.18990686696926,0.5956593862316837,blob,-2.4880800247192383,0.8035380840301514
No oil_00117,No oil,0,0.058600536107059,586,-2.5248241424560547,7.327436923980713,10.556734085083008,1.46687906076236,9.99471099294106,0.7680209698558322,blob,-2.1233043670654297,0.39109185338020325
No oil_00117,No oil,0,0.0613005608082375,613,-2.550905227661133,7.527115821838379,11.318801879882812,1.6194725624707482,9.091144571953032,0.8124585818422797,blob,-1.6779260635375977,0.15709057450294495
No oil_00117,No oil,0,0.0553005059167298,553,-3.317087173461914,7.470213890075684,10.510257720947266,1.786748395337627,9.3135940746749,0.6822948797038865,blob,-2.232076644897461,0.07526998966932297
No oil_00117,No oil,0,0.1425013036733092,1425,-5.868522644042969,8.764471054077148,12.573564529418944,1.8715035903875863,13.403445825666388,0.6732813607370659,blob,-4.394913673400879,1.097650408744812
No oil_00117,No oil,0,0.3937036017977673,3937,-4.464872360229492,7.943400859832764,13.681059837341309,1.430661076989057,11.124862787443892,0.7179720981125194,blob,-3.3468494415283203,0.680419385433197
No oil_00117,No oil,0,0.1384012661641122,1384,-3.3500232696533203,7.897063732147217,12.588961601257324,1.3751735507941367,10.097485949816292,0.8302339532093581,blob,-2.7823572158813477,0.5762084722518921
No oil_00117,No oil,0,0.0678006202740376,678,-8.948187828063965,11.149703979492188,14.253859519958496,1.418910194480994,23.450202065651595,1.0,blob,-5.823892593383789,0.8558560013771057
No oil_00117,No oil,0,0.1196010941707212,1196,-4.819208145141602,9.276597023010254,15.35738468170166,1.392300662551799,13.314793959164652,0.9067475360121304,blob,-3.2158803939819336,1.111167311668396
No oil_00117,No oil,0,0.1028009404744995,1028,-4.581916809082031,7.780927181243896,11.027721405029297,2.9415573025723107,8.464631583489,0.774679728711379,blob,-3.5071420669555664,0.35990414023399353
No oil_00117,No oil,0,0.1011009249219057,1011,-4.37263298034668,7.751883506774902,13.502399444580078,1.4736971080378962,11.566750757778472,0.9153463105477592,blob,-2.9132871627807617,0.8866147994995117
No oil_00117,No oil,0,0.3570032660447115,3570,-6.305513381958008,9.570579528808594,15.672162055969238,1.309949968259739,15.728799021361468,0.5206738131699847,blob,-4.393409729003906,1.5265389680862427
No oil_00117,No oil,0,0.4839044270001006,4839,-3.759954452514648,8.276899337768555,13.590139389038086,1.7059384153947497,11.47031043621913,0.7914622178606477,blob,-2.0934667587280273,0.9803889393806458
No oil_00117,No oil,0,0.1525013951591555,1525,-3.546907424926758,7.800508499145508,12.319961547851562,1.764023162818479,8.54405604837811,0.8625565610859729,blob,-3.0537166595458984,0.6938091516494751
No oil_00117,No oil,0,0.0593005425110683,593,-3.67672348022461,8.436593055725098,11.92182159423828,1.1599877365822555,11.971811328137925,0.9966386554621848,blob,-0.9118900299072266,0.8311606049537659
No oil_00117,No oil,0,0.1462013375230723,1462,-6.171770095825195,9.545763969421388,13.191970825195312,1.7679313728442794,12.167634429690676,0.932695374800638,blob,-3.6061697006225586,1.8727060556411743
No oil_00117,No oil,0,0.7536068943733742,7536,-3.8325023651123047,8.441121101379395,14.871237754821776,1.6389306615548171,10.091732810373696,0.4961648615729006,blob,-2.1199798583984375,1.4756475687026978
No oil_00117,No oil,0,1.0558096590756485,10558,-2.751293182373047,7.860195636749268,14.854463577270508,1.8297757146853677,8.592447638768405,0.4928923227749119,blob,-1.5534400939941406,0.31232962012290955
No oil_00117,No oil,0,0.0939008590520964,939,-2.721351623535156,7.671466827392578,10.547542572021484,2.325169351564384,10.865631801481038,0.7776397515527951,blob,-1.2541532516479492,1.838566780090332
No oil_00117,No oil,0,0.0638005836796991,638,-3.007598876953125,7.910119533538818,10.676084518432615,1.220927736002073,8.426962632691179,0.9017667844522969,blob,-1.291311264038086,0.16633403301239014
No oil_00117,No oil,0,0.1561014280940601,1561,-4.176067352294922,7.828671932220459,12.069250106811523,1.793766092912884,11.123273728787431,0.8042246264811953,blob,-1.5824851989746094,2.812678337097168
No oil_00117,No oil,0,0.0552005050018713,552,-4.618846893310547,8.05038833618164,11.847411155700684,1.996100632709568,10.87423932324258,0.8369977255496588,blob,-3.215078353881836,1.129186749458313
No oil_00117,No oil,0,0.2135019532228177,2135,-3.0464401245117188,7.348954200744629,10.874345779418944,1.3492545138612264,7.691260650767625,0.7901554404145078,blob,-2.1358909606933594,0.8198655843734741
No oil_00117,No oil,0,3.908435756328153,39084,-3.70351791381836,8.044668197631836,14.491515159606934,2.544912255353188,8.583433546053874,0.3785521957267109,blob,-2.0593128204345703,0.616750180721283
No oil_00117,No oil,0,0.132301210357746,1323,-1.7032623291015625,7.133082866668701,10.400701522827148,1.5737450597553475,7.118119279353033,0.6833677685950413,blob,-0.8622674942016602,1.0862430334091187
No oil_00117,No oil,0,0.0584005342773421,584,-3.000314712524414,8.046666145324707,11.227060317993164,1.2208360979276296,9.745078925321463,0.8445408532176428,blob,-1.3672475814819336,2.8626821041107178
No oil_00117,No oil,0,0.152401394244297,1524,-3.1894683837890625,8.343053817749023,12.640012741088867,2.8898803042781624,11.29641363173879,0.8438538205980066,blob,-1.478729248046875,3.0016372203826904
No oil_00117,No oil,0,0.1185010841072782,1185,-2.432601928710937,7.910131454467773,11.870710372924805,1.5430869237913527,10.422737531114912,0.7650096836668818,blob,-1.2691154479980469,2.8287689685821533
No oil_00117,No oil,0,0.4307039402953985,4307,-2.9357776641845703,7.51188850402832,12.487682342529297,1.2744740593787909,9.93231912075204,0.5530658105939005,blob,-2.352956771850586,0.7165277004241943
No oil_00117,No oil,0,0.180501651319525,1805,-2.6044750213623047,7.4996819496154785,10.753746032714844,1.860695320723708,9.45126096967882,0.5626558603491272,blob,-0.9735565185546875,1.4078476428985596
No oil_00117,No oil,0,0.0784007172490346,784,-3.0536651611328125,7.675066471099853,11.937219619750977,1.4475436644831352,10.657787736946236,0.8549618320610687,blob,-1.567601203918457,1.0326268672943115
No oil_00117,No oil,0,0.0902008252023332,902,-3.169139862060547,7.531101226806641,10.63556671142578,1.3197523692809714,9.2114925568286,0.5537139349294046,blob,-2.165933609008789,0.933702826499939
No oil_00117,No oil,0,1.5690143541292785,15690,-3.27313232421875,7.836223125457764,13.039680480957031,1.585981005134826,10.104679903141715,0.4724765116839315,blob,-1.736924171447754,2.091862916946411
No oil_00117,No oil,0,0.0522004775561174,522,-4.341777801513672,8.303141593933105,11.96571922302246,2.183095535591952,10.22604222287822,0.8877551020408163,blob,-3.904261589050293,0.9937143325805664
No oil_00117,No oil,0,0.1197010950855797,1197,-2.262308120727539,7.295327186584473,10.75388526916504,1.943238570496552,10.43396835864079,0.8592964824120602,blob,-1.0866584777832031,1.7974766492843628
No oil_00117,No oil,0,0.1600014637735402,1600,-2.389650344848633,7.446735858917236,11.980100631713867,1.688925693845616,7.453880549159852,0.718132854578097,blob,-1.7803030014038086,1.6053608655929565
No oil_00117,No oil,0,0.0579005297030498,579,-4.254785537719727,7.96875,10.985339164733888,2.029936055197289,9.21622794058089,0.5629557608167234,blob,-3.4232606887817383,1.2233928442001343
No oil_00117,No oil,0,0.0937008572223794,937,-2.7435340881347656,7.254576206207275,10.417594909667969,1.2263696012966954,8.998826994868852,0.7152671755725191,blob,-0.7668676376342773,1.6429399251937866
No oil_00117,No oil,0,0.0993009084544533,993,-4.088525772094727,7.743424415588379,13.068923950195312,2.38602102495719,9.111999146786433,0.86611426079372,blob,-3.16788387298584,0.9214954972267151
No oil_00117,No oil,0,1.2761116745088414,12761,-2.08308219909668,7.545688629150391,14.30729866027832,2.4293951524168107,9.095886440047714,0.4101500980297625,blob,-1.3972854614257812,1.495383858680725
No oil_00117,No oil,0,0.0814007446947885,814,-1.8297119140625,7.334233283996582,11.113531112670898,1.076175247445318,7.784807820839722,0.6572466693580945,blob,-0.9777736663818359,1.622300624847412
No oil_00117,No oil,0,0.1733015854497157,1733,-3.345470428466797,7.74208927154541,11.08000946044922,2.563649095264407,10.77101342388384,0.6813446038922745,blob,-1.5780677795410156,2.370131492614746
No oil_00117,No oil,0,0.0982008983910102,982,-2.598297119140625,7.718010425567627,10.79019546508789,1.860987484562845,8.806325323968903,0.8632967032967033,blob,-1.1391105651855469,1.6225908994674683
No oil_00117,No oil,0,2.7257249362971154,27257,-3.4458961486816406,8.05502986907959,13.830240249633787,2.641844475570956,9.78879308822135,0.4626456535207203,blob,-1.5821514129638672,2.3958842754364014
No oil_00117,No oil,0,0.3289030089694835,3289,-2.3897666931152344,7.43606424331665,11.794776916503906,1.5967765069736026,9.354313608280744,0.7078446142257613,blob,-1.4020795822143555,0.6607383489608765
No oil_00117,No oil,0,0.0675006175294622,675,-2.9759769439697266,8.217004776000977,12.983152389526367,1.1217720092536028,9.74449341336594,0.8806262230919765,blob,-1.0213584899902344,1.5113136768341064
No oil_00117,No oil,0,0.8045073600363317,8045,-3.620079040527344,7.756557941436768,12.07815170288086,2.404967008788895,9.493032253156594,0.5453312997796984,blob,-1.8752765655517578,2.0981762409210205
No oil_00117,No oil,0,0.7728070700261991,7728,-2.458724975585937,7.515288352966309,13.40837287902832,1.2526072805640351,9.268520855300672,0.4853814025060453,blob,-1.4729623794555664,1.332184910774231
No oil_00117,No oil,0,0.0785007181638931,785,-3.459096908569336,7.426698207855225,12.302064895629885,2.735178281832925,10.337529126261115,0.5767817781043351,blob,-2.80361270904541,0.5734108090400696
No oil_00117,No oil,0,0.4497041141185064,4497,-2.9561634063720703,7.617882251739502,12.81670093536377,2.4721109644579817,8.870826811608865,0.6882987678885742,blob,-1.5882596969604492,0.22995682060718536
No oil_00117,No oil,0,0.0942008617966717,942,-3.6163406372070312,7.781411647796631,11.923200607299805,1.1549283464878026,12.066361147951136,0.7956081081081081,blob,-1.7832889556884766,0.782750129699707
No oil_00117,No oil,0,0.1024009368150657,1024,-3.5245933532714844,7.675246715545654,11.16166877746582,1.840592721220463,9.457161507961588,0.6824391869376875,blob,-1.5125303268432617,1.8630151748657227
No oil_00117,No oil,0,0.6558059996417979,6558,-3.4652347564697266,7.928252220153809,13.875802040100098,1.5504177145807474,10.084827820674864,0.4850950514091279,blob,-1.8920049667358398,0.8900365829467773
No oil_00117,No oil,0,0.1240011344244936,1240,-2.9737491607666016,8.016228675842285,11.564414978027344,1.5846505192600857,10.404563823701972,0.8401084010840109,blob,-1.3671541213989258,2.2062747478485107
No oil_00117,No oil,0,0.1868017089556081,1868,-3.3527908325195312,7.902071952819824,11.529752731323242,1.821728083869507,10.845701206962024,0.5297787861599547,blob,-1.5948448181152344,1.7633663415908813
No oil_00117,No oil,0,0.8086073975455287,8086,-3.316579818725586,8.066147804260254,13.08039093017578,1.5212410955446618,10.586624416485682,0.6328806793722851,blob,-1.9307680130004883,2.560908555984497
No oil_00117,No oil,0,0.5048046182055193,5048,-3.5317821502685547,7.920941829681396,13.63249969482422,1.7233644470244394,11.544793019273232,0.6535473847747281,blob,-1.8471317291259766,0.6225565671920776
No oil_00117,No oil,0,0.1210011069787397,1210,-4.485759735107422,8.68014144897461,13.62767505645752,1.4898176863754862,10.97731835476776,0.8742774566473989,blob,-2.047602653503418,0.9285971522331238
No oil_00117,No oil,0,0.0941008608818133,941,-3.0449161529541016,7.939610004425049,11.409553527832031,1.843801332475017,10.14763018241407,0.619282658769332,blob,-1.0735054016113281,3.2180423736572266
No oil_00117,No oil,0,0.1495013677134016,1495,-4.169605255126953,8.81519889831543,13.695858001708984,2.0517308682262,10.43018720591175,0.6284153005464481,blob,-2.3997764587402344,0.906397819519043
No oil_00117,No oil,0,0.1553014207751924,1553,-3.39053726196289,7.735113143920898,10.638437271118164,2.149507977261962,10.065281626685657,0.6160253867512892,blob,-1.6488151550292969,2.041486978530884
No oil_00117,No oil,0,0.1352012368886414,1352,-2.56326675415039,7.847000598907471,11.570070266723633,1.527408256282139,8.679295431401211,0.7952941176470588,blob,-0.5599250793457031,2.5579614639282227
No oil_00117,No oil,0,0.0605005534893698,605,-2.927549362182617,7.845366477966309,10.382654190063477,4.577717984838907,11.863199629336096,0.7088459285295841,linear,-0.3618783950805664,2.2407617568969727
No oil_00117,No oil,0,0.137701259760103,1377,-3.877141952514648,8.2406587600708,13.01251983642578,1.3929751707659164,10.784905297484247,0.8131089459698848,blob,-3.1584463119506836,2.41023850440979
No oil_00117,No oil,0,0.0562005141504559,562,-3.331003189086914,8.498222351074219,12.555353164672852,3.05039918481072,9.253214444361904,0.9057211925866236,linear,-1.3621788024902344,3.362081527709961
No oil_00119,No oil,0,0.0555005077464467,555,-0.975088119506836,2.222007751464844,3.3212718963623047,1.2714642470349309,5.273743858842,0.5508684863523573,blob,-0.12522315979003906,1.6324265003204346
No oil_00119,No oil,0,0.107000978898555,1070,-0.7048301696777344,2.2178049087524414,3.365903854370117,1.4157347672667828,4.90165358058276,0.5616797900262467,blob,-0.4343910217285156,2.0905532836914062
No oil_00119,No oil,0,0.0561005132355975,561,-0.88629150390625,2.3113510608673096,4.111030578613281,1.835829411537587,6.44093570729609,0.5106964041875285,blob,-0.209747314453125,1.6522266864776611
No oil_00119,No oil,0,0.0611005589785206,611,-1.0724868774414062,2.1766343116760254,3.746036529541016,1.3295385177178545,4.87866916616943,0.6800222593210907,blob,-0.03415679931640625,1.886366367340088
No oil_00120,No oil,0,0.0739006760804037,739,-0.6550102233886719,1.9698199033737185,3.2627906799316406,2.245018605182437,4.840927784344206,0.5423853211009174,blob,-0.1567096710205078,1.9999241828918457
No oil_00120,No oil,0,0.0583005333624836,583,-0.8268775939941406,1.92548942565918,3.317119598388672,4.839266434722124,4.132685032237384,0.6399560922063666,linear,0.46483421325683594,1.180177092552185
No oil_00121,No oil,0,0.0629005754459728,629,-0.7067546844482422,1.9023138284683228,3.507986068725586,1.749428748066506,4.385977911927948,0.5230769230769231,blob,0.201080322265625,1.3518126010894775
No oil_00121,No oil,0,0.0913008352657762,913,-0.86041259765625,1.9357991218566892,3.484203338623047,1.74115472467885,4.1901145092725685,0.4932468935710427,blob,0.24229812622070312,1.4473437070846558
No oil_00121,No oil,0,0.0715006541238006,715,-0.8978672027587891,1.8410494327545168,3.2240753173828125,4.109041189666964,3.626437890920937,0.8056338028169014,linear,0.4560737609863281,1.490958571434021
No oil_00123,No oil,0,1.084309919810309,10843,-0.1410350799560547,4.895142078399658,7.358058929443359,2.5901320955023377,5.196570942125902,0.8862642527279415,blob,-0.06618309020996094,2.5521371364593506
No oil_00126,No oil,0,0.0552005050018712,552,-0.8856048583984375,2.177230834960937,4.184291839599609,2.08772368038416,5.584121771477924,0.6642599277978339,blob,0.061611175537109375,1.5261509418487549
No oil_00126,No oil,0,0.1665015232393399,1665,-0.0920295715332031,2.5719571113586426,4.811626434326172,11.974207217424558,4.16550287040248,0.6206896551724138,linear,0.08031272888183594,1.7464889287948608
No oil_00127,No oil,0,0.2837025954534583,2837,-0.198455810546875,3.155431032180786,6.453653335571289,3.398548680033885,4.763598973443916,0.5092443008436547,linear,0.07305717468261719,2.522179126739502
No oil_00127,No oil,0,0.1544014125414662,1544,-0.213510513305664,3.379302263259888,6.112634658813477,2.733774272395358,4.459694115001751,0.7457135957498189,blob,-1.0188617706298828,3.8799030780792236
No oil_00127,No oil,0,0.0718006568683761,718,-0.901031494140625,2.125887393951416,3.3187198638916016,1.8142293019718987,4.020766457277371,0.6005855290673359,blob,0.1689472198486328,2.7635679244995117
No oil_00127,No oil,0,0.0683006248483299,683,-0.6694145202636719,2.322226285934448,3.4887752532958984,1.8057899302591924,4.590799765076183,0.5217723453017571,blob,-0.5325393676757812,4.113018035888672
No oil_00127,No oil,0,0.1010009240070472,1010,-0.7353935241699219,2.220724105834961,3.765571594238281,1.8099492892525315,4.281354256118483,0.4293304994686504,blob,-0.1576404571533203,2.9796831607818604
No oil_00127,No oil,0,0.8756080105006984,8756,-0.1701850891113281,2.843599557876587,8.152250289916992,1.4385049888420716,4.265514688282088,0.5853723759860944,blob,-0.024232864379882812,2.3664960861206055
No oil_00127,No oil,0,0.0536004903641359,536,-0.8726654052734375,2.4449641704559326,4.30218505859375,1.701825533163088,4.401188335690702,0.4960666358167515,blob,0.30182456970214844,2.109957456588745
No oil_00127,No oil,0,0.0511004674926743,511,-0.8211746215820312,2.381696939468384,3.7020263671875,1.2767136505327514,5.2558778495814895,0.5539295392953929,blob,0.12964439392089844,2.0960381031036377
No oil_00127,No oil,0,2.303821076509261,23038,-0.2193527221679687,2.28588604927063,4.70097541809082,1.3349262723224604,4.661946860916644,0.5529938430887772,blob,-0.3552284240722656,2.914238214492798
No oil_00127,No oil,0,0.059900548000219,599,-0.7129287719726562,2.254156351089477,3.6305084228515625,1.8982555660853104,4.023787550616508,0.6689000558347292,blob,0.04752159118652344,2.283174514770508
No oil_00127,No oil,0,1.0135092720905183,10135,-0.5015602111816406,2.194481372833252,4.068943023681641,1.0242500275089297,4.363902663599234,0.3938292953039694,blob,0.06084632873535156,2.678330898284912
No oil_00127,No oil,0,0.0621005681271052,621,-0.9299774169921876,2.3718831539154053,4.349037170410156,1.1633807736197423,4.524351977905031,0.5642889595638346,blob,0.04072761535644531,1.9381113052368164
No oil_00127,No oil,0,1.162210632485052,11622,-0.5542945861816406,2.228688955307007,4.289804458618164,1.3372782228428917,4.505612192220378,0.2503122980831359,blob,-0.020540237426757812,2.538020133972168
No oil_00127,No oil,0,0.0816007465245054,816,-0.758056640625,2.192861557006836,4.434915542602539,3.3577946982040165,4.867054845562594,0.7626168224299066,linear,-0.2049102783203125,1.7244298458099365
No oil_00127,No oil,0,0.2928026787055784,2928,-0.6692047119140625,2.2269890308380127,4.053945541381836,1.289539540124499,4.865951526440703,0.3893875922601237,blob,-0.1462383270263672,1.956050992012024
No oil_00127,No oil,0,0.0702006422306407,702,-0.7084922790527344,2.4651668071746826,4.238443374633789,3.1353697236131484,4.288574435079214,0.6782608695652174,linear,-0.1317729949951172,2.5959701538085938
No oil_00127,No oil,0,0.092100842584644,921,-0.6536102294921875,2.424703598022461,3.913650512695313,2.913935558037398,4.621140053309697,0.4864008449960391,blob,-0.27766990661621094,3.456862211227417
No oil_00127,No oil,0,0.1451013274596292,1451,-0.6533775329589844,2.2737410068511963,4.117063522338867,1.6275183099162018,4.847687251675292,0.6149607967789786,blob,-0.19849395751953125,2.449110507965088
No oil_00127,No oil,0,0.3602032953201822,3602,-0.536529541015625,2.166718006134033,3.945972442626953,2.5693171840950404,5.05003973931091,0.5179752660339373,blob,-0.25733375549316406,2.607640504837036
No oil_00127,No oil,0,1.5403140915648992,15403,-0.6257858276367188,2.631256103515625,7.066032409667969,1.1570941313098102,4.906847705107005,0.4508415044636323,blob,-0.36931800842285156,2.4546427726745605
No oil_00127,No oil,0,0.1456013320339215,1456,-0.3081436157226562,2.5790562629699707,3.816143035888672,4.719598649170197,3.594648843859652,0.463915883383782,linear,-0.38767051696777344,2.2242226600646973
No oil_00127,No oil,0,0.1299011884011429,1299,-0.7703628540039062,2.195007801055908,3.9157867431640634,2.378541481241275,5.088953373769857,0.6188661267270129,blob,0.8886260986328125,1.4534248113632202
No oil_00127,No oil,0,0.1683015397067925,1683,-0.8993186950683594,2.1708149909973145,3.9257583618164062,1.381310273935723,5.1370317835164245,0.5855949895615866,blob,-0.024553298950195312,2.282303810119629
No oil_00127,No oil,0,0.0879008041605886,879,-0.7002334594726562,2.2354907989501958,3.404733657836914,1.603087278336567,4.915603871505961,0.7823765020026703,blob,0.11651420593261719,2.466611862182617
No oil_00127,No oil,0,0.0816007465245054,816,-0.9473228454589844,2.2954440116882324,3.640451431274414,1.9545836800369083,5.30179737742094,0.408,blob,-0.2049102783203125,1.7244298458099365
No oil_00127,No oil,0,0.0571005223841821,571,-0.7534370422363281,2.385504722595215,3.876440048217773,2.184410828794006,4.620408645880161,0.8697638994668697,blob,0.246337890625,2.244567394256592
No oil_00127,No oil,0,0.0552005050018713,552,-0.8641357421875,2.136515855789185,3.868871688842773,1.267659491175199,5.626777350019456,0.6509433962264151,blob,0.11530494689941406,2.1497788429260254
No oil_00127,No oil,0,0.9031082620867756,9031,-0.6747226715087891,2.2008330821990967,4.213037490844727,1.9140136858879149,4.578509370355274,0.6639708855640922,blob,-0.7353992462158203,2.4131600856781006
No oil_00127,No oil,0,0.0855007822039855,855,-1.0699195861816406,2.2798609733581543,3.68990707397461,1.5627868195965684,5.15298965927007,0.5498392282958199,blob,0.3750190734863281,2.8222718238830566
No oil_00127,No oil,0,0.0522004775561174,522,-0.8198394775390625,2.251620054244995,3.601409912109375,1.5887733481647026,4.372148717217361,0.5904977375565611,blob,1.0497608184814453,2.77193284034729
No oil_00129,No oil,0,0.1046009569419517,1046,-4.573625564575195,12.217309951782228,15.651241302490234,1.72542145899236,12.425804525299084,0.9414941494149416,blob,-3.2609567642211914,3.393475294113159
No oil_00130,No oil,0,0.8247075448377403,8247,-5.2432708740234375,10.87136173248291,14.95975112915039,1.0975049698025137,9.635689277795564,0.485188998382115,blob,-2.304640769958496,3.2212603092193604
No oil_00130,No oil,0,0.3382030940513202,3382,-6.812641143798828,11.721806526184082,15.342155456542969,1.3720632533905,11.98458871165014,0.6854479124442643,blob,-3.81301212310791,2.8123536109924316
No oil_00130,No oil,0,0.7404067736120564,7404,-6.882556915283203,12.13493824005127,15.93028450012207,1.747721815915908,13.298925395593171,0.6859048589559498,blob,-3.0115127563476562,2.5897481441497803
No oil_00130,No oil,0,15.865445145039653,158653,-6.116266250610352,11.190672874450684,16.377857208251953,1.5746623010478351,10.786194242846143,0.3869443800836555,blob,-4.091549873352051,4.505672931671143
No oil_00130,No oil,0,0.3480031837074495,3480,-5.138469696044922,11.96290111541748,15.535931587219238,1.5279522000473424,14.727456647462976,0.7466208968032612,blob,-2.9099225997924805,4.3159918785095215
No oil_00130,No oil,0,0.5356048999819252,5356,-4.992771148681641,11.829950332641602,15.852627754211426,1.4990276716187756,11.975073507273642,0.7900870334857648,blob,-3.22159481048584,3.792816638946533
No oil_00130,No oil,0,1.9722180428385976,19722,-6.797975540161133,11.990974426269531,15.070745468139648,1.9380224147209784,12.685187087865035,0.8673395342700706,blob,-3.716989517211914,4.428255081176758
No oil_00133,No oil,0,0.0776007099301669,776,-0.1299037933349609,3.161784172058105,5.392095565795898,4.609977585249426,5.915645499348345,0.7671774592189817,linear,0.2766990661621094,1.2566927671432495
No oil_00133,No oil,0,0.0912008343509178,912,-0.5536022186279297,2.2249813079833984,3.2303638458251958,2.995878098620681,3.32775013150736,0.7444897959183674,blob,0.21306228637695312,1.2607682943344116
No oil_00133,No oil,0,2.9585270660876146,29585,-0.2236747741699218,2.1304385662078857,4.671106338500977,1.273673779718918,3.8767833783095607,0.864982603865158,blob,0.04303455352783203,1.4686771631240845
No oil_00133,No oil,0,0.3060027994668954,3060,-0.2105445861816406,2.106001377105713,3.694681167602539,2.2423384946095712,5.487721651871143,0.4123155696287812,blob,-0.03990364074707031,1.635355830192566
No oil_00133,No oil,0,0.1991018214831989,1991,-0.2035064697265625,2.630389928817749,4.572271347045898,9.59622414000414,4.605016062246394,0.6758316361167686,linear,-0.07519912719726562,1.3759297132492065
No oil_00133,No oil,0,0.0535004894492774,535,-0.0617332458496093,4.195704936981201,7.59356689453125,2.4565514256800527,7.934833991428453,0.814927646610815,blob,-0.6768026351928711,1.835196614265442
No oil_00134,No oil,0,0.1056009660905366,1056,-0.7240180969238281,2.1141579151153564,3.855514526367188,1.5410320203940402,4.924955414163935,0.522384368043532,blob,-0.3320636749267578,2.0703768730163574
No oil_00135,No oil,0,0.0557005095761637,557,-0.9976844787597656,2.1744260787963867,3.386791229248047,2.023406520209912,4.452567061869457,0.7476510067114094,blob,0.7725677490234375,1.5501233339309692
No oil_00135,No oil,0,0.1469013439270817,1469,-0.7445297241210938,2.1304547786712646,3.5079002380371094,1.180710064877793,4.429929312479982,0.3826517322219327,blob,-0.42763519287109375,2.3978941440582275
No oil_00135,No oil,0,0.0944008636263888,944,-0.9466934204101562,2.132858991622925,3.592742919921875,1.836157155048041,4.678062648102308,0.5857896369841762,blob,0.09504318237304688,1.7599334716796875
No oil_00135,No oil,0,0.0882008069051641,882,-0.9048194885253906,2.176088094711304,3.642765045166016,1.6719272346803016,4.835457636172753,0.502134927412468,blob,-0.21898269653320312,2.1173343658447266
No oil_00135,No oil,0,0.0619005662973884,619,-0.654296875,2.0839223861694336,3.686351776123047,2.3488860650576964,4.757389350460637,0.4991935483870968,blob,0.11944198608398438,1.8247135877609253
No oil_00135,No oil,0,0.1205011024044475,1205,-0.8207359313964844,2.0679140090942383,3.967845916748047,3.4174434374220484,5.037551512620554,0.5462375339981868,linear,0.5781974792480469,1.2642146348953247
No oil_00135,No oil,0,0.0653005974025761,653,-1.050537109375,2.1294736862182617,4.117462158203125,2.2584605240791014,4.631890173566706,0.6054705609643023,blob,-0.2276630401611328,1.9381425380706787
No oil_00136,No oil,0,0.1020009331556319,1020,-0.7977447509765625,1.9968303442001345,4.039417266845703,2.473735002007832,4.392995899004348,0.5564648117839607,blob,-0.5095806121826172,1.9027713537216187
No oil_00136,No oil,0,0.1016009294961981,1016,-0.8989753723144531,2.231497287750244,3.911304473876953,2.084092887024507,4.954556980534249,0.4046196734368777,blob,-0.029506683349609375,1.9438412189483643
No oil_00136,No oil,0,0.0505004620035236,505,-0.8538284301757812,2.0697100162506104,3.6012420654296875,3.066676016931407,4.68820460137608,0.686141304347826,linear,-0.6023960113525391,2.157839059829712
No oil_00136,No oil,0,0.1199010969152968,1199,-0.7986831665039062,2.1017277240753174,3.974544525146485,1.254718924153252,5.080221231210332,0.5772749157438614,blob,-0.08478355407714844,1.4070844650268555
No oil_00136,No oil,0,0.0853007803742687,853,-0.7730560302734375,2.1240997314453125,3.6496810913085938,1.628147412677406,4.635046256463721,0.5231524072370438,blob,0.06592750549316406,1.7222543954849243
No oil_00136,No oil,0,0.1842016851692883,1842,-0.6400337219238281,2.063560962677002,3.696857452392578,1.8827571156223124,4.410924923260104,0.4885941644562334,blob,-0.49466705322265625,1.7759723663330078
No oil_00136,No oil,0,0.0599005480002191,599,-0.7620162963867188,2.0929808616638184,3.351959228515625,1.8121736725886253,5.085229872462768,0.5707479752262983,blob,0.15388107299804688,1.6539610624313354
No oil_00136,No oil,0,0.0540004940235698,540,-0.563018798828125,2.02350115776062,3.408782958984375,2.04367849275058,3.89277705212582,0.651780325890163,blob,-0.0042972564697265625,1.601967453956604
No oil_00136,No oil,0,0.0659006028917269,659,-0.7701301574707031,1.9506487846374512,3.338348388671875,1.5888159180265338,4.305692989656532,0.7190398254228041,blob,0.0711822509765625,1.6260234117507935
No oil_00136,No oil,0,0.1949017830591438,1949,-0.6595726013183594,2.0844626426696777,3.7699203491210938,1.4763908467974245,4.580833455006217,0.4048608226007478,blob,-0.21117782592773438,1.861506462097168
No oil_00136,No oil,0,0.1151010530020906,1151,-0.6302108764648438,2.0344557762146,3.6149215698242183,1.4495509011861336,4.532243133073889,0.5026200873362445,blob,-0.07773971557617188,1.5271235704421997
No oil_00136,No oil,0,0.121901115212466,1219,-0.7219657897949219,2.065812587738037,3.686176300048828,1.422454932720672,4.4350415003364585,0.4710200927357032,blob,-0.1774578094482422,1.8558433055877686
No oil_00136,No oil,0,0.0570005214693237,570,-0.9888992309570312,2.2532761096954346,3.283416748046875,2.596559795724044,4.625593935644048,0.8050847457627118,blob,0.42198753356933594,1.5121170282363892
No oil_00136,No oil,0,0.056200514150456,562,-0.7028694152832031,1.9336516857147217,3.461509704589844,1.5369475944796074,5.735861419279095,0.5414258188824663,blob,0.09708786010742188,1.4572089910507202
No oil_00136,No oil,0,1.3043119324989294,13043,-0.7406349182128906,2.0563039779663086,4.677433013916016,2.828693293020562,4.4802321547231285,0.4368124047623034,blob,0.1484813690185547,1.5910824537277222
No oil_00138,No oil,0,0.1989018196534815,1989,-0.6155738830566406,2.505516767501831,3.892303466796875,1.336696238478963,4.302421993762123,0.6480938416422287,blob,0.29486083984375,1.4135751724243164
No oil_00138,No oil,0,0.1825016696166936,1825,-0.7112464904785156,2.5381100177764893,4.61036491394043,1.7644357974132046,5.304998448369226,0.6872528713989833,blob,-0.04432106018066406,1.7966785430908203
No oil_00138,No oil,0,0.999809146754906,9998,-0.6126480102539062,2.428654432296753,4.430435180664063,1.5666004220620406,5.515581152615192,0.5567745169014869,blob,-0.03161907196044922,2.014314889907837
No oil_00138,No oil,0,0.8035073508877445,8035,-0.8490867614746094,2.4649763107299805,4.3735198974609375,1.265927483453055,5.356855607652439,0.436578010812573,blob,-0.20821475982666016,1.789406418800354
No oil_00138,No oil,0,0.0880008050754468,880,-0.6307449340820312,2.516904830932617,3.99505615234375,1.3629474708249545,5.265006269552718,0.4631578947368421,blob,0.18443012237548828,1.6907657384872437
No oil_00138,No oil,0,0.050200459258948,502,-0.7667331695556641,2.4485952854156494,3.807964324951172,1.153975134068128,4.784713387401515,0.8263374485596707,blob,-0.37412166595458984,2.454925298690796
No oil_00138,No oil,0,0.0719006577832343,719,-0.5539741516113281,2.3928024768829346,3.679740905761719,1.6705238151492283,6.246864494819301,0.7957941339236303,blob,-0.23372268676757812,1.8338987827301025
No oil_00138,No oil,0,0.0757006925478559,757,-0.991079330444336,2.5497279167175293,4.083042144775391,2.499885607750529,5.054569479410655,0.6151970743600162,blob,-0.4180183410644531,2.1754562854766846
No oil_00138,No oil,0,0.0757006925478559,757,-0.902109146118164,2.544667959213257,4.074432373046875,1.1903315105284418,5.8579553471021,0.7502477700693756,blob,-0.4180183410644531,2.1754562854766846
No oil_00138,No oil,0,0.2991027363416607,2991,-0.9697017669677734,2.518699407577514,4.75941276550293,1.69597526741368,5.879200060732384,0.3578821417888124,blob,0.11592292785644531,1.630735993385315
No oil_00138,No oil,0,0.0854007812891268,854,-1.0704975128173828,2.6661696434021,4.634332656860352,1.701804984951569,5.606462636728552,0.5567144719687093,blob,0.013011932373046875,2.1501550674438477
No oil_00138,No oil,0,0.1043009541973761,1043,-0.6549339294433594,2.429362297058105,4.135311126708984,2.095487751699742,5.46729969818559,0.6352009744214373,blob,-0.10019493103027344,1.766021490097046
No oil_00138,No oil,0,0.1113010182374685,1113,-1.2295513153076172,2.541372776031494,4.184944152832031,1.4124889319767095,6.761008135672909,0.4620174346201743,blob,0.18622589111328125,1.607664704322815
No oil_00138,No oil,0,0.0526004812155511,526,-0.9702529907226562,2.476247787475586,4.04719352722168,1.395753444742612,7.073882997837526,0.8067484662576687,blob,0.3632030487060547,1.5388160943984985
No oil_00138,No oil,0,0.2974027207890669,2974,-0.9268760681152344,2.524792432785034,4.830146789550781,1.1990603119066334,6.199194560049901,0.4762209767814251,blob,-0.1178131103515625,1.9608073234558105
No oil_00138,No oil,0,0.0581005315327665,581,-0.5949440002441406,2.3613247871398926,3.663650512695313,2.295965951089462,5.727416237969709,0.8246983676366217,blob,-0.2839632034301758,2.0762197971343994
No oil_00138,No oil,0,0.0711006504643666,711,-0.9580726623535156,2.6233317852020264,3.8934192657470703,2.653325388988969,5.344715710150486,0.5929941618015012,blob,0.26473236083984375,1.957003116607666
No oil_00138,No oil,0,0.0564005159801727,564,-0.9864253997802734,2.4971635341644287,3.995792388916016,2.443504501789721,5.386397346655895,0.6516464471403813,blob,-0.22044086456298828,1.7840944528579712
No oil_00138,No oil,0,0.0694006349117728,694,-1.028106689453125,2.480763435363769,3.876062393188477,1.6213890580098873,4.710275659125583,0.5521081941129674,blob,-0.5684423446655273,2.386843204498291
No oil_00138,No oil,0,0.067500617529462,675,-1.0629940032958984,2.633871793746948,4.105974197387695,1.2886785676570514,5.8460881990296345,0.6716417910447762,blob,0.06377124786376953,1.8261988162994385
No oil_00138,No oil,0,0.0628005745311143,628,-0.7023124694824219,2.4557371139526367,4.247169494628906,1.9552693684341285,4.118376065668379,0.7696078431372549,blob,0.4931612014770508,1.2395697832107544
No oil_00138,No oil,0,0.0678006202740374,678,-0.7718162536621094,2.491286516189575,4.018405914306641,1.191663433977369,4.495602753763088,0.8448598130841122,blob,0.1609630584716797,1.8213558197021484
No oil_00138,No oil,0,0.0546004995127204,546,-0.9628124237060548,2.56204891204834,3.641029357910156,2.919820412616089,5.451588258412115,0.6598187311178247,blob,0.3145751953125,1.7359809875488281
No oil_00140,No oil,0,0.2876026311329385,2876,-7.201093673706055,11.266799926757812,15.161667823791504,1.645265565794824,11.601022382423611,0.7555497175883358,blob,-5.826999664306641,2.6123273372650146
No oil_00140,No oil,0,0.2492022798272888,2492,-5.491910934448242,11.962564468383787,14.764884948730469,1.9445366444272625,13.585168724856208,0.8502217673149096,blob,-6.0448455810546875,4.632603645324707
No oil_00140,No oil,0,0.4103037536642721,4103,-5.287057876586914,11.371918678283691,15.24999713897705,2.7494043371465016,11.477490200554625,0.7936937808298675,blob,-3.7753381729125977,2.8461806774139404
No oil_00140,No oil,0,4.454040747795925,44540,-3.916807174682617,10.414405822753906,14.137895584106444,1.7093509583713395,9.203492252807129,0.7981649732093257,blob,-3.610921859741211,4.7455363273620605
No oil_00140,No oil,0,0.1902017400607959,1902,-4.990114212036133,10.360061645507812,14.16369915008545,2.916762248036237,10.134428046698751,0.6972140762463344,blob,-2.7082462310791016,1.2047606706619263
No oil_00140,No oil,0,0.1521013914997216,1521,-3.337291717529297,10.298712730407717,14.06221866607666,1.2361804117508026,9.20489596719167,0.8540145985401459,blob,-1.2504692077636719,1.1400041580200195
No oil_00140,No oil,0,0.0684006257631884,684,-4.940193176269531,10.854785919189451,14.519311904907228,1.6388285064057806,10.459797816175206,0.8231046931407943,blob,-3.4934682846069336,2.5489501953125
No oil_00141,No oil,0,1.3506123560783918,13506,-4.557622909545898,8.096902847290039,11.649860382080078,1.2640084057484695,10.64198191342942,0.5277739786248803,blob,-1.766953468322754,2.5690479278564453
No oil_00141,No oil,0,0.3058027976371777,3058,-5.839260101318359,8.666784286499023,12.935811042785645,6.929435579429337,9.8714210172849,0.8272690382794535,linear,-2.6962337493896484,2.1887669563293457
No oil_00141,No oil,0,3.922535885323184,39225,-4.023777008056641,8.162592887878418,13.11354637145996,2.213039952763308,11.15143215183339,0.4289440158345681,blob,-2.1599998474121094,2.24941086769104
No oil_00141,No oil,0,0.0858007849485606,858,-3.681596755981445,8.194012641906738,11.318084716796877,1.209308043195339,12.47656472842575,0.6192710212919523,blob,-2.3263511657714844,1.062473177909851
No oil_00141,No oil,0,0.1054009642608192,1054,-4.18792724609375,8.190617561340332,12.192981719970703,1.4974247275537296,11.309217411444994,0.7509796936230851,blob,-1.5582036972045898,0.3686518371105194
No oil_00141,No oil,0,0.2502022889758726,2502,-4.482074737548828,7.465436935424805,11.722735404968262,1.376327902079837,10.985455522213606,0.6026011560693642,blob,-2.163027763366699,1.3645946979522705
No oil_00141,No oil,0,0.0740006769952621,740,-4.055423736572266,7.4226274490356445,10.128503799438477,1.6859882429526434,8.867883730205827,0.8226792662590328,blob,-2.177859306335449,0.4433801472187042
No oil_00141,No oil,0,0.2736025030527528,2736,-3.438720703125,7.276724338531494,11.843122482299805,1.3516461403514335,10.534099678564038,0.8223624887285843,blob,-1.811737060546875,2.689992904663086
No oil_00141,No oil,0,0.083300762077099,833,-3.058757781982422,7.674559593200684,10.889286041259766,2.014419261734961,10.919767862957055,0.7565849227974568,blob,-0.9123964309692383,1.9124729633331299
No oil_00141,No oil,0,0.5615051369302658,5615,-3.0754528045654297,7.658022403717041,11.8787841796875,2.6378671427169373,10.396467145135148,0.6213001383125865,blob,-2.0926132202148438,2.2547173500061035
No oil_00141,No oil,0,0.6876062905667867,6876,-2.7319469451904297,7.611637115478516,12.92174243927002,1.1639474324144232,10.355780768102033,0.411330122932432,blob,-1.5360774993896484,0.8262768387794495
No oil_00141,No oil,0,0.0564005159801727,564,-3.998437881469727,7.37419319152832,11.742977142333984,2.3972947893061454,11.84694832498557,0.736773350751143,blob,-3.8763952255249023,1.8142039775848389
No oil_00141,No oil,0,0.0620005672122466,620,-4.064924240112305,8.001522064208984,11.40614128112793,1.368222540322521,11.126537507577476,0.8671328671328671,blob,-1.5991363525390625,1.980961799621582
No oil_00141,No oil,0,0.0510004665778157,510,-3.664384841918945,7.890724658966064,10.530235290527344,1.7416276317167612,11.022408494143972,0.7364620938628159,blob,-1.5994338989257812,2.021536111831665
No oil_00141,No oil,0,0.1948017821442845,1948,-3.704872131347656,8.118250846862793,11.761796951293944,3.1199905456615578,10.442985099623932,0.6371218315617334,linear,-2.170393943786621,2.699120283126831
No oil_00141,No oil,0,0.0871007968417206,871,-4.840843200683594,8.297558784484863,11.856863021850586,1.2087230796812436,8.81070783326723,0.95609220636663,blob,-2.3783206939697266,2.3221027851104736
No oil_00141,No oil,0,0.1582014473060873,1582,-4.154071807861328,7.981277465820312,11.63662338256836,2.526658038866261,14.078245270718478,0.5428963623884695,blob,-2.6224098205566406,2.5320212841033936
No oil_00141,No oil,0,0.0924008453292191,924,-2.650964736938477,7.345494270324707,11.433276176452637,3.473603063240325,10.6632021320269,0.7478753541076487,linear,-1.7563657760620117,1.5406441688537598
No oil_00141,No oil,0,0.0718006568683759,718,-2.6897430419921875,7.15416145324707,10.468632698059082,1.6588149823136995,9.903295759604156,0.8076490438695163,blob,-1.7406330108642578,0.7376353740692139
No oil_00141,No oil,0,0.30630280221147,3063,-4.281730651855469,8.23830509185791,13.715811729431152,1.470616076077783,11.447326406589667,0.4954306510311362,blob,-2.532608985900879,1.0216363668441772
No oil_00141,No oil,0,0.1705015598336782,1705,-3.080751419067383,7.481366634368896,11.287473678588867,1.7472556145566258,8.296509833046914,0.8019755409219191,blob,-1.7488908767700195,0.9408692717552185
No oil_00141,No oil,0,0.2235020447086632,2235,-3.961980819702149,7.937576770782471,11.9197416305542,2.612046714316357,11.57287576574708,0.5909571655208884,blob,-2.3416595458984375,1.9630905389785767
No oil_00141,No oil,0,0.130001189316001,1300,-4.246562957763672,7.990633964538574,11.158339500427246,1.7199083634242855,13.058153543679374,0.4487400759406282,blob,-2.5206851959228516,2.506516695022583
No oil_00141,No oil,0,0.6597060353212757,6597,-3.282934188842773,7.699562549591064,12.9168062210083,2.218975657122403,9.489428666406594,0.4957168620378719,blob,-1.7989425659179688,1.6540935039520264
No oil_00141,No oil,0,0.1232011271056255,1232,-4.188982009887695,7.978165149688721,12.099713325500488,1.291180953356163,11.035120362627357,0.8257372654155496,blob,-2.276921272277832,2.2925186157226562
No oil_00141,No oil,0,0.3490031928560334,3490,-4.944543838500977,8.107060432434082,12.38002872467041,1.7686873744109404,11.342099046623868,0.7791917838803304,blob,-3.4269638061523438,2.9940595626831055
No oil_00141,No oil,0,1.2160111246789014,12160,-4.055458068847656,8.044812202453613,13.904925346374512,1.7044440087931316,11.802309503214564,0.5553272137735763,blob,-2.1045780181884766,1.118804931640625
No oil_00141,No oil,0,0.0644005891688497,644,-3.4876937866210938,7.773698329925537,11.608295440673828,1.1280257339347048,9.123935673613326,0.7653000594177065,blob,-2.5594911575317383,0.4798050820827484
No oil_00141,No oil,0,7.188965768259996,71889,-7.369758605957031,10.47813320159912,15.021267890930176,1.360541737470189,13.13116037374917,0.7237026224392208,blob,-5.618263244628906,4.579093933105469
No oil_00141,No oil,0,0.098000896561293,980,-2.6613082885742188,7.115987777709961,10.499382019042969,2.978241795827792,7.393826849600621,0.5845511482254697,blob,-1.9810409545898438,1.50877046585083
No oil_00141,No oil,0,0.0691006321671974,691,-2.566862106323242,7.362241744995117,10.599717140197754,2.1405089238648705,8.289600183723348,0.6003475238922676,blob,-1.4119443893432617,1.002878189086914
No oil_00141,No oil,0,0.0843007712256837,843,-4.327703475952148,8.235943794250488,12.848708152770996,1.392795948601344,12.076273077287556,0.5661517797179315,blob,-2.126816749572754,0.5464043021202087
No oil_00141,No oil,0,0.1063009724945454,1063,-2.752647399902344,7.29416036605835,10.875699043273926,3.3716809908083576,9.376179392423108,0.7170320404721754,linear,-1.1894683837890625,0.473812073469162
No oil_00141,No oil,0,0.1169010694695424,1169,-3.183626174926758,7.297136306762695,10.968646049499512,1.6499100610340856,10.793535078486569,0.6634506242905789,blob,-2.3342103958129883,1.4514000415802002
No oil_00141,No oil,0,0.0551005040870127,551,-2.656047821044922,7.287750720977783,10.443509101867676,1.583967167433608,9.504383120537662,0.681087762669963,blob,-1.2932443618774414,0.8586512804031372
No oil_00141,No oil,0,0.059500544340785,595,-4.140205383300781,6.883395195007324,10.323558807373049,1.5220760485243416,8.6286579117491,0.8029689608636977,blob,-1.5134162902832031,0.3103310465812683
No oil_00141,No oil,0,0.0534004885344188,534,-4.927391052246094,8.390538215637207,10.791421890258787,4.223639476444387,14.349281347077126,0.4682156948706708,linear,-3.365790367126465,1.6834752559661865
No oil_00141,No oil,0,1.589714543504975,15897,-4.352338790893555,8.393146514892578,13.523683547973633,2.0296111022121397,12.088552919217188,0.4331784677847868,blob,-2.448481559753418,2.618100643157959
No oil_00141,No oil,0,0.2350021499173863,2350,-4.191829681396484,8.038711547851562,12.47869110107422,1.8526012733356865,10.415183903140582,0.7031717534410533,blob,-1.3005266189575195,0.75270676612854
No oil_00141,No oil,0,0.1344012295697733,1344,-4.105661392211914,7.641085624694824,10.953012466430664,5.416242172949312,11.676335155229866,0.6409155937052933,linear,-1.5415706634521484,1.1279774904251099
No oil_00141,No oil,0,0.0961008791789822,961,-4.155731201171875,7.686171054840088,10.828336715698242,3.389638628447276,10.473472783241537,0.7608867775138559,linear,-1.6271858215332031,1.2316340208053589
No oil_00141,No oil,0,0.6275057407368508,6275,-3.269132614135742,7.428440093994141,12.560619354248049,1.903096973284618,10.066344644604923,0.5147873169531154,blob,-1.6252050399780273,1.226685881614685
No oil_00141,No oil,0,0.1708015625782536,1708,-4.137577056884766,7.829492568969727,11.939855575561523,2.267729791271521,11.962955971644114,0.807565011820331,blob,-2.797931671142578,1.867883563041687
No oil_00141,No oil,0,0.1257011499770871,1257,-3.1291046142578125,7.003870487213135,10.86610984802246,1.8158223565863776,9.965884679914934,0.7240783410138248,blob,-0.7558307647705078,0.06220903992652893
No oil_00142,No oil,0,0.0869007950120037,869,-3.683988571166992,7.254790782928467,10.636921882629396,2.064902186289085,10.25919617853668,0.6805011746280345,blob,-2.4829397201538086,0.8632829785346985
No oil_00142,No oil,0,0.0558005104910219,558,-3.725866317749024,7.207145690917969,10.61670970916748,4.305521747122992,9.285263253158083,0.7804195804195804,linear,-2.1217451095581055,0.2825373113155365
No oil_00142,No oil,0,0.2105019257770631,2105,-3.933856964111328,7.133831024169922,11.03704833984375,1.150871104361765,9.955910341765597,0.6901639344262295,blob,-2.3493776321411133,1.0038388967514038
No oil_00142,No oil,0,0.0618005653825297,618,-4.068807601928711,7.574637413024902,10.39486026763916,2.191995671134116,11.142937765278424,0.5871733966745843,blob,-2.121872901916504,0.16447557508945465
No oil_00142,No oil,0,0.0589005388516342,589,-5.123074531555176,7.494753360748291,9.71389389038086,1.4887119045102606,10.415891887255022,0.5726786582401555,blob,-4.167928695678711,1.2975884675979614
No oil_00142,No oil,0,0.0695006358266313,695,-3.03717041015625,6.944316864013672,10.488184928894045,1.2450776792958471,9.841162986527566,0.5860033726812817,blob,-2.2178001403808594,0.8951553106307983
No oil_00142,No oil,0,0.0561005132355973,561,-3.423892974853516,7.624253273010254,10.957090377807615,2.108108165971572,10.88795976414149,0.6459412780656304,blob,-1.766057014465332,0.9924593567848206
No oil_00142,No oil,0,0.0702006422306405,702,-4.693229675292969,7.914787292480469,12.074447631835938,1.6776833008896856,11.281325957663617,0.9310344827586208,blob,-2.929576873779297,1.3219881057739258
No oil_00142,No oil,0,0.0838007666513914,838,-2.6227893829345703,6.9843339920043945,11.01896858215332,1.2716239046730928,9.5268812801981,0.538560411311054,blob,-1.027480125427246,0.38459745049476624
No oil_00142,No oil,0,0.0625005717865389,625,-3.414125442504883,7.438853740692139,12.08760929107666,2.207510152596744,12.652033414067198,0.8389261744966443,blob,-2.806865692138672,0.5557038187980652
No oil_00142,No oil,0,0.0645005900837081,645,-4.235240936279297,8.139486312866211,12.846341133117676,2.3057960266554955,12.80431767788173,0.6538266599087684,blob,-2.733475685119629,1.4682731628417969
No oil_00142,No oil,0,0.4731043281953851,4731,-3.570840835571289,7.316699504852295,12.82433795928955,1.480718458971305,10.170788139067986,0.6909595443259822,blob,-2.3987550735473633,1.1197909116744995
No oil_00142,No oil,0,0.6075055577651585,6075,-3.589059829711914,7.402692794799805,11.906636238098145,2.1459133436482847,10.87813804068723,0.6316281971303805,blob,-2.4816131591796875,1.7182399034500122
No oil_00142,No oil,0,0.0506004629183819,506,-4.548515319824219,7.63506555557251,10.168335914611816,2.4420592810998083,12.5666243438054,0.6212400245549416,blob,-3.1726303100585938,1.4219681024551392
No oil_00142,No oil,0,0.3225029504185409,3225,-4.720069885253906,8.081119537353516,13.411178588867188,1.5356525413545652,10.34793278328435,0.5834991858150895,blob,-3.525684356689453,1.665016770362854
No oil_00142,No oil,0,0.2506022926353065,2506,-4.826316833496094,8.158845901489258,12.041949272155762,1.2445515776145402,12.109458307598585,0.6542226863333769,blob,-2.260512351989746,1.1639798879623413
No oil_00142,No oil,0,0.2777025405619497,2777,-4.445180892944336,7.54002046585083,11.025781631469728,4.439576529991505,10.420713696280044,0.6434943807206581,linear,-3.461787223815918,2.2160305976867676
No oil_00142,No oil,0,0.0686006275929051,686,-4.111063003540039,7.37975549697876,11.097707748413086,3.157218943911157,9.812534673436195,0.7336898395721925,linear,-2.5760631561279297,0.56175696849823
No oil_00142,No oil,0,2.55252335176225,25525,-4.431951522827148,7.729536056518555,13.31623649597168,2.343218494107473,10.795877279482122,0.6267418020207973,blob,-2.5012922286987305,1.2914693355560303
No oil_00142,No oil,0,0.0624005708716804,624,-3.802654266357422,7.512357234954834,9.913782119750977,1.3134803322976665,11.039794881006804,0.5495376486129459,blob,-2.322458267211914,0.9844078421592712
No oil_00142,No oil,0,0.0519004748115419,519,-3.415628433227539,7.474163055419922,10.495614051818848,2.6248208955015646,11.364473610595107,0.8963730569948186,blob,-2.0919504165649414,0.39763107895851135
No oil_00142,No oil,0,0.144301320140761,1443,-3.891515731811523,7.391724109649658,10.662108421325684,3.94471515367132,9.857940057346973,0.6420467185761958,linear,-3.080752372741699,0.9469509124755859
No oil_00142,No oil,0,0.4506041223522311,4506,-3.02497673034668,7.0171403884887695,12.587791442871094,1.6055075612645306,9.252700600870122,0.4672335130651182,blob,-1.7500591278076172,1.2721503973007202
No oil_00142,No oil,0,0.0970008874127084,970,-3.192720413208008,7.309546947479248,10.051249504089355,2.3964546483966145,9.291652052849727,0.689900426742532,blob,-1.7691221237182617,1.0855250358581543
No oil_00142,No oil,0,0.0744006806546959,744,-3.800546646118164,7.699644088745117,10.289371490478516,6.0213379055740965,12.395499810184532,0.7106017191977078,linear,-2.6375255584716797,1.672117829322815
No oil_00142,No oil,0,0.2986027317673684,2986,-3.8558406829833984,7.693150520324707,11.186935424804688,1.9966126102589967,10.761117636539906,0.7869284490710239,blob,-2.2981042861938477,1.5316516160964966
No oil_00142,No oil,0,0.0676006184443205,676,-3.7971038818359375,7.719325065612793,11.052736282348633,1.0992455313104903,11.768843277925932,0.8179068360556564,blob,-2.075270652770996,0.5677109956741333
No oil_00142,No oil,0,0.0670006129551697,670,-3.2141342163085938,7.315633773803711,10.52542209625244,2.302026918187248,9.519540395907184,0.7181136120042872,blob,-1.3694629669189453,0.3816153407096863
No oil_00142,No oil,0,0.1495013677134011,1495,-2.71845817565918,6.978510856628418,9.888307571411133,2.801908806667952,8.472743694646637,0.7173704414587332,blob,-1.684025764465332,1.2318968772888184
No oil_00142,No oil,0,0.7672070187941227,7672,-3.153995513916016,7.858471870422363,13.670906066894531,1.357903365085782,10.571974119141686,0.550951526032316,blob,-2.2428159713745117,1.1752142906188965
No oil_00142,No oil,0,0.0581005315327665,581,-6.210472106933594,9.370516777038574,12.865243911743164,1.453005222173397,19.20764717714994,0.976470588235294,blob,-4.276558876037598,2.0006844997406006
No oil_00142,No oil,0,0.0948008672858222,948,-3.853473663330078,7.757160663604736,11.535472869873049,1.4567247097395368,11.13890769124708,0.6842295200288705,blob,-2.488058090209961,1.6582919359207153
No oil_00142,No oil,0,0.1624014857301427,1624,-4.106523513793945,7.475893974304199,11.961470603942873,2.471775494337759,9.208049623612297,0.720976692563818,blob,-2.8024721145629883,0.4568506181240082
No oil_00142,No oil,0,0.2291020959407371,2291,-3.422666549682617,7.46665096282959,12.442176818847656,1.3675539459262271,10.8565878154173,0.4395203836930456,blob,-2.5412654876708984,0.6821804642677307
No oil_00142,No oil,0,0.1822016668721183,1822,-3.731891632080078,7.34954833984375,10.93789291381836,1.5125065401165945,11.633237322381252,0.5916544893651566,blob,-2.273143768310547,1.3697832822799683
No oil_00142,No oil,0,0.0724006623575267,724,-3.0326156616210938,7.690642833709717,12.547039985656738,3.317173331787024,9.41455220879016,0.7739176910742919,linear,-1.8488616943359375,0.27341657876968384
No oil_00142,No oil,0,0.0837007657365329,837,-3.269054412841797,7.106644630432129,10.288960456848145,2.1777466528737306,10.092622202778198,0.7986641221374046,blob,-1.9155263900756836,0.1837337613105774
No oil_00142,No oil,0,0.3826035002484767,3826,-3.711923599243164,7.389744758605957,11.717341423034668,1.891611764999666,10.4562367694081,0.5796530565866223,blob,-2.3540878295898438,1.3598127365112305
No oil_00142,No oil,0,0.2202020145183339,2202,-4.691934585571289,7.830354690551758,13.12290382385254,1.5756831716488189,13.815286098968103,0.4561367167270844,blob,-3.1911678314208984,0.48129212856292725
No oil_00142,No oil,0,2.332521339073633,23325,-4.157049179077148,7.414769649505615,13.065241813659668,1.52261655054652,10.893953440864026,0.4898923601995274,blob,-2.729257583618164,0.8528483510017395
No oil_00142,No oil,0,0.5718052311606874,5718,-2.954975128173828,7.04832935333252,10.875625610351562,3.345983533378611,10.478256296080655,0.5843041079092581,linear,-1.622894287109375,0.6085997223854065
No oil_00142,No oil,0,0.1373012561006687,1373,-2.8929500579833984,6.8501739501953125,10.058151245117188,1.3927415501694154,10.109688562670945,0.6233825198637911,blob,-2.3325681686401367,1.4426696300506592
No oil_00142,No oil,0,0.0852007794594098,852,-4.761543273925781,7.438037395477295,10.813366889953612,1.2823038878401345,10.95535181529535,0.8118151500714627,blob,-3.3099985122680664,0.28831836581230164
No oil_00142,No oil,0,0.1105010109186008,1105,-5.084836959838867,7.553430557250977,10.360113143920898,2.539608303571704,11.629596715686567,0.4877510483337011,blob,-2.818020820617676,0.06574269384145737
No oil_00142,No oil,0,1.9333176869586517,19333,-4.182323455810547,8.082847595214844,14.02022933959961,1.1050363606179756,11.255747555946286,0.5744978010222275,blob,-2.782093048095703,1.0398086309432983
No oil_00142,No oil,0,0.1160010612358162,1160,-2.1578845977783203,6.863739490509033,9.531746864318848,1.925157506137862,8.75198323077004,0.6412382531785517,blob,-0.9053373336791992,0.4702068567276001
No oil_00142,No oil,0,0.0698006385712066,698,-4.822746276855469,8.278980255126953,12.01140308380127,1.3634213287514216,13.460597195452468,0.9503063308373044,blob,-3.9388551712036133,2.6602702140808105
No oil_00142,No oil,0,0.0988009038801607,988,-2.7535762786865234,7.33289623260498,10.28900146484375,2.718361563382677,8.809532772619427,0.7304990757855823,blob,-1.8186779022216797,0.8806940317153931
No oil_00142,No oil,0,0.0939008590520961,939,-2.7218170166015625,7.182875633239746,10.113810539245604,2.264221068455778,9.541864048653402,0.6598735066760365,blob,-0.7922534942626953,0.3059496283531189
No oil_00142,No oil,0,0.4200038424055416,4200,-2.6914939880371094,7.308106899261475,12.010845184326172,1.536538676112098,10.030134105690491,0.7199794291591669,blob,-1.3642101287841797,0.11251675337553024
No oil_00142,No oil,0,0.1929017647619737,1929,-4.195777893066406,8.223716735839844,12.059656143188477,1.885465675541505,14.67063357769056,0.3454512893982808,blob,-2.9168882369995117,0.450704425573349
No oil_00142,No oil,0,0.1306011948051517,1306,-2.973665237426758,7.224747180938721,10.525324821472168,2.7124337006921446,9.689986727694922,0.5,blob,-1.7183866500854492,0.2824380099773407
No oil_00142,No oil,0,0.0778007117598836,778,-2.3228702545166016,6.923949718475342,9.542831420898438,1.0752330893967883,8.66467337142448,0.7240577012563983,blob,-0.9079790115356445,0.0018327365396544337
No oil_00142,No oil,0,0.159001454624955,1590,-3.421121597290039,7.5364508628845215,11.94133186340332,2.713400570367844,10.266858931677053,0.7582260371959942,blob,-1.781198501586914,0.2895306646823883
No oil_00142,No oil,0,0.0585005351922004,585,-3.048900604248047,6.9530792236328125,9.784337997436523,2.509242079752115,9.053089961771397,0.684610883557636,blob,-1.5109939575195312,0.05452820286154747
No oil_00142,No oil,0,0.0936008563075207,936,-3.535737991333008,7.179534435272217,10.393403053283691,3.294973941122692,10.36996007602538,0.665481692143619,linear,-2.6629695892333984,0.6861402988433838
No oil_00142,No oil,0,0.1124010283009116,1124,-3.5352935791015625,6.895166873931885,10.187699317932127,1.6565998550932948,10.28849364123428,0.5655345911949685,blob,-1.2457380294799805,0.42119765281677246
No oil_00142,No oil,0,0.0884008087348806,884,-2.85786247253418,7.019407749176025,9.815582275390623,1.161083277527272,9.528966825509803,0.5926919208850151,blob,-1.237849235534668,0.042121727019548416
No oil_00142,No oil,0,1.476513507885196,14765,-4.126171112060547,7.610483169555664,12.294699668884276,1.9384827790169128,10.222533921733312,0.5752970972141048,blob,-2.649158477783203,1.5595728158950806
No oil_00142,No oil,0,0.0512004684075326,512,-3.5646514892578125,7.350407600402832,9.710678100585938,2.191126905909357,8.58140918023736,0.8982456140350877,blob,-1.5028085708618164,0.07619152963161469
No oil_00142,No oil,0,0.2188020017103155,2188,-4.123871803283691,6.970382690429688,11.542943000793455,1.6750257688015682,9.973746945328005,0.6459994095069382,blob,-2.6940603256225586,0.3353439271450043
No oil_00142,No oil,0,0.1527013969888719,1527,-3.826114654541016,7.279657363891602,11.18317413330078,2.6482300748401846,10.7171580458344,0.713218122372723,blob,-2.0448179244995117,0.04482950270175934
No oil_00142,No oil,0,0.1213011097233147,1213,-3.688682556152344,7.199300765991211,10.68441390991211,1.71792631104461,13.06948467902378,0.7765685019206146,blob,-2.0897226333618164,0.48949185013771057
No oil_00142,No oil,0,0.076800702611299,768,-5.118125915527344,8.331076622009277,12.982144355773926,1.6296755375824594,11.342771981784496,0.7983367983367984,blob,-3.4707889556884766,0.8907020092010498
No oil_00142,No oil,0,0.0930008508183699,930,-2.146921157836914,6.846948623657227,10.195408821105955,1.253786199965791,8.189189108174272,0.8716026241799437,blob,-1.217513084411621,0.1265001744031906
No oil_00142,No oil,0,0.0625005717865389,625,-5.436206817626953,8.027830123901367,11.10018253326416,4.071434161381352,15.535820516785742,0.8012820512820513,linear,-2.806865692138672,0.5557038187980652
No oil_00142,No oil,0,0.0592005415962096,592,-3.918478012084961,7.697466850280762,10.774842262268066,1.3199938894960483,11.061007971366672,0.9472,blob,-1.8538265228271484,1.811505675315857
No oil_00142,No oil,0,0.0865007913525698,865,-3.4533920288085938,7.328954696655273,10.879538536071776,1.6124880992795054,10.96477930708228,0.7946715663757464,blob,-1.4529304504394531,0.4620121419429779
No oil_00142,No oil,0,0.0836007648216744,836,-5.250616073608398,8.93607234954834,12.6257963180542,1.461681332921705,14.402377402730847,0.8474404460212874,blob,-3.239521026611328,2.3628005981445312
No oil_00142,No oil,0,0.1706015607485366,1706,-2.0572948455810547,6.937665939331055,11.51051425933838,1.4021059796536164,8.677895284493875,0.5814587593728698,blob,-0.37801074981689453,0.02301485277712345
No oil_00142,No oil,0,0.053000484874985,530,-2.4178123474121094,7.16463041305542,11.303235054016112,1.623175922716207,9.91526268786979,0.9413854351687388,blob,-0.9607992172241211,0.0
No oil_00145,No oil,0,0.2476022651895532,2476,-2.8434619903564453,4.7239670753479,9.115652084350586,2.131809009390382,8.735024900871794,0.8450511945392492,blob,-2.2214856147766113,0.09859375655651093
No oil_00145,No oil,0,0.0588005379367759,588,-2.1742429733276367,3.9110169410705566,7.259854316711426,1.9641122086778888,7.692610199939291,0.680161943319838,blob,-2.0852103233337402,4.76837158203125e-07
No oil_00145,No oil,0,0.1745015964280171,1745,-1.8599309921264648,4.208327770233154,7.303905487060547,1.7251686839803189,8.003487721288773,0.5033895860377903,blob,-1.530411720275879,4.76837158203125e-07
No oil_00145,No oil,0,0.0603005516596529,603,-2.653061866760254,4.452951908111572,6.918573379516602,2.5854173653623147,7.243235861822262,0.8620443173695497,blob,-2.603788375854492,4.76837158203125e-07
No oil_00145,No oil,0,0.0863007895228531,863,-2.217050552368164,4.244083404541016,7.094282150268555,1.3038465547732396,7.416320946224873,0.5927197802197802,blob,-1.4641857147216797,4.76837158203125e-07
No oil_00145,No oil,0,0.0603005516596529,603,-2.348142623901367,4.349977016448975,6.598554611206055,2.0103098286242744,7.624720785224662,0.7144549763033176,blob,-2.603788375854492,4.76837158203125e-07
No oil_00145,No oil,0,0.0680006221037545,680,-2.894286155700684,4.462064266204834,7.77016544342041,2.277076589185681,11.003148841431525,0.6896551724137931,blob,-2.6391429901123047,4.76837158203125e-07
No oil_00145,No oil,0,0.0687006285077637,687,-1.8238449096679688,4.200663089752197,6.9467058181762695,2.1942158865431884,7.643560938032671,0.7793533749290982,blob,-0.779965877532959,4.76837158203125e-07
No oil_00145,No oil,0,0.0698006385712068,698,-2.5026798248291016,4.066473960876465,6.835662841796875,2.109250337616968,7.622297784805889,0.6724470134874759,blob,-1.6418848037719727,4.76837158203125e-07
No oil_00145,No oil,0,0.0671006138700283,671,-1.9531612396240237,4.174472332000732,6.8010969161987305,2.1590492191749706,7.553867253581075,0.5112380952380953,blob,-1.7125658988952637,4.76837158203125e-07
No oil_00145,No oil,0,0.0524004793858343,524,-3.768387794494629,5.190948486328125,8.408576011657715,6.464935101288644,13.071731970001622,0.4863109048723898,linear,-3.460686683654785,4.76837158203125e-07
No oil_00145,No oil,0,0.0584005342773421,584,-2.6536083221435547,4.509433746337891,8.990004539489746,1.6966578204460692,11.021806760830218,0.7174447174447175,blob,-1.5922627449035645,4.76837158203125e-07
No oil_00145,No oil,0,0.1000009148584625,1000,-3.235269546508789,4.993217468261719,10.324923515319824,3.461690753234416,11.142275434261173,0.6906077348066298,linear,-2.5507888793945312,4.76837158203125e-07
No oil_00145,No oil,0,0.0949008682006809,949,-2.023889541625977,5.011420249938965,10.62551212310791,1.5642559919009629,11.732647073805849,0.3463503649635036,blob,-1.7458724975585938,4.76837158203125e-07
No oil_00145,No oil,0,0.0769007035261577,769,-3.1789207458496094,5.2394700050354,9.588869094848633,1.9808247896718347,10.88498960023857,0.3881877839475012,blob,-3.129182815551758,4.76837158203125e-07
No oil_00145,No oil,0,0.4716043144725094,4716,-5.829792022705078,7.011597156524658,12.415456771850586,1.819243395192937,11.453947759378416,0.6575113279888463,blob,-3.448960304260254,0.48896920680999756
No oil_00145,No oil,0,0.1722015753862725,1722,-2.8189802169799805,4.588630676269531,8.707324981689453,1.559673285792482,9.220747493613564,0.5479713603818616,blob,-2.1164612770080566,4.76837158203125e-07
No oil_00145,No oil,0,0.0870007959268624,870,-3.294984817504883,4.530668258666992,8.378771781921387,1.121012927129291,7.960919092441532,0.4742436631234669,blob,-2.4083681106567383,4.76837158203125e-07
No oil_00145,No oil,0,0.0552005050018713,552,-2.7827367782592773,4.502546787261963,6.891439437866211,3.0908681788273933,8.863490486723713,0.6075949367088608,linear,-1.9398655891418457,4.76837158203125e-07
No oil_00145,No oil,0,0.0659006028917268,659,-2.58608341217041,4.80092191696167,9.058372497558594,3.629559345121896,11.15676473525332,0.7840571088637716,linear,-1.8790311813354492,4.76837158203125e-07
No oil_00145,No oil,0,0.0549005022572959,549,-2.599959373474121,4.0376811027526855,7.904278755187988,1.1092246697573551,10.847893762706544,0.7950760318609703,blob,-2.203528881072998,4.76837158203125e-07
No oil_00145,No oil,0,0.1005009194327548,1005,-3.785608291625977,5.255236625671387,8.80217456817627,1.1779950288094567,14.244780591659978,0.8150851581508516,blob,-2.5295543670654297,4.76837158203125e-07
No oil_00145,No oil,0,0.0685006266780468,685,-2.801337242126465,4.683452606201172,8.064159393310547,1.7263055935485805,10.423993931725512,0.7645089285714286,blob,-3.2168502807617188,4.76837158203125e-07
No oil_00145,No oil,0,0.2812025725819967,2812,-4.411097526550293,6.336066722869873,11.324402809143066,1.15080468623618,13.377195744068866,0.888607994943909,blob,-2.1373534202575684,4.76837158203125e-07
No oil_00145,No oil,0,0.0582005324476252,582,-2.7158164978027344,4.492066860198975,6.901567459106445,1.6097502393917071,8.898275185895423,0.5666991236611489,blob,-2.264385223388672,4.76837158203125e-07
No oil_00145,No oil,0,0.0616005635528129,616,-2.554427146911621,4.563819408416748,9.664915084838867,1.327048320175651,10.82174053561249,0.7200467562828755,blob,-1.218052864074707,4.76837158203125e-07
No oil_00145,No oil,0,0.0789007218233269,789,-2.54121208190918,4.439218044281006,7.099103927612305,1.5913889974471205,9.85189225283773,0.7917711991971902,blob,-1.0190296173095703,4.76837158203125e-07
No oil_00145,No oil,0,0.0628005745311144,628,-2.9876651763916016,4.427996635437012,8.237058639526367,1.4946396696562196,8.838970489276921,0.5390557939914163,blob,-2.9608278274536133,4.76837158203125e-07
No oil_00145,No oil,0,0.1520013905848631,1520,-2.328939437866211,4.072179317474365,7.867591857910156,1.83226515221986,8.243012101642314,0.4900854425278091,blob,-1.8729190826416016,4.76837158203125e-07
No oil_00145,No oil,0,0.1165010658101088,1165,-2.586791038513184,4.5172271728515625,8.727622985839844,2.0665980069694814,7.922131289310484,0.8215796897038082,blob,-0.676579475402832,4.76837158203125e-07
No oil_00145,No oil,0,0.1465013402676476,1465,-2.8275461196899414,4.6088738441467285,7.897247314453125,2.2102496309860453,9.849056798725274,0.6254002134471718,blob,-0.827789306640625,4.76837158203125e-07
No oil_00145,No oil,0,0.1753016037468848,1753,-2.9680328369140625,4.290513038635254,7.103216171264648,1.296070144980639,7.97492822545002,0.8433966802982921,blob,-1.3998117446899414,4.76837158203125e-07
No oil_00145,No oil,0,0.1840016833395711,1840,-3.0682268142700195,4.753319263458252,10.183466911315918,3.139378377124428,11.347607954360976,0.8610201216658867,linear,-3.232541561126709,4.76837158203125e-07
No oil_00145,No oil,0,0.0909008316063424,909,-2.64052963256836,4.0048346519470215,8.354880332946777,1.5213616041757236,9.124088146850994,0.7272,blob,-1.978764533996582,4.76837158203125e-07
No oil_00145,No oil,0,0.0522004775561174,522,-1.984649658203125,4.193753242492676,9.265586853027344,1.2051640879779868,10.19056779568736,0.7939163498098859,blob,-1.1516647338867188,4.76837158203125e-07
No oil_00145,No oil,0,0.0516004720669666,516,-3.226076126098633,4.810867786407471,7.455013275146484,4.633581020354178,10.208939383668168,0.7818181818181819,linear,-2.430793285369873,4.76837158203125e-07
No oil_00145,No oil,0,0.1623014848152847,1623,-2.340370178222656,4.410818099975586,9.565837860107422,2.854629516279731,10.334962845607787,0.5184475323430762,blob,-1.8139524459838867,4.76837158203125e-07
No oil_00145,No oil,0,0.0628005745311144,628,-2.3181114196777344,4.276902675628662,6.8777055740356445,3.506332556416349,8.664863604507602,0.5587188612099644,linear,-2.9608278274536133,4.76837158203125e-07
No oil_00145,No oil,0,0.0501004583440897,501,-2.851099967956543,4.256686687469482,7.583984375,2.3541348732012906,9.70390031718587,0.7255611875452571,blob,-1.5550508499145508,4.76837158203125e-07
No oil_00145,No oil,0,0.0648005928282837,648,-3.0550994873046875,4.501003742218018,7.092643737792969,2.587775567940961,9.823795134692825,0.5118483412322274,blob,-2.2680821418762207,4.76837158203125e-07
No oil_00145,No oil,0,0.053400488534419,534,-2.5707225799560547,4.432775497436523,7.380733489990234,2.0081773977933857,9.369259838585249,0.7824175824175824,blob,-1.8313312530517578,4.76837158203125e-07
No oil_00145,No oil,0,0.077200706270733,772,-2.598590850830078,4.382688999176025,6.84339714050293,2.2086167395009344,9.573594713616345,0.4153887543718052,blob,-1.5552845001220703,4.76837158203125e-07
No oil_00145,No oil,0,0.0513004693223912,513,-2.2519922256469727,4.353269577026367,8.666534423828125,1.2405836363932048,10.32177138801566,0.4823695345557123,blob,-0.9464178085327148,4.76837158203125e-07
No oil_00145,No oil,0,0.1116010209820442,1116,-2.84492301940918,4.699220180511475,9.209335327148438,1.738640651469737,8.081136741621401,0.71424,blob,-2.594029426574707,4.76837158203125e-07
No oil_00145,No oil,0,0.121301109723315,1213,-2.148162841796875,4.08508825302124,7.172746658325195,2.0180037274551483,8.897010659961566,0.6572744513681928,blob,-1.7030014991760254,4.76837158203125e-07
No oil_00145,No oil,0,0.0882008069051639,882,-2.541911125183105,4.356062412261963,8.375545501708984,1.15989769173699,9.533109301555196,0.5555905511811023,blob,-2.9916000366210938,4.76837158203125e-07
No oil_00147,No oil,0,0.21200193949994,2120,-5.362438201904297,8.889852523803711,13.422141075134276,3.050848077489431,12.621756728157996,0.4064806825807688,linear,-4.006692886352539,1.6670206785202026
No oil_00147,No oil,0,0.641805871561611,6418,-6.290504455566406,9.993156433105469,14.447233200073242,1.823320034663407,13.219618374274823,0.7291524653487844,blob,-3.347505569458008,2.4282662868499756
No oil_00147,No oil,0,0.6082055641691677,6082,-4.394872665405273,8.857908248901367,13.664148330688477,1.7777333681512013,14.481167181291852,0.4421986331249091,blob,-2.48016357421875,1.1897854804992676
No oil_00147,No oil,0,0.1200010978301547,1200,-7.296596527099609,9.769027709960938,13.497225761413574,1.599466424896495,17.55093667777061,0.4246284501061571,blob,-4.356976509094238,0.7397790551185608
No oil_00147,No oil,0,0.072900666931819,729,-6.193462371826172,9.915249824523926,13.268269538879396,1.4125439117422416,14.068209144235444,0.9123904881101376,blob,-3.4488344192504883,1.8885754346847534
No oil_00147,No oil,0,0.2030018571626784,2030,-4.337741851806641,8.376873016357422,12.862757682800291,2.526794644222898,12.016493692424604,0.7631578947368421,blob,-2.05792236328125,1.2475773096084595
No oil_00147,No oil,0,0.0631005772756897,631,-6.026546478271484,9.277252197265623,12.4981107711792,4.01076289671112,13.9942052252291,0.9098774333093006,linear,-2.8592796325683594,1.6042083501815796
No oil_00147,No oil,0,0.3109028442949593,3109,-5.705751419067383,8.678107261657715,13.54573917388916,2.281586712605523,13.367388165079465,0.6035135397457051,blob,-2.984891891479492,0.7077896595001221
No oil_00147,No oil,0,0.0547005004275788,547,-4.339395523071289,9.18691635131836,13.150803565979004,6.277640755903517,10.654183647283228,0.8520249221183801,linear,-2.792043685913086,1.7734569311141968
No oil_00147,No oil,0,0.2005018342912169,2005,-6.1015472412109375,9.49835968017578,14.320649147033691,1.5163550024595265,13.941754484051131,0.78198127925117,blob,-3.1943607330322266,1.084415316581726
No oil_00147,No oil,0,0.1385012670789702,1385,-3.470386505126953,7.869046211242676,11.130534172058104,2.259662489902144,8.370981460325856,0.705193482688391,blob,-1.6054315567016602,1.2849245071411133
No oil_00147,No oil,0,0.0946008654561053,946,-3.4995574951171875,8.134961128234863,11.764886856079102,2.3969134148683766,11.19436660759742,0.7134238310708899,blob,-3.156123161315918,2.6373934745788574
No oil_00147,No oil,0,0.0818007483542221,818,-4.447479248046875,8.470671653747559,11.735711097717283,3.224266650599047,13.88623274863096,0.6541383446621352,linear,-3.0078659057617188,1.4664103984832764
No oil_00147,No oil,0,0.0579005297030496,579,-4.446136474609375,9.129631042480469,12.821035385131836,1.5158649382343197,12.475976049700185,0.5950668036998972,blob,-2.6262807846069336,1.6278647184371948
No oil_00147,No oil,0,0.1054009642608192,1054,-5.629219055175781,8.888134956359863,11.45528507232666,1.4944837148227643,13.187315060798772,0.9348115299334812,blob,-2.7070913314819336,1.6072773933410645
No oil_00147,No oil,0,0.0838007666513914,838,-5.184494018554688,8.04792594909668,11.31564712524414,1.3262846999988716,11.91823194527632,0.6826883910386965,blob,-2.9138364791870117,0.5912192463874817
No oil_00147,No oil,0,0.080700738290779,807,-6.148609161376953,9.703598976135254,13.87366008758545,6.0445747260072,15.274088152927511,0.7919528949950932,linear,-2.33782958984375,0.19923809170722961
No oil_00147,No oil,0,0.0778007117598836,778,-4.750226974487305,9.47120475769043,13.923429489135742,1.863685636619444,13.64885984634255,0.6047415468324913,blob,-2.9821033477783203,0.43936628103256226
No oil_00147,No oil,0,0.1288011783376994,1288,-6.528013229370117,9.900460243225098,14.301735877990724,1.046814919107097,16.612477775050458,0.930635838150289,blob,-3.190789222717285,1.009463906288147
No oil_00147,No oil,0,0.1152010539169485,1152,-3.796712875366211,9.042659759521484,12.812676429748535,2.569783836846468,13.740123647559187,0.809841827768014,blob,-2.8278512954711914,2.43550705909729
No oil_00147,No oil,0,0.0597005461705019,597,-3.982017517089844,8.780099868774414,13.376221656799316,2.2032441082693763,14.75683182084577,0.7556962025316456,blob,-3.53336238861084,2.191802501678467
No oil_00147,No oil,0,0.1399012798869887,1399,-4.804607391357422,9.295905113220217,14.02962875366211,1.4926701121540151,11.122804443599197,0.8643805993203584,blob,-2.240572929382324,1.4697781801223755
No oil_00147,No oil,0,0.198801818738623,1988,-5.553098678588867,8.666171073913574,11.700450897216797,1.1499641008753425,14.166059451402209,0.3509887005649718,blob,-3.7829084396362305,1.7679781913757324
No oil_00147,No oil,0,0.3854035258645136,3854,-4.340003967285156,8.506243705749512,13.761422157287598,1.1931874229663522,11.878662552380195,0.4186627559611102,blob,-3.1396923065185547,1.4126341342926025
No oil_00147,No oil,0,1.9607179376298705,19607,-6.045444488525391,9.442626953125,14.988472938537598,2.3200493512782825,14.504264139583212,0.5129701092288573,blob,-3.6637115478515625,1.4468472003936768
No oil_00147,No oil,0,0.0823007529285144,823,-5.334053039550781,8.161290168762207,12.616292953491213,1.6319801952856987,13.483919449511358,0.6658576051779935,blob,-3.610973358154297,1.010837435722351
No oil_00147,No oil,0,0.0549005022572958,549,-5.837650299072266,8.55123233795166,11.40836238861084,3.442728390234998,12.002860540232373,0.7102199223803364,linear,-3.7449426651000977,1.3141611814498901
No oil_00147,No oil,0,0.1810016558938167,1810,-5.008186340332031,9.013081550598145,13.434274673461914,1.4526643082506208,12.602952578554476,0.5126752584619743,blob,-3.10715389251709,2.260465145111084
No oil_00147,No oil,0,0.5526050555078627,5526,-6.531009674072266,9.359612464904783,14.639077186584473,2.156541344179051,14.008989196541933,0.6989186112692088,blob,-3.6631946563720703,1.0646905899047852
No oil_00147,No oil,0,0.1270011618702471,1270,-5.565132141113281,8.586127281188965,12.99016284942627,2.473085670962851,12.275060087565318,0.464690815953165,blob,-3.277960777282715,0.9748430252075195
No oil_00147,No oil,0,0.0516004720669665,516,-3.111743927001953,8.145002365112305,11.816579818725586,1.926663724311365,11.45379207302642,0.8459016393442623,blob,-1.3600902557373047,0.10744268447160721
No oil_00147,No oil,0,0.2021018489289523,2021,-3.36701774597168,7.989635944366455,11.791177749633787,1.7150117165349812,11.427368392591204,0.467499421697895,blob,-1.8316307067871094,1.8596452474594116
No oil_00147,No oil,0,0.1637014976233027,1637,-4.988616943359375,8.924883842468262,13.207358360290527,2.5186384302119134,15.02368396972487,0.5848517327617007,blob,-2.9392709732055664,2.223604202270508
No oil_00147,No oil,0,1.3112119956241577,13112,-4.054445266723633,8.568611145019531,14.320952415466309,1.4916598418421445,10.965592490031728,0.5527125574337142,blob,-2.724879264831543,2.350764274597168
No oil_00147,No oil,0,0.0605005534893696,605,-5.290645599365234,9.485323905944824,12.19203758239746,2.7239247154832404,16.405082537770532,0.8131720430107527,blob,-2.455775260925293,0.9783658981323242
No oil_00147,No oil,0,0.0950008691155391,950,-4.930948257446289,8.79947566986084,12.4418363571167,3.9699961467099705,15.195445246807388,0.7900207900207901,linear,-2.969003677368164,1.800668716430664
No oil_00147,No oil,0,0.0838007666513914,838,-6.838165283203125,9.300713539123535,13.278732299804688,3.9176664007836193,18.593527519950943,0.4322930100593242,linear,-2.9138364791870117,0.5912192463874817
No oil_00147,No oil,0,0.1438013155664687,1438,-4.536701202392578,8.563026428222656,12.349689483642578,2.4970231524570177,13.52240824879041,0.3708575112830432,blob,-2.9565582275390625,1.437814712524414
No oil_00147,No oil,0,2.00171831272184,20017,-7.084566116333008,10.148760795593262,14.710588455200195,1.7376979007730076,14.15510635310817,0.5913004947935898,blob,-4.4869489669799805,2.7845277786254883
No oil_00147,No oil,0,0.0823007529285144,823,-4.86778450012207,9.470381736755373,13.341724395751951,2.677197026959295,12.734187140748372,0.9164810690423164,blob,-3.610973358154297,1.010837435722351
No oil_00147,No oil,0,0.2052018772895646,2052,-5.706781387329102,9.168758392333984,13.53495979309082,1.5341402064611704,13.761354394811445,0.5890627242715659,blob,-3.984210968017578,1.8947327136993408
No oil_00147,No oil,0,0.2197020099440416,2197,-3.8958797454833984,9.057958602905272,15.331099510192873,1.5504186070599273,13.09515919915883,0.6112115732368897,blob,-2.5947093963623047,1.821122169494629
No oil_00147,No oil,0,0.1208011051490224,1208,-5.779027938842773,9.656472206115724,13.352935791015623,2.144514496114029,14.645067167042306,0.7343465045592705,blob,-4.100522041320801,2.1843738555908203
No oil_00147,No oil,0,0.0863007895228529,863,-4.792520523071289,8.361823081970215,12.247564315795898,1.6737857743804074,13.896001464651835,0.8334138097537421,blob,-3.2318038940429688,0.7487375140190125
No oil_00147,No oil,0,0.1155010566615239,1155,-7.885292053222656,10.311487197875977,14.249685287475586,1.5393984197634982,19.297929385579472,0.5880855397148677,blob,-5.287908554077148,1.4747320413589478
No oil_00147,No oil,0,0.0540004940235696,540,-5.748624801635742,9.328468322753906,13.874229431152344,1.1463535780560712,15.454265765951815,0.7427785419532325,blob,-3.9483213424682617,1.083698034286499
No oil_00147,No oil,0,0.054300496768145,543,-3.696130752563477,7.973870277404785,12.210190773010254,1.7522492219846788,11.516429879168758,0.7973568281938326,blob,-2.6930389404296875,1.811343789100647
No oil_00147,No oil,0,0.1030009423042161,1030,-6.527774810791016,9.505778312683104,13.098794937133787,1.642256965805534,15.273270126291266,0.5741360089186176,blob,-4.471758842468262,1.7902547121047974
No oil_00147,No oil,0,0.0613005608082373,613,-6.949741363525391,9.78367042541504,13.900157928466797,1.2608991645852672,12.609514370882856,0.661987041036717,blob,-4.267173767089844,0.5433107018470764
No oil_00147,No oil,0,0.0733006705912528,733,-7.716911315917969,10.20774269104004,13.526827812194824,2.6705510731538644,20.27270611575997,0.8158041179744018,blob,-4.6854143142700195,0.6606147885322571
No oil_00147,No oil,0,0.1016009294961976,1016,-3.5310592651367188,7.727199554443359,12.510376930236816,1.9426844814298052,10.147170307544553,0.7254551945733666,blob,-2.4728622436523438,2.5892999172210693
No oil_00147,No oil,0,0.29980274274567,2998,-4.050710678100586,8.271138191223145,13.70277976989746,1.1539571926281371,12.505079939788846,0.6199979319615345,blob,-2.0815725326538086,1.1974983215332031
No oil_00147,No oil,0,0.2009018379506507,2009,-4.643037796020508,8.441560745239258,12.50881576538086,1.411616264129559,9.138227826458357,0.8220130932896891,blob,-2.376936912536621,1.5218156576156616
No oil_00147,No oil,0,0.0574005251287573,574,-6.930200576782227,9.46151351928711,12.21421718597412,4.077899472053761,15.677800398246914,0.944078947368421,linear,-4.2730560302734375,1.2581437826156616
No oil_00147,No oil,0,0.0760006952924313,760,-6.212432861328125,9.392729759216309,12.866473197937012,1.2256759256519567,14.33673440282315,0.7835051546391752,blob,-3.2459707260131836,0.9672679901123047
No oil_00147,No oil,0,0.0574005251287573,574,-7.537075042724609,10.613007545471191,13.510393142700195,1.926857226328712,17.90113144017512,0.9828767123287672,blob,-4.2730560302734375,1.2581437826156616
No oil_00147,No oil,0,0.0527004821304096,527,-6.01588249206543,8.65250015258789,11.722797393798828,4.050391753550108,13.213095505419462,0.588498045784478,linear,-3.7711973190307617,0.792502760887146
No oil_00147,No oil,0,0.0963008810086991,963,-5.792654037475586,8.826701164245605,12.95079231262207,3.246239464730917,14.624303726639836,0.4686131386861314,linear,-3.531172752380371,0.8537706732749939
No oil_00147,No oil,0,0.0836007648216744,836,-3.9922924041748047,8.290513038635254,11.609031677246094,2.87668272154516,9.44949507267188,0.7275892080069626,blob,-2.4755020141601562,1.1825164556503296
No oil_00147,No oil,0,0.0744006806546959,744,-3.9152145385742183,7.890480518341064,10.737531661987305,2.228407322414892,8.743564104158091,0.8275862068965517,blob,-2.1759939193725586,0.5965033769607544
No oil_00147,No oil,0,0.4274039101050678,4274,-7.279130935668945,9.981161117553713,14.516845703125,2.947241586600971,17.02622216015842,0.746094090948765,blob,-4.880657196044922,2.813633680343628
No oil_00147,No oil,0,0.0882008069051637,882,-6.38800048828125,8.719993591308594,13.017370223999023,3.097138617382151,13.306529632747267,0.8301176470588235,linear,-4.234988212585449,1.2712111473083496
No oil_00147,No oil,0,0.0698006385712066,698,-5.48149299621582,8.838876724243164,11.922662734985352,1.5923905482996574,10.520381955638234,0.7895927601809954,blob,-3.371185302734375,1.1160633563995361
No oil_00147,No oil,0,0.658906028002408,6589,-4.125631332397461,8.448284149169922,12.554012298583984,2.1163546350218816,9.64730201707071,0.6258845879838518,blob,-3.336764335632324,1.739701747894287
No oil_00147,No oil,0,0.0684006257631882,684,-6.666501998901367,9.41684627532959,13.07676887512207,1.6540702008062982,15.51360398362072,0.5968586387434555,blob,-4.160191535949707,1.0066118240356445
No oil_00147,No oil,0,0.7559069154151165,7559,-4.978359222412109,8.706792831420898,13.763710021972656,1.476995145828806,12.582669864591574,0.3895187055549829,blob,-3.1795883178710938,0.7665680646896362
No oil_00147,No oil,0,0.1543014116266073,1543,-5.635856628417969,8.61493968963623,12.760028839111328,3.698545044556548,15.414312197478496,0.614373880151304,linear,-4.133818626403809,1.2818679809570312
No oil_00147,No oil,0,0.2085019074798939,2085,-4.814542770385742,8.338775634765625,12.67367935180664,1.9726155465198076,12.419447715529271,0.5969081019181219,blob,-2.771965980529785,1.2439155578613281
No oil_00147,No oil,0,0.0732006696763944,732,-5.096712112426758,8.400969505310059,12.785019874572754,3.08981188585404,11.3413644673131,0.6044591246903386,linear,-3.1098899841308594,2.168856143951416
No oil_00147,No oil,0,0.1126010301306285,1126,-3.1286392211914062,8.06941032409668,12.244306564331056,1.2615537210795242,9.06048508331094,0.8132899963885879,blob,-2.963926315307617,1.6051790714263916
No oil_00147,No oil,0,0.0678006202740374,678,-4.8192291259765625,8.51483154296875,11.231685638427734,1.547090124348007,12.742130820664382,0.3734508399889837,blob,-2.870861053466797,0.6122084259986877
No oil_00147,No oil,0,0.1906017437202291,1906,-4.499866485595703,8.250311851501465,11.57969856262207,1.6813279522273423,10.9878981724012,0.6872183162069587,blob,-3.1807212829589844,2.0578691959381104
No oil_00147,No oil,0,0.0565005168950311,565,-5.430919647216797,9.216716766357422,12.12431526184082,1.4360598313276465,13.734393428532115,0.738562091503268,blob,-3.044182777404785,1.2129676342010498
No oil_00147,No oil,0,0.2050018754598477,2050,-5.25071907043457,8.808517456054688,13.348342895507812,1.3492628970855085,10.40054200295435,0.7182901191310441,blob,-2.554703712463379,1.6817618608474731
No oil_00147,No oil,0,0.153801407052315,1538,-4.047872543334961,8.440774917602539,12.911626815795898,1.5556513261890523,13.296207529830491,0.6892224960788708,blob,-2.936992645263672,1.240167260169983
No oil_00147,No oil,0,0.1447013238001949,1447,-5.73423957824707,8.87587833404541,13.018707275390623,2.4952835669710125,13.023041668346668,0.4803319502074689,blob,-3.2506113052368164,1.3123584985733032
No oil_00147,No oil,0,0.055600508661305,556,-4.34337043762207,8.442675590515137,11.755956649780272,2.104540359951716,9.954755397907135,0.5737874097007224,blob,-3.2536544799804688,1.1491411924362183
No oil_00147,No oil,0,0.0839007675662498,839,-5.750894546508789,9.362493515014648,12.387529373168944,1.6455469005980912,15.52433216831919,0.6097383720930233,blob,-2.9136781692504883,1.2947001457214355
No oil_00147,No oil,0,0.0704006440603574,704,-2.796960830688477,7.725639343261719,11.089239120483398,1.7722683495694624,7.773417741022409,0.7549597855227882,blob,-2.1828784942626953,0.9872604012489319
No oil_00147,No oil,0,1.3134120157510438,13134,-4.124723434448242,8.56415843963623,13.811302185058594,2.1010613582997277,11.269711622412895,0.4513324513324513,blob,-3.189457893371582,2.045064687728882
No oil_00147,No oil,0,0.0682006239334712,682,-5.834760665893555,9.10910415649414,12.586087226867676,1.1734531930096144,13.15455862435746,0.659893565553943,blob,-3.3110532760620117,0.7965958714485168
No oil_00147,No oil,0,0.1253011463176532,1253,-5.702577590942383,9.516867637634276,12.99738883972168,1.4739929094665414,11.01130625898242,0.8065658191181204,blob,-3.60015869140625,2.40547251701355
No oil_00147,No oil,0,0.1411012908652903,1411,-4.262250900268555,8.08128547668457,11.97417163848877,1.807653072490792,11.701542335138504,0.5526831179005092,blob,-1.6527719497680664,0.21201884746551514
No oil_00147,No oil,0,0.1511013823511365,1511,-4.38136100769043,8.59780502319336,12.10215187072754,1.1340776835324615,10.665874025476835,0.5191547844013056,blob,-2.062541961669922,0.9734020829200745
No oil_00147,No oil,0,0.0895008187983237,895,-4.94415283203125,8.282925605773926,12.03424072265625,1.214352481706995,10.445864727187429,0.8593374939990398,blob,-3.304553985595703,1.2880202531814575
No oil_00147,No oil,0,0.3395031059444794,3395,-2.842977523803711,7.701539993286133,11.314136505126951,1.768520082629931,9.634713597022452,0.6501963037441348,blob,-2.0280942916870117,1.577812910079956
No oil_00147,No oil,0,0.0754006898032805,754,-5.557548522949219,8.574883460998535,11.548450469970703,3.035182155629652,11.855700770241087,0.5245217391304348,linear,-3.0541505813598633,1.0754313468933105
No oil_00147,No oil,0,0.0506004629183819,506,-4.380647659301758,8.531651496887207,11.41600227355957,1.6895498675820686,9.56786416006934,0.9327188940092166,blob,-2.687061309814453,1.3245925903320312
No oil_00147,No oil,0,0.1210011069787393,1210,-5.050127029418945,9.05043601989746,13.44625473022461,1.7548749118707134,10.542310848335829,0.6510626849609901,blob,-2.8046016693115234,1.7946244478225708
No oil_00147,No oil,0,0.0723006614426682,723,-5.285209655761719,8.77868366241455,11.802278518676758,1.9809306928417745,12.204305492248864,0.7419189327860441,blob,-2.5552988052368164,1.3859511613845825
No oil_00147,No oil,0,0.0559005114058804,559,-6.438291549682617,9.664587020874023,12.396968841552734,1.5932465731276502,14.846728508923835,0.8008595988538681,blob,-4.25557804107666,2.4081995487213135
No oil_00147,No oil,0,0.1087009944511485,1087,-4.764490127563477,7.747967720031738,12.104812622070312,1.3510696763435086,9.2859839148322,0.8358323721645521,blob,-3.118680000305176,1.4553824663162231
No oil_00147,No oil,0,0.1055009651756777,1055,-3.261737823486328,7.858875274658203,11.734659194946287,2.446998844337492,10.11023235645055,0.4708770363758089,blob,-2.6777429580688477,2.5190069675445557
No oil_00147,No oil,0,0.0611005589785204,611,-4.089685440063477,8.347779273986816,11.095685958862305,1.7919370237263748,10.395305148867497,0.937116564417178,blob,-0.9649190902709961,0.0548352412879467
No oil_00147,No oil,0,0.0619005662973881,619,-4.35835075378418,8.226823806762695,11.307403564453123,1.863738022474945,9.175592310619244,0.6193096548274137,blob,-2.023958206176758,0.4659743905067444
No oil_00147,No oil,0,0.5149047106062223,5149,-2.846612930297852,8.027203559875488,13.961198806762695,2.3553073444331103,9.796653330975465,0.6729399464157355,blob,-2.3772964477539062,1.2520791292190552
No oil_00147,No oil,0,0.186901709870466,1869,-4.71452522277832,9.210067749023438,14.05232048034668,1.4991438775418195,11.33036403252616,0.5501103752759382,blob,-2.656892776489258,1.3345104455947876
No oil_00147,No oil,0,0.0710006495495082,710,-3.709901809692383,8.884920120239258,13.106595039367676,1.9549966946061903,10.184723727244975,0.7780821917808219,blob,-2.0260238647460938,0.4122263789176941
No oil_00147,No oil,0,0.2320021224716325,2320,-4.365974426269531,9.259861946105955,14.801156044006348,1.8354170488748895,11.369605700701753,0.5624242424242424,blob,-2.991278648376465,1.3604530096054077
No oil_00147,No oil,0,0.1543014116266073,1543,-2.557912826538086,7.971508026123047,11.102453231811523,1.529179663252052,8.951585921513121,0.7523159434422233,blob,-4.133818626403809,1.2818679809570312
No oil_00147,No oil,0,1.4701134493342545,14701,-4.031276702880859,8.858424186706543,14.841181755065918,1.6594169703224328,10.202742953509492,0.4884621135347964,blob,-2.3221092224121094,0.9165538549423218
No oil_00147,No oil,0,0.0911008334360591,911,-3.289834976196289,8.272078514099121,12.974322319030762,2.4709365111207413,10.5004058592147,0.6755654430849092,blob,-1.4989604949951172,0.25664275884628296
No oil_00147,No oil,0,0.1076009843877054,1076,-2.685016632080078,8.130481719970703,12.856791496276855,1.264339929644155,8.884268276284589,0.7334696659850034,blob,-1.7511253356933594,0.6283287405967712
No oil_00147,No oil,0,1.2095110652131014,12095,-3.896429061889648,8.398580551147461,14.087193489074709,1.1047127218665491,9.972823796699185,0.5786804459116789,blob,-2.309783935546875,1.068762183189392
No oil_00147,No oil,0,0.1145010475129393,1145,-2.285974502563477,7.656308650970459,12.02272605895996,2.270405734432354,8.41958740745915,0.7990230286113049,blob,-1.8731050491333008,2.2902750968933105
No oil_00147,No oil,0,0.165701515920472,1657,-3.412826538085937,8.585101127624512,15.098525047302246,2.4904918481302527,10.319952650736496,0.8589942975635044,blob,-3.0566043853759766,3.3663082122802734
No oil_00148,No oil,0,0.1260011527216624,1260,-3.89935302734375,9.095598220825195,12.413426399230955,2.683490873417849,9.22681131981797,0.7319198373511473,blob,-2.8417434692382812,1.4777624607086182
No oil_00148,No oil,0,0.1915017519539553,1915,-4.101730346679688,9.253396034240724,14.023808479309082,1.318654817821884,8.916194340182852,0.8488475177304965,blob,-2.3546628952026367,1.1326074600219727
No oil_00148,No oil,0,0.0551005040870127,551,-2.773479461669922,8.996475219726562,12.2214994430542,1.2032768080929153,9.97951971632944,0.7642163661581137,blob,-1.5503625869750977,1.0406439304351807
No oil_00148,No oil,0,0.0899008224577576,899,-3.6878509521484375,9.384300231933594,14.833826065063477,2.379683722035225,11.428902432377454,0.6502712477396022,blob,-3.2676544189453125,3.8541715145111084
No oil_00148,No oil,0,0.21460196328626,2146,-4.597414016723633,10.069992065429688,13.670588493347168,1.2730680439042572,10.37076994867935,0.7799382155188079,blob,-2.4168996810913086,1.2769584655761719
No oil_00148,No oil,0,0.2625024015034635,2625,-5.151588439941406,9.699105262756348,14.331613540649414,2.157970980404567,11.848232201213792,0.6628787878787878,blob,-3.2344465255737305,1.488757610321045
No oil_00148,No oil,0,0.070300643145499,703,-4.686040878295898,9.35698413848877,13.011602401733398,1.994086011271101,11.033821051884717,0.5155848918225155,blob,-2.2959327697753906,0.6638052463531494
No oil_00148,No oil,0,0.637705834052414,6377,-4.571161270141602,9.149066925048828,14.05754280090332,2.2102354219419977,10.594579239216683,0.5543771190124316,blob,-2.813727378845215,1.3314177989959717
No oil_00148,No oil,0,5.729452415900739,57294,-5.666049957275391,10.414369583129885,16.405256271362305,1.3251804367998703,10.843297054016832,0.4151062326794544,blob,-2.79647159576416,1.6521600484848022
No oil_00148,No oil,0,0.2238020474532386,2238,-4.453254699707031,9.078913688659668,13.279869079589844,2.0252222420684483,10.5445293312029,0.6376976777318706,blob,-1.730198860168457,1.0755164623260498
No oil_00148,No oil,0,0.0772007062707328,772,-3.30910873413086,8.946059226989746,12.42327880859375,1.5478955817984508,10.39520809995014,0.5526127415891195,blob,-1.102294921875,0.7960264086723328
No oil_00148,No oil,0,0.0560005123207388,560,-4.819643020629883,9.644824981689451,13.718238830566406,1.6855735089985289,10.596111104603729,0.778318276580959,blob,-2.9747581481933594,1.6369805335998535
No oil_00148,No oil,0,0.0508004647480988,508,-6.21124267578125,9.942310333251951,15.225387573242188,1.8646845643113168,14.72527829911316,0.6724023825281271,blob,-3.7142257690429688,0.7340309023857117
No oil_00148,No oil,0,0.0811007419502129,811,-3.2590065002441406,9.39766788482666,12.300212860107422,1.2839121092575148,9.676590247449816,0.9153498871331828,blob,-1.0693025588989258,0.6484816074371338
No oil_00148,No oil,0,0.1075009834728469,1075,-3.457887649536133,9.065897941589355,12.148143768310549,1.9644178155510723,9.578315296111777,0.6633755013884604,blob,-1.552657127380371,1.337770938873291
No oil_00148,No oil,0,0.1697015525148105,1697,-3.7226600646972656,9.71573257446289,13.382120132446287,1.1721808705588137,10.084054511008889,0.7926202709014479,blob,-1.6981019973754883,1.6271189451217651
No oil_00148,No oil,0,0.0605005534893696,605,-3.719623565673828,9.413824081420898,13.069856643676758,2.261974725994557,9.964636830849772,0.9029850746268656,blob,-2.348447799682617,2.1114439964294434
No oil_00148,No oil,0,0.8585078540598988,8585,-4.867181777954102,10.021538734436035,14.271852493286133,1.7002319277636075,10.75793080155855,0.4720274914089347,blob,-2.596576690673828,1.7805593013763428
No oil_00148,No oil,0,0.1459013347784964,1459,-4.662771224975586,9.239752769470217,13.661755561828612,1.4196085578726432,10.917088350548449,0.8450622646973646,blob,-2.4948654174804688,1.7292910814285278
No oil_00148,No oil,0,0.5333048789401794,5333,-4.170560836791992,9.874961853027344,14.054635047912598,2.705980539190066,11.868228138650084,0.5655655124874065,blob,-2.047422409057617,1.4593943357467651
No oil_00148,No oil,0,4.9546453275773725,49546,-4.675336837768555,9.86349391937256,14.491410255432127,1.252304220626111,11.835491979744996,0.4888531496820471,blob,-2.0667896270751953,1.5910956859588623
No oil_00148,No oil,0,0.1240011344244932,1240,-3.903911590576172,9.261987686157228,12.393784523010254,2.2153761172877235,10.395864819282062,0.8182118112834048,blob,-1.5368928909301758,1.4218674898147583
No oil_00148,No oil,0,0.0522004775561173,522,-3.9881343841552734,9.012910842895508,12.069209098815918,1.4882225873978512,9.842850170255346,0.9206349206349206,blob,-1.6671810150146484,1.1419976949691772
No oil_00148,No oil,0,0.6210056812710508,6210,-3.6862850189208975,8.983281135559082,13.737126350402832,1.586929351711709,10.50357220944862,0.5461741424802111,blob,-2.177292823791504,1.6849220991134644
No oil_00148,No oil,0,0.0525004803006927,525,-3.337377548217773,9.322811126708984,12.622167587280272,1.1492280693266703,10.2660200956242,0.9292035398230089,blob,-1.6527862548828125,1.1570433378219604
No oil_00148,No oil,0,0.7017064195618299,7017,-4.154775619506836,9.602312088012695,14.741817474365234,1.8499625531159365,10.207970473558072,0.6133205139410891,blob,-1.5132064819335938,0.5310345888137817
No oil_00148,No oil,0,1.3487123386960809,13487,-3.9751014709472656,9.258505821228027,13.935922622680664,3.309560552633464,10.56841632636033,0.4312872743552436,linear,-1.8226032257080078,1.7195537090301514
No oil_00148,No oil,0,0.1282011728485486,1282,-3.0496978759765625,9.403098106384276,13.547611236572266,1.1117919789384796,8.86533224378984,0.5709196170118014,blob,-1.579568862915039,0.5633945465087891
No oil_00148,No oil,0,0.1026009386447823,1026,-3.3977508544921875,8.985430717468262,12.188182830810549,1.241785301192368,8.85144726419106,0.6537113730487416,blob,-2.0162973403930664,0.7768295407295227
No oil_00148,No oil,0,0.0586005361070589,586,-5.785617828369141,10.491382598876951,13.884566307067873,1.7908430144922962,13.408279541119008,0.9582992641046608,blob,-2.8671464920043945,1.0446163415908813
No oil_00148,No oil,0,0.30760281410463,3076,-3.505891799926758,9.132352828979492,12.97121810913086,1.4617961820763634,11.166627084543569,0.5329637009442952,blob,-1.1588497161865234,1.160874366760254
No oil_00148,No oil,0,0.0618005653825297,618,-3.8969993591308594,8.928532600402832,12.173742294311523,2.453776060477908,8.910255415057904,0.7396768402154399,blob,-1.0543785095214844,0.7592228055000305
No oil_00148,No oil,0,0.6309057718420386,6309,-3.987131118774414,9.502869606018066,13.798345565795898,1.9805081691581692,10.501362750475952,0.6107158414403949,blob,-1.3674421310424805,1.2037354707717896
No oil_00148,No oil,0,9.539687273837869,95396,-5.820072174072266,10.505234718322754,15.915575981140137,2.0808314329208564,11.962621614917616,0.3968863501150353,blob,-2.911971092224121,2.147411584854126
No oil_00148,No oil,0,0.5422049603625826,5422,-4.09657096862793,9.025765419006348,12.65693473815918,1.1397172653239884,10.023378342305287,0.4977965479250826,blob,-2.1376171112060547,1.5590263605117798
No oil_00148,No oil,0,0.151001381436278,1510,-3.6154727935791016,9.001005172729492,12.096908569335938,1.6274032716918536,10.993768027936836,0.6414613423959218,blob,-1.5711889266967773,0.614593505859375
No oil_00148,No oil,0,0.1381012634195364,1381,-5.002037048339844,8.908557891845703,12.784475326538086,1.1635354141035834,9.161623664587166,0.823739934387116,blob,-4.178388595581055,1.3188098669052124
No oil_00148,No oil,0,0.5011045843557546,5011,-4.820898056030273,10.028680801391602,15.134160995483398,2.0208317976700125,13.738052724401223,0.6443358621576444,blob,-2.7232437133789062,1.590136170387268
No oil_00148,No oil,0,0.0756006916329975,756,-5.815238952636719,9.701218605041504,13.702775955200195,1.7832708500845025,11.246262187955312,0.880093131548312,blob,-2.581942558288574,2.29651141166687
No oil_00148,No oil,0,0.529304842345841,5293,-6.04395866394043,10.403176307678224,14.174867630004885,2.711699349224249,14.270444001282687,0.5530247623027896,blob,-2.676997184753418,1.4419442415237427
No oil_00148,No oil,0,0.0508004647480988,508,-6.145179748535156,11.191126823425291,14.654763221740724,4.871319040378157,16.500321274975843,0.8819444444444444,linear,-3.7142257690429688,0.7340309023857117
No oil_00148,No oil,0,0.173501587279432,1735,-3.970205307006836,9.250428199768066,14.086851119995115,1.2707599551284183,11.564774860532182,0.8716402913840744,blob,-1.7350921630859375,0.5544481873512268
No oil_00148,No oil,0,0.173501587279432,1735,-5.121404647827148,9.65797233581543,14.246648788452148,1.6930435233463212,11.058339938656822,0.5837819650067295,blob,-1.7350921630859375,0.5544481873512268
No oil_00148,No oil,0,0.0699006394860651,699,-6.587667465209961,9.862833023071287,12.904546737670898,2.477917455554602,10.614218928431002,0.9490835030549898,blob,-3.112180709838867,2.2807044982910156
No oil_00148,No oil,0,0.1807016531492413,1807,-3.9696998596191406,9.49472713470459,13.222942352294922,1.8857653030190895,11.977935270486867,0.6835634575373558,blob,-1.290104866027832,0.626250147819519
No oil_00148,No oil,0,0.050200459258948,502,-4.274005889892578,9.403239250183104,12.539301872253418,1.5480017629131744,10.659965643344774,0.8610634648370498,blob,-0.3574819564819336,0.46025165915489197
No oil_00148,No oil,0,0.1466013411825057,1466,-2.728313446044922,9.638578414916992,12.998946189880373,1.4988834385648846,9.262116572161696,0.7439736107586907,blob,-1.9098291397094727,1.579578161239624
No oil_00148,No oil,0,5.696452113997446,56964,-4.146966934204102,9.098573684692385,12.426298141479492,1.5376263422893444,9.810051312428236,0.6154876770645374,blob,-1.9439725875854492,2.397892475128174
No oil_00148,No oil,0,0.1646015058570289,1646,-5.042257308959961,9.542141914367676,13.8214111328125,2.165947337536839,13.054584474078975,0.845620344207552,blob,-2.337430000305176,1.2782150506973267
No oil_00148,No oil,0,0.0762006971221482,762,-4.107322692871094,8.897948265075684,12.422689437866213,1.5920477331117169,10.106554388200978,0.813667912439936,blob,-2.3244800567626953,2.4723522663116455
No oil_00148,No oil,0,0.3043027839143007,3043,-5.434589385986328,9.631454467773438,14.248806953430176,1.7088153737892635,11.72734712764862,0.6375445212654515,blob,-2.8055171966552734,0.44589731097221375
No oil_00148,No oil,0,0.1229011243610501,1229,-4.211362838745117,9.72812843322754,12.893695831298828,1.2330320077387495,10.152768262008564,0.6865921787709497,blob,-2.833934783935547,2.4550881385803223
No oil_00148,No oil,0,0.1765016147251859,1765,-5.189489364624023,9.450067520141602,13.691518783569336,2.231836847981971,11.987269992570194,0.5889222555889223,blob,-2.869874954223633,1.1960952281951904
No oil_00148,No oil,0,0.062100568127105,621,-4.449926376342773,9.40985870361328,12.680919647216797,1.6606374361616565,10.375120718035708,0.675734494015234,blob,-2.6057777404785156,2.1630733013153076
No oil_00148,No oil,0,0.0962008800938407,962,-3.003974914550781,9.44965934753418,12.66943645477295,2.2445325251481285,9.3885734025914,0.7758064516129032,blob,-2.261686325073242,2.102724075317383
No oil_00148,No oil,0,0.4744043400885451,4744,-4.437370300292969,9.521063804626465,14.05918312072754,2.291448728359912,10.213390908233553,0.7450333725952101,blob,-1.6120281219482422,1.0020687580108643
No oil_00148,No oil,0,0.0505004620035234,505,-4.73106575012207,9.816643714904783,13.086091995239258,1.0688166162349173,13.707166499633251,0.8647260273972602,blob,-2.3416852951049805,1.4584158658981323
No oil_00148,No oil,0,0.1653015122610381,1653,-3.428804397583008,9.372063636779783,12.972770690917969,1.602863316671795,11.186196399752438,0.7503404448479346,blob,-2.1400909423828125,1.832600712776184
No oil_00148,No oil,0,0.9179083974858254,9179,-4.089563369750977,9.415213584899902,13.585535049438477,3.6941030815887625,10.126384831081277,0.6572390090219103,linear,-2.285294532775879,1.6546964645385742
No oil_00148,No oil,0,0.0506004629183819,506,-5.986673355102539,9.505426406860352,12.894128799438477,1.981198434187012,10.427479241106472,0.8830715532286213,blob,-3.51578426361084,1.1481332778930664
No oil_00149,No oil,0,0.1702015570891032,1702,-0.5347766876220703,1.8677376508712769,3.4587173461914062,1.4390870011708663,5.108888959110341,0.3859848055335072,blob,0.24273681640625,1.283891201019287
No oil_00149,No oil,0,0.066600609295736,666,-0.9576988220214844,2.0105926990509038,3.2057113647460938,1.3331908815485531,5.050727880981255,0.6406926406926406,blob,0.24346160888671875,1.4729721546173096
No oil_00149,No oil,0,0.1795016421709402,1795,-0.7161674499511719,1.9509549140930176,4.639986038208008,1.2426358194679652,5.000562234489854,0.3825660699062234,blob,0.11107444763183594,1.5309823751449585
No oil_00149,No oil,0,0.174701598257734,1747,-0.5328159332275391,1.8948640823364256,3.3810253143310547,1.769143704341239,4.488953166813737,0.5197857780422493,blob,-0.24981689453125,1.9668521881103516
No oil_00149,No oil,0,0.0541004949384282,541,-0.5889549255371094,2.0190963745117188,3.5238399505615234,1.6085592230199148,4.737367895243587,0.4714596949891068,blob,-0.2503852844238281,1.61263108253479
No oil_00149,No oil,0,0.5722052348201228,5722,-0.592437744140625,1.9566876888275144,3.892547607421875,2.455580565955981,4.159298749023285,0.601018854051783,blob,0.20880889892578125,1.689631700515747
