{
 "type": "FeatureCollection",
 "ship_detections": [
  {
   "lon": 80.43441,
   "lat": 13.2352,
   "px_area": 320,
   "peak_db": 22.21
  },
  {
   "lon": 80.41819,
   "lat": 13.25748,
   "px_area": 266,
   "peak_db": 19.78
  },
  {
   "lon": 80.3152,
   "lat": 13.11276,
   "px_area": 262,
   "peak_db": 18.62
  },
  {
   "lon": 80.41432,
   "lat": 13.23752,
   "px_area": 184,
   "peak_db": 18.12
  },
  {
   "lon": 80.35032,
   "lat": 13.26707,
   "px_area": 1069,
   "peak_db": 17.42
  },
  {
   "lon": 80.41083,
   "lat": 13.27233,
   "px_area": 214,
   "peak_db": 15.95
  },
  {
   "lon": 80.43728,
   "lat": 13.29191,
   "px_area": 245,
   "peak_db": 13.3
  },
  {
   "lon": 80.40241,
   "lat": 13.25597,
   "px_area": 200,
   "peak_db": 12.87
  },
  {
   "lon": 80.30389,
   "lat": 13.10021,
   "px_area": 60,
   "peak_db": 10.27
  },
  {
   "lon": 80.33365,
   "lat": 13.24163,
   "px_area": 26,
   "peak_db": 7.2
  },
  {
   "lon": 80.30461,
   "lat": 13.10107,
   "px_area": 25,
   "peak_db": 5.13
  },
  {
   "lon": 80.3106,
   "lat": 13.13952,
   "px_area": 42,
   "peak_db": 3.73
  },
  {
   "lon": 80.30939,
   "lat": 13.10618,
   "px_area": 42,
   "peak_db": 3.45
  },
  {
   "lon": 80.3488,
   "lat": 13.27456,
   "px_area": 83,
   "peak_db": 3.31
  },
  {
   "lon": 80.35337,
   "lat": 13.29621,
   "px_area": 22,
   "peak_db": 0.35
  },
  {
   "lon": 80.35099,
   "lat": 13.29963,
   "px_area": 12,
   "peak_db": -0.02
  },
  {
   "lon": 80.34952,
   "lat": 13.27313,
   "px_area": 24,
   "peak_db": -0.26
  },
  {
   "lon": 80.35219,
   "lat": 13.25978,
   "px_area": 15,
   "peak_db": -0.42
  },
  {
   "lon": 80.35629,
   "lat": 13.29955,
   "px_area": 13,
   "peak_db": -0.49
  },
  {
   "lon": 80.29744,
   "lat": 13.2194,
   "px_area": 16,
   "peak_db": -1.0
  },
  {
   "lon": 80.30295,
   "lat": 13.216,
   "px_area": 9,
   "peak_db": -1.18
  },
  {
   "lon": 80.29845,
   "lat": 13.21485,
   "px_area": 20,
   "peak_db": -1.31
  },
  {
   "lon": 80.30617,
   "lat": 13.10092,
   "px_area": 230,
   "peak_db": -1.56
  },
  {
   "lon": 80.3539,
   "lat": 13.29682,
   "px_area": 9,
   "peak_db": -1.69
  },
  {
   "lon": 80.30287,
   "lat": 13.131,
   "px_area": 66,
   "peak_db": -1.72
  },
  {
   "lon": 80.35286,
   "lat": 13.25516,
   "px_area": 23,
   "peak_db": -1.82
  },
  {
   "lon": 80.30996,
   "lat": 13.10729,
   "px_area": 22,
   "peak_db": -2.09
  },
  {
   "lon": 80.29711,
   "lat": 13.21708,
   "px_area": 38,
   "peak_db": -2.13
  },
  {
   "lon": 80.31424,
   "lat": 13.16336,
   "px_area": 38,
   "peak_db": -2.38
  },
  {
   "lon": 80.30292,
   "lat": 13.12789,
   "px_area": 8,
   "peak_db": -2.39
  },
  {
   "lon": 80.35007,
   "lat": 13.27338,
   "px_area": 46,
   "peak_db": -2.45
  },
  {
   "lon": 80.3106,
   "lat": 13.22071,
   "px_area": 124,
   "peak_db": -2.71
  },
  {
   "lon": 80.30086,
   "lat": 13.21085,
   "px_area": 52,
   "peak_db": -2.72
  },
  {
   "lon": 80.3525,
   "lat": 13.25769,
   "px_area": 32,
   "peak_db": -2.74
  },
  {
   "lon": 80.35272,
   "lat": 13.25434,
   "px_area": 8,
   "peak_db": -2.78
  },
  {
   "lon": 80.30213,
   "lat": 13.1256,
   "px_area": 7,
   "peak_db": -3.45
  },
  {
   "lon": 80.29771,
   "lat": 13.21503,
   "px_area": 23,
   "peak_db": -3.52
  },
  {
   "lon": 80.2976,
   "lat": 13.21615,
   "px_area": 40,
   "peak_db": -3.73
  },
  {
   "lon": 80.35349,
   "lat": 13.29525,
   "px_area": 4,
   "peak_db": -3.75
  },
  {
   "lon": 80.29463,
   "lat": 13.21796,
   "px_area": 22,
   "peak_db": -3.9
  },
  {
   "lon": 80.35529,
   "lat": 13.29839,
   "px_area": 16,
   "peak_db": -4.01
  },
  {
   "lon": 80.30554,
   "lat": 13.22304,
   "px_area": 33,
   "peak_db": -4.03
  },
  {
   "lon": 80.30288,
   "lat": 13.12671,
   "px_area": 25,
   "peak_db": -4.1
  },
  {
   "lon": 80.35084,
   "lat": 13.26837,
   "px_area": 15,
   "peak_db": -4.16
  },
  {
   "lon": 80.3521,
   "lat": 13.26057,
   "px_area": 8,
   "peak_db": -4.18
  },
  {
   "lon": 80.29502,
   "lat": 13.21755,
   "px_area": 27,
   "peak_db": -4.26
  },
  {
   "lon": 80.30549,
   "lat": 13.22079,
   "px_area": 38,
   "peak_db": -4.28
  },
  {
   "lon": 80.35269,
   "lat": 13.25639,
   "px_area": 16,
   "peak_db": -4.48
  },
  {
   "lon": 80.29423,
   "lat": 13.21722,
   "px_area": 26,
   "peak_db": -4.61
  },
  {
   "lon": 80.34932,
   "lat": 13.27517,
   "px_area": 7,
   "peak_db": -4.69
  },
  {
   "lon": 80.35569,
   "lat": 13.29884,
   "px_area": 6,
   "peak_db": -4.77
  },
  {
   "lon": 80.29601,
   "lat": 13.21773,
   "px_area": 11,
   "peak_db": -4.8
  },
  {
   "lon": 80.30503,
   "lat": 13.22158,
   "px_area": 6,
   "peak_db": -4.88
  },
  {
   "lon": 80.30581,
   "lat": 13.12874,
   "px_area": 7,
   "peak_db": -4.9
  },
  {
   "lon": 80.29836,
   "lat": 13.21634,
   "px_area": 14,
   "peak_db": -4.92
  },
  {
   "lon": 80.35435,
   "lat": 13.29731,
   "px_area": 10,
   "peak_db": -4.95
  },
  {
   "lon": 80.35063,
   "lat": 13.26994,
   "px_area": 5,
   "peak_db": -5.16
  },
  {
   "lon": 80.29959,
   "lat": 13.21889,
   "px_area": 4,
   "peak_db": -5.21
  },
  {
   "lon": 80.34623,
   "lat": 13.25835,
   "px_area": 5,
   "peak_db": -5.29
  },
  {
   "lon": 80.29779,
   "lat": 13.21992,
   "px_area": 7,
   "peak_db": -5.35
  },
  {
   "lon": 80.29555,
   "lat": 13.21916,
   "px_area": 4,
   "peak_db": -5.4
  },
  {
   "lon": 80.30551,
   "lat": 13.22201,
   "px_area": 5,
   "peak_db": -5.42
  },
  {
   "lon": 80.35072,
   "lat": 13.26922,
   "px_area": 6,
   "peak_db": -5.52
  },
  {
   "lon": 80.29897,
   "lat": 13.21568,
   "px_area": 5,
   "peak_db": -5.54
  },
  {
   "lon": 80.3512,
   "lat": 13.26601,
   "px_area": 8,
   "peak_db": -5.58
  },
  {
   "lon": 80.31136,
   "lat": 13.14002,
   "px_area": 4,
   "peak_db": -5.8
  },
  {
   "lon": 80.29989,
   "lat": 13.21327,
   "px_area": 10,
   "peak_db": -5.94
  },
  {
   "lon": 80.29849,
   "lat": 13.21412,
   "px_area": 5,
   "peak_db": -6.01
  },
  {
   "lon": 80.30787,
   "lat": 13.10325,
   "px_area": 6,
   "peak_db": -6.12
  },
  {
   "lon": 80.2962,
   "lat": 13.21905,
   "px_area": 4,
   "peak_db": -6.19
  },
  {
   "lon": 80.30061,
   "lat": 13.21227,
   "px_area": 7,
   "peak_db": -6.25
  },
  {
   "lon": 80.30868,
   "lat": 13.2224,
   "px_area": 12,
   "peak_db": -6.39
  }
 ],
 "features": [
  {
   "type": "Feature",
   "geometry": {
    "type": "Polygon",
    "coordinates": [
     [
      [
       80.41615,
       13.25675
      ],
      [
       80.41525,
       13.25505
      ],
      [
       80.41462,
       13.25505
      ],
      [
       80.41435,
       13.25532
      ],
      [
       80.41444,
       13.25594
      ],
      [
       80.414,
       13.25585
      ],
      [
       80.41426,
       13.25505
      ],
      [
       80.41382,
       13.25451
      ],
      [
       80.41435,
       13.25424
      ],
      [
       80.41543,
       13.25478
      ],
      [
       80.41597,
       13.25442
      ],
      [
       80.41588,
       13.25298
      ],
      [
       80.41516,
       13.25271
      ],
      [
       80.41489,
       13.25217
      ],
      [
       80.41534,
       13.25235
      ],
      [
       80.41588,
       13.25199
      ],
      [
       80.41606,
       13.25055
      ],
      [
       80.41651,
       13.251
      ],
      [
       80.41642,
       13.25154
      ],
      [
       80.41696,
       13.2519
      ],
      [
       80.4166,
       13.25406
      ],
      [
       80.41705,
       13.25478
      ],
      [
       80.41687,
       13.25648
      ],
      [
       80.41615,
       13.25675
      ]
     ]
    ]
   },
   "properties": {
    "id": "det-01",
    "classification": "lookalike",
    "confidence": 0.473,
    "area_km2": 0.096,
    "elongation": 1.87,
    "edge_gradient": 18.9238,
    "contrast_db": -2.67,
    "shape_class": "blob",
    "discharge_class": "acute",
    "centroid": [
     80.41596,
     13.2541
    ],
    "vh_contrast_db": -0.264,
    "vh_mean_depth_db": 6.148,
    "solidity": 0.569,
    "mean_depth_db": 5.72
   }
  },
  {
   "type": "Feature",
   "geometry": {
    "type": "Polygon",
    "coordinates": [
     [
      [
       80.41453,
       13.26268
      ],
      [
       80.41382,
       13.26277
      ],
      [
       80.4131,
       13.26205
      ],
      [
       80.41364,
       13.26169
      ],
      [
       80.41355,
       13.2608
      ],
      [
       80.41229,
       13.2599
      ],
      [
       80.4113,
       13.2608
      ],
      [
       80.41121,
       13.26187
      ],
      [
       80.41157,
       13.26241
      ],
      [
       80.41076,
       13.26286
      ],
      [
       80.40941,
       13.26277
      ],
      [
       80.4104,
       13.26241
      ],
      [
       80.4104,
       13.26133
      ],
      [
       80.40986,
       13.26098
      ],
      [
       80.40914,
       13.26142
      ],
      [
       80.40887,
       13.26124
      ],
      [
       80.40896,
       13.26008
      ],
      [
       80.40852,
       13.25936
      ],
      [
       80.40852,
       13.25873
      ],
      [
       80.40914,
       13.259
      ],
      [
       80.41004,
       13.25864
      ],
      [
       80.4104,
       13.25819
      ],
      [
       80.4113,
       13.25846
      ],
      [
       80.41175,
       13.25783
      ],
      [
       80.41175,
       13.25675
      ],
      [
       80.4113,
       13.25603
      ],
      [
       80.41049,
       13.25621
      ],
      [
       80.40986,
       13.25594
      ],
      [
       80.40941,
       13.25532
      ],
      [
       80.41112,
       13.25514
      ],
      [
       80.41148,
       13.25442
      ],
      [
       80.41148,
       13.25397
      ],
      [
       80.41112,
       13.25361
      ],
      [
       80.40968,
       13.25352
      ],
      [
       80.40905,
       13.25433
      ],
      [
       80.40905,
       13.25487
      ],
      [
       80.40843,
       13.25469
      ],
      [
       80.40852,
       13.2537
      ],
      [
       80.41004,
       13.25271
      ],
      [
       80.41085,
       13.25181
      ],
      [
       80.41067,
       13.25091
      ],
      [
       80.41013,
       13.25055
      ],
      [
       80.40923,
       13.25091
      ],
      [
       80.40896,
       13.2519
      ],
      [
       80.40798,
       13.25145
      ],
      [
       80.40852,
       13.251
      ],
      [
       80.40807,
       13.2502
      ],
      [
       80.40878,
       13.25011
      ],
      [
       80.40905,
       13.24957
      ],
      [
       80.40986,
       13.25029
      ],
      [
       80.41094,
       13.25046
      ],
      [
       80.41094,
       13.25163
      ],
      [
       80.41166,
       13.25262
      ],
      [
       80.41094,
       13.25226
      ],
      [
       80.41031,
       13.25271
      ],
      [
       80.41031,
       13.25307
      ],
      [
       80.41175,
       13.25388
      ],
      [
       80.41175,
       13.25451
      ],
      [
       80.41256,
       13.25523
      ],
      [
       80.41247,
       13.25576
      ],
      [
       80.41283,
       13.25621
      ],
      [
       80.41229,
       13.25675
      ],
      [
       80.41229,
       13.25711
      ],
      [
       80.4131,
       13.25765
      ],
      [
       80.41202,
       13.25783
      ],
      [
       80.41157,
       13.25828
      ],
      [
       80.41157,
       13.25909
      ],
      [
       80.41283,
       13.25999
      ],
      [
       80.41364,
       13.25972
      ],
      [
       80.41337,
       13.25999
      ],
      [
       80.41337,
       13.26062
      ],
      [
       80.41417,
       13.26106
      ],
      [
       80.41364,
       13.26151
      ],
      [
       80.41364,
       13.26187
      ],
      [
       80.41417,
       13.26223
      ],
      [
       80.41489,
       13.26178
      ],
      [
       80.41453,
       13.26268
      ]
     ]
    ]
   },
   "properties": {
    "id": "det-02",
    "classification": "lookalike",
    "confidence": 0.469,
    "area_km2": 0.253,
    "elongation": 2.75,
    "edge_gradient": 18.7244,
    "contrast_db": -2.63,
    "shape_class": "blob",
    "discharge_class": "acute",
    "centroid": [
     80.4108,
     13.2569
    ],
    "vh_contrast_db": 0.463,
    "vh_mean_depth_db": 4.93,
    "solidity": 0.353,
    "mean_depth_db": 5.05
   }
  },
  {
   "type": "Feature",
   "geometry": {
    "type": "Polygon",
    "coordinates": [
     [
      [
       80.38489,
       13.25172
      ],
      [
       80.38471,
       13.25082
      ],
      [
       80.38516,
       13.25091
      ],
      [
       80.38579,
       13.25046
      ],
      [
       80.38534,
       13.24966
      ],
      [
       80.38624,
       13.24966
      ],
      [
       80.38696,
       13.24912
      ],
      [
       80.38705,
       13.24867
      ],
      [
       80.38785,
       13.24831
      ],
      [
       80.38848,
       13.24894
      ],
      [
       80.38803,
       13.24894
      ],
      [
       80.38776,
       13.24957
      ],
      [
       80.38839,
       13.25002
      ],
      [
       80.38911,
       13.24939
      ],
      [
       80.38956,
       13.24939
      ],
      [
       80.38884,
       13.25038
      ],
      [
       80.38821,
       13.25011
      ],
      [
       80.38758,
       13.25055
      ],
      [
       80.38758,
       13.25091
      ],
      [
       80.38857,
       13.25181
      ],
      [
       80.38848,
       13.25271
      ],
      [
       80.38839,
       13.25172
      ],
      [
       80.38776,
       13.25109
      ],
      [
       80.38669,
       13.25118
      ],
      [
       80.3866,
       13.25091
      ],
      [
       80.38705,
       13.25091
      ],
      [
       80.38741,
       13.25055
      ],
      [
       80.38741,
       13.2502
      ],
      [
       80.38687,
       13.24984
      ],
      [
       80.38624,
       13.2502
      ],
      [
       80.38633,
       13.25073
      ],
      [
       80.38534,
       13.25109
      ],
      [
       80.38489,
       13.25172
      ]
     ]
    ]
   },
   "properties": {
    "id": "det-03",
    "classification": "lookalike",
    "confidence": 0.467,
    "area_km2": 0.063,
    "elongation": 1.09,
    "edge_gradient": 17.4549,
    "contrast_db": -2.61,
    "shape_class": "blob",
    "discharge_class": "acute",
    "centroid": [
     80.38722,
     13.25004
    ],
    "vh_contrast_db": -1.704,
    "vh_mean_depth_db": 6.695,
    "solidity": 0.374,
    "mean_depth_db": 5.1
   }
  },
  {
   "type": "Feature",
   "geometry": {
    "type": "Polygon",
    "coordinates": [
     [
      [
       80.41678,
       13.22756
      ],
      [
       80.41615,
       13.22711
      ],
      [
       80.41561,
       13.2272
      ],
      [
       80.41588,
       13.22316
      ],
      [
       80.41525,
       13.2228
      ],
      [
       80.41453,
       13.22334
      ],
      [
       80.41346,
       13.22325
      ],
      [
       80.41516,
       13.22244
      ],
      [
       80.41516,
       13.22091
      ],
      [
       80.41606,
       13.22091
      ],
      [
       80.41678,
       13.22145
      ],
      [
       80.41741,
       13.221
      ],
      [
       80.41732,
       13.21902
      ],
      [
       80.41741,
       13.22001
      ],
      [
       80.41795,
       13.22037
      ],
      [
       80.41804,
       13.22136
      ],
      [
       80.41642,
       13.22208
      ],
      [
       80.41642,
       13.22262
      ],
      [
       80.41678,
       13.22298
      ],
      [
       80.41759,
       13.22298
      ],
      [
       80.41732,
       13.22352
      ],
      [
       80.4166,
       13.22352
      ],
      [
       80.41606,
       13.22387
      ],
      [
       80.41606,
       13.22657
      ],
      [
       80.41678,
       13.22756
      ]
     ]
    ]
   },
   "properties": {
    "id": "det-04",
    "classification": "lookalike",
    "confidence": 0.465,
    "area_km2": 0.098,
    "elongation": 2.08,
    "edge_gradient": 16.4603,
    "contrast_db": -2.57,
    "shape_class": "blob",
    "discharge_class": "acute",
    "centroid": [
     80.41614,
     13.22278
    ],
    "vh_contrast_db": 0.231,
    "vh_mean_depth_db": 5.633,
    "solidity": 0.359,
    "mean_depth_db": 5.309
   }
  },
  {
   "type": "Feature",
   "geometry": {
    "type": "Polygon",
    "coordinates": [
     [
      [
       80.44822,
       13.2846
      ],
      [
       80.44777,
       13.28352
      ],
      [
       80.44822,
       13.28253
      ],
      [
       80.44741,
       13.28191
      ],
      [
       80.44768,
       13.28155
      ],
      [
       80.44759,
       13.28065
      ],
      [
       80.4484,
       13.28083
      ],
      [
       80.44921,
       13.28002
      ],
      [
       80.44912,
       13.27939
      ],
      [
       80.44966,
       13.27894
      ],
      [
       80.45002,
       13.27912
      ],
      [
       80.45002,
       13.27984
      ],
      [
       80.44939,
       13.27993
      ],
      [
       80.44894,
       13.28065
      ],
      [
       80.44912,
       13.28182
      ],
      [
       80.4484,
       13.28325
      ],
      [
       80.44858,
       13.28406
      ],
      [
       80.44822,
       13.2846
      ]
     ]
    ]
   },
   "properties": {
    "id": "det-05",
    "classification": "lookalike",
    "confidence": 0.456,
    "area_km2": 0.057,
    "elongation": 2.4,
    "edge_gradient": 18.2688,
    "contrast_db": -2.47,
    "shape_class": "blob",
    "discharge_class": "acute",
    "centroid": [
     80.44856,
     13.28166
    ],
    "vh_contrast_db": -1.06,
    "vh_mean_depth_db": 7.197,
    "solidity": 0.597,
    "mean_depth_db": 4.793
   }
  },
  {
   "type": "Feature",
   "geometry": {
    "type": "Polygon",
    "coordinates": [
     [
      [
       80.37124,
       13.19657
      ],
      [
       80.37106,
       13.19675
      ],
      [
       80.36998,
       13.19639
      ],
      [
       80.36935,
       13.19666
      ],
      [
       80.36935,
       13.19639
      ],
      [
       80.36863,
       13.19594
      ],
      [
       80.36845,
       13.19522
      ],
      [
       80.36755,
       13.19486
      ],
      [
       80.36701,
       13.19522
      ],
      [
       80.36701,
       13.19558
      ],
      [
       80.36764,
       13.19603
      ],
      [
       80.36764,
       13.19639
      ],
      [
       80.36665,
       13.19666
      ],
      [
       80.36674,
       13.19576
      ],
      [
       80.36603,
       13.1954
      ],
      [
       80.3662,
       13.19495
      ],
      [
       80.36692,
       13.19513
      ],
      [
       80.36746,
       13.19477
      ],
      [
       80.368,
       13.19351
      ],
      [
       80.36791,
       13.1927
      ],
      [
       80.36737,
       13.19234
      ],
      [
       80.36665,
       13.19288
      ],
      [
       80.36567,
       13.19189
      ],
      [
       80.3671,
       13.19136
      ],
      [
       80.3671,
       13.19207
      ],
      [
       80.36791,
       13.19234
      ],
      [
       80.36818,
       13.19288
      ],
      [
       80.36827,
       13.19387
      ],
      [
       80.36782,
       13.19468
      ],
      [
       80.36845,
       13.19504
      ],
      [
       80.36917,
       13.1945
      ],
      [
       80.36926,
       13.19504
      ],
      [
       80.36881,
       13.1954
      ],
      [
       80.36881,
       13.19585
      ],
      [
       80.3698,
       13.19639
      ],
      [
       80.37061,
       13.19612
      ],
      [
       80.37097,
       13.19567
      ],
      [
       80.37124,
       13.19657
      ]
     ]
    ]
   },
   "properties": {
    "id": "det-06",
    "classification": "lookalike",
    "confidence": 0.45,
    "area_km2": 0.07,
    "elongation": 1.74,
    "edge_gradient": 19.7295,
    "contrast_db": -2.4,
    "shape_class": "blob",
    "discharge_class": "acute",
    "centroid": [
     80.36788,
     13.19445
    ],
    "vh_contrast_db": 0.746,
    "vh_mean_depth_db": 3.497,
    "solidity": 0.312,
    "mean_depth_db": 5.139
   }
  },
  {
   "type": "Feature",
   "geometry": {
    "type": "Polygon",
    "coordinates": [
     [
      [
       80.37923,
       13.24687
      ],
      [
       80.37887,
       13.24642
      ],
      [
       80.37833,
       13.24642
      ],
      [
       80.37797,
       13.24705
      ],
      [
       80.37689,
       13.24768
      ],
      [
       80.37725,
       13.24624
      ],
      [
       80.37663,
       13.24588
      ],
      [
       80.37663,
       13.24561
      ],
      [
       80.37707,
       13.24525
      ],
      [
       80.37716,
       13.244
      ],
      [
       80.37663,
       13.24328
      ],
      [
       80.37564,
       13.24283
      ],
      [
       80.37546,
       13.24202
      ],
      [
       80.37573,
       13.2413
      ],
      [
       80.376,
       13.24148
      ],
      [
       80.37609,
       13.24283
      ],
      [
       80.37725,
       13.24346
      ],
      [
       80.3777,
       13.24436
      ],
      [
       80.37716,
       13.24579
      ],
      [
       80.3777,
       13.24615
      ],
      [
       80.37833,
       13.24588
      ],
      [
       80.37923,
       13.2466
      ],
      [
       80.37923,
       13.24687
      ]
     ]
    ]
   },
   "properties": {
    "id": "det-07",
    "classification": "lookalike",
    "confidence": 0.45,
    "area_km2": 0.053,
    "elongation": 3.14,
    "edge_gradient": 20.3768,
    "contrast_db": -3.0,
    "shape_class": "linear",
    "discharge_class": "unknown",
    "centroid": [
     80.37711,
     13.2449
    ],
    "vh_contrast_db": -0.424,
    "vh_mean_depth_db": 4.898,
    "solidity": 0.41,
    "mean_depth_db": 4.936
   }
  },
  {
   "type": "Feature",
   "geometry": {
    "type": "Polygon",
    "coordinates": [
     [
      [
       80.40178,
       13.22181
      ],
      [
       80.40115,
       13.22118
      ],
      [
       80.40124,
       13.22064
      ],
      [
       80.40097,
       13.22037
      ],
      [
       80.40016,
       13.22064
      ],
      [
       80.40025,
       13.22127
      ],
      [
       80.39953,
       13.221
      ],
      [
       80.39989,
       13.22001
      ],
      [
       80.39917,
       13.21965
      ],
      [
       80.39863,
       13.21902
      ],
      [
       80.39863,
       13.21839
      ],
      [
       80.39702,
       13.21678
      ],
      [
       80.39801,
       13.21696
      ],
      [
       80.39854,
       13.2166
      ],
      [
       80.3981,
       13.2157
      ],
      [
       80.39827,
       13.21543
      ],
      [
       80.39872,
       13.21543
      ],
      [
       80.39899,
       13.21669
      ],
      [
       80.39827,
       13.21714
      ],
      [
       80.39827,
       13.2175
      ],
      [
       80.39899,
       13.21795
      ],
      [
       80.3989,
       13.21839
      ],
      [
       80.39944,
       13.21884
      ],
      [
       80.39944,
       13.21956
      ],
      [
       80.39971,
       13.21983
      ],
      [
       80.40034,
       13.21983
      ],
      [
       80.40079,
       13.21929
      ],
      [
       80.4007,
       13.21831
      ],
      [
       80.40133,
       13.21839
      ],
      [
       80.40079,
       13.21893
      ],
      [
       80.40097,
       13.22001
      ],
      [
       80.40178,
       13.22055
      ],
      [
       80.40178,
       13.22181
      ]
     ]
    ]
   },
   "properties": {
    "id": "det-08",
    "classification": "lookalike",
    "confidence": 0.45,
    "area_km2": 0.065,
    "elongation": 2.55,
    "edge_gradient": 19.2739,
    "contrast_db": -3.34,
    "shape_class": "blob",
    "discharge_class": "acute",
    "centroid": [
     80.39957,
     13.21881
    ],
    "vh_contrast_db": 0.163,
    "vh_mean_depth_db": 5.453,
    "solidity": 0.342,
    "mean_depth_db": 5.201
   }
  },
  {
   "type": "Feature",
   "geometry": {
    "type": "Polygon",
    "coordinates": [
     [
      [
       80.40914,
       13.21543
      ],
      [
       80.40843,
       13.21507
      ],
      [
       80.4078,
       13.21525
      ],
      [
       80.40753,
       13.21471
      ],
      [
       80.40807,
       13.2139
      ],
      [
       80.40816,
       13.21274
      ],
      [
       80.40789,
       13.21247
      ],
      [
       80.40717,
       13.21256
      ],
      [
       80.40717,
       13.21229
      ],
      [
       80.406,
       13.21139
      ],
      [
       80.40375,
       13.21193
      ],
      [
       80.40492,
       13.21103
      ],
      [
       80.40681,
       13.21121
      ],
      [
       80.40708,
       13.21175
      ],
      [
       80.40771,
       13.21175
      ],
      [
       80.40798,
       13.21148
      ],
      [
       80.40771,
       13.21004
      ],
      [
       80.40789,
       13.20941
      ],
      [
       80.40627,
       13.20851
      ],
      [
       80.40573,
       13.20887
      ],
      [
       80.40573,
       13.2095
      ],
      [
       80.406,
       13.20977
      ],
      [
       80.40564,
       13.20995
      ],
      [
       80.40537,
       13.20833
      ],
      [
       80.40465,
       13.20797
      ],
      [
       80.40411,
       13.20833
      ],
      [
       80.40357,
       13.20959
      ],
      [
       80.40375,
       13.20771
      ],
      [
       80.4034,
       13.20744
      ],
      [
       80.40348,
       13.20699
      ],
      [
       80.40286,
       13.20654
      ],
      [
       80.40348,
       13.206
      ],
      [
       80.40322,
       13.20474
      ],
      [
       80.40268,
       13.20429
      ],
      [
       80.40277,
       13.20402
      ],
      [
       80.40375,
       13.20474
      ],
      [
       80.40411,
       13.20582
      ],
      [
       80.40348,
       13.20609
      ],
      [
       80.40348,
       13.20654
      ],
      [
       80.40411,
       13.20708
      ],
      [
       80.40483,
       13.20663
      ],
      [
       80.40456,
       13.20591
      ],
      [
       80.40636,
       13.20573
      ],
      [
       80.40672,
       13.20501
      ],
      [
       80.40717,
       13.20519
      ],
      [
       80.40771,
       13.20483
      ],
      [
       80.40771,
       13.20438
      ],
      [
       80.40708,
       13.20393
      ],
      [
       80.40744,
       13.20366
      ],
      [
       80.40744,
       13.20312
      ],
      [
       80.40798,
       13.20294
      ],
      [
       80.40905,
       13.20321
      ],
      [
       80.40825,
       13.20375
      ],
      [
       80.40825,
       13.20528
      ],
      [
       80.40753,
       13.20591
      ],
      [
       80.40762,
       13.20681
      ],
      [
       80.40591,
       13.20672
      ],
      [
       80.40555,
       13.20779
      ],
      [
       80.40645,
       13.2086
      ],
      [
       80.40834,
       13.2086
      ],
      [
       80.40878,
       13.20905
      ],
      [
       80.4095,
       13.20914
      ],
      [
       80.40959,
       13.20995
      ],
      [
       80.40887,
       13.20968
      ],
      [
       80.40834,
       13.21004
      ],
      [
       80.40852,
       13.2113
      ],
      [
       80.40923,
       13.21175
      ],
      [
       80.40941,
       13.21238
      ],
      [
       80.40923,
       13.21256
      ],
      [
       80.40878,
       13.21229
      ],
      [
       80.40825,
       13.21265
      ],
      [
       80.40825,
       13.21309
      ],
      [
       80.40861,
       13.21345
      ],
      [
       80.40834,
       13.21471
      ],
      [
       80.40905,
       13.21507
      ],
      [
       80.40914,
       13.21543
      ]
     ]
    ]
   },
   "properties": {
    "id": "det-09",
    "classification": "lookalike",
    "confidence": 0.437,
    "area_km2": 0.25,
    "elongation": 2.17,
    "edge_gradient": 17.6597,
    "contrast_db": -2.25,
    "shape_class": "blob",
    "discharge_class": "acute",
    "centroid": [
     80.40656,
     13.2085
    ],
    "vh_contrast_db": 0.562,
    "vh_mean_depth_db": 5.43,
    "solidity": 0.317,
    "mean_depth_db": 4.843
   }
  },
  {
   "type": "Feature",
   "geometry": {
    "type": "Polygon",
    "coordinates": [
     [
      [
       80.38857,
       13.26978
      ],
      [
       80.38839,
       13.26843
      ],
      [
       80.38794,
       13.26816
      ],
      [
       80.3883,
       13.26789
      ],
      [
       80.38803,
       13.26726
      ],
      [
       80.38749,
       13.26717
      ],
      [
       80.38696,
       13.26753
      ],
      [
       80.38696,
       13.26789
      ],
      [
       80.38749,
       13.26825
      ],
      [
       80.38633,
       13.26906
      ],
      [
       80.38615,
       13.26888
      ],
      [
       80.38669,
       13.26843
      ],
      [
       80.38669,
       13.26807
      ],
      [
       80.38543,
       13.26717
      ],
      [
       80.38615,
       13.26654
      ],
      [
       80.38633,
       13.26511
      ],
      [
       80.38687,
       13.26565
      ],
      [
       80.38669,
       13.26663
      ],
      [
       80.38696,
       13.2669
      ],
      [
       80.38758,
       13.2669
      ],
      [
       80.38839,
       13.26619
      ],
      [
       80.38875,
       13.26502
      ],
      [
       80.38785,
       13.26376
      ],
      [
       80.38794,
       13.26331
      ],
      [
       80.38884,
       13.26412
      ],
      [
       80.38884,
       13.2652
      ],
      [
       80.38938,
       13.26565
      ],
      [
       80.38929,
       13.2661
      ],
      [
       80.38884,
       13.26637
      ],
      [
       80.3892,
       13.26708
      ],
      [
       80.38857,
       13.26753
      ],
      [
       80.38839,
       13.26807
      ],
      [
       80.38866,
       13.2687
      ],
      [
       80.38857,
       13.26978
      ]
     ]
    ]
   },
   "properties": {
    "id": "det-10",
    "classification": "lookalike",
    "confidence": 0.437,
    "area_km2": 0.085,
    "elongation": 1.82,
    "edge_gradient": 18.3042,
    "contrast_db": -2.24,
    "shape_class": "blob",
    "discharge_class": "acute",
    "centroid": [
     80.38758,
     13.26676
    ],
    "vh_contrast_db": 0.002,
    "vh_mean_depth_db": 5.52,
    "solidity": 0.417,
    "mean_depth_db": 5.049
   }
  },
  {
   "type": "Feature",
   "geometry": {
    "type": "Polygon",
    "coordinates": [
     [
      [
       80.40905,
       13.19836
      ],
      [
       80.40798,
       13.19845
      ],
      [
       80.40744,
       13.19899
      ],
      [
       80.40744,
       13.19854
      ],
      [
       80.40672,
       13.19773
      ],
      [
       80.40672,
       13.19702
      ],
      [
       80.40627,
       13.19666
      ],
      [
       80.40654,
       13.19621
      ],
      [
       80.40627,
       13.19522
      ],
      [
       80.40762,
       13.19576
      ],
      [
       80.40789,
       13.19693
      ],
      [
       80.40905,
       13.19764
      ],
      [
       80.40905,
       13.19836
      ]
     ]
    ]
   },
   "properties": {
    "id": "det-11",
    "classification": "lookalike",
    "confidence": 0.429,
    "area_km2": 0.063,
    "elongation": 2.22,
    "edge_gradient": 16.9183,
    "contrast_db": -2.15,
    "shape_class": "blob",
    "discharge_class": "acute",
    "centroid": [
     80.40753,
     13.19717
    ],
    "vh_contrast_db": -2.445,
    "vh_mean_depth_db": 7.593,
    "solidity": 0.809,
    "mean_depth_db": 4.851
   }
  },
  {
   "type": "Feature",
   "geometry": {
    "type": "Polygon",
    "coordinates": [
     [
      [
       80.42289,
       13.29996
      ],
      [
       80.42289,
       13.29951
      ],
      [
       80.42217,
       13.29897
      ],
      [
       80.42325,
       13.29817
      ],
      [
       80.42325,
       13.29772
      ],
      [
       80.42244,
       13.29718
      ],
      [
       80.42334,
       13.29727
      ],
      [
       80.4237,
       13.29682
      ],
      [
       80.4237,
       13.29628
      ],
      [
       80.42334,
       13.29601
      ],
      [
       80.42442,
       13.29601
      ],
      [
       80.42486,
       13.29484
      ],
      [
       80.42603,
       13.29439
      ],
      [
       80.42585,
       13.29322
      ],
      [
       80.42657,
       13.29251
      ],
      [
       80.42657,
       13.29215
      ],
      [
       80.42558,
       13.29161
      ],
      [
       80.42469,
       13.29062
      ],
      [
       80.42406,
       13.29062
      ],
      [
       80.42343,
       13.29107
      ],
      [
       80.42235,
       13.29008
      ],
      [
       80.42262,
       13.28927
      ],
      [
       80.42307,
       13.28927
      ],
      [
       80.42343,
       13.28891
      ],
      [
       80.42334,
       13.28828
      ],
      [
       80.4237,
       13.28792
      ],
      [
       80.4237,
       13.2873
      ],
      [
       80.42451,
       13.28766
      ],
      [
       80.42558,
       13.28703
      ],
      [
       80.42639,
       13.2873
      ],
      [
       80.42711,
       13.28685
      ],
      [
       80.42684,
       13.28604
      ],
      [
       80.42576,
       13.28622
      ],
      [
       80.42549,
       13.28577
      ],
      [
       80.42639,
       13.28523
      ],
      [
       80.42666,
       13.28433
      ],
      [
       80.42558,
       13.28397
      ],
      [
       80.42486,
       13.28325
      ],
      [
       80.42522,
       13.28289
      ],
      [
       80.42612,
       13.28361
      ],
      [
       80.42675,
       13.28307
      ],
      [
       80.42837,
       13.28343
      ],
      [
       80.42819,
       13.28415
      ],
      [
       80.42864,
       13.28559
      ],
      [
       80.42792,
       13.28613
      ],
      [
       80.42801,
       13.2873
      ],
      [
       80.42828,
       13.28757
      ],
      [
       80.42882,
       13.28757
      ],
      [
       80.42918,
       13.28667
      ],
      [
       80.43088,
       13.2855
      ],
      [
       80.43061,
       13.28451
      ],
      [
       80.42972,
       13.28325
      ],
      [
       80.42972,
       13.28236
      ],
      [
       80.42945,
       13.28209
      ],
      [
       80.42891,
       13.28209
      ],
      [
       80.4281,
       13.28155
      ],
      [
       80.42675,
       13.28209
      ],
      [
       80.42594,
       13.282
      ],
      [
       80.42612,
       13.28155
      ],
      [
       80.42693,
       13.28128
      ],
      [
       80.4272,
       13.28065
      ],
      [
       80.42792,
       13.28128
      ],
      [
       80.42891,
       13.28101
      ],
      [
       80.42963,
       13.28137
      ],
      [
       80.43016,
       13.28101
      ],
      [
       80.43016,
       13.28029
      ],
      [
       80.42954,
       13.27984
      ],
      [
       80.42846,
       13.28029
      ],
      [
       80.42792,
       13.27966
      ],
      [
       80.4272,
       13.28011
      ],
      [
       80.42702,
       13.27912
      ],
      [
       80.42792,
       13.27795
      ],
      [
       80.42855,
       13.27768
      ],
      [
       80.42846,
       13.2784
      ],
      [
       80.42801,
       13.27876
      ],
      [
       80.42801,
       13.27912
      ],
      [
       80.42855,
       13.27948
      ],
      [
       80.42945,
       13.27921
      ],
      [
       80.42981,
       13.27867
      ],
      [
       80.43079,
       13.27885
      ],
      [
       80.43088,
       13.27939
      ],
      [
       80.4316,
       13.27984
      ],
      [
       80.43259,
       13.27894
      ],
      [
       80.43223,
       13.27993
      ],
      [
       80.43295,
       13.28047
      ],
      [
       80.43358,
       13.27984
      ],
      [
       80.4343,
       13.27993
      ],
      [
       80.43493,
       13.27957
      ],
      [
       80.43475,
       13.28065
      ],
      [
       80.43529,
       13.28164
      ],
      [
       80.43484,
       13.28209
      ],
      [
       80.43484,
       13.28253
      ],
      [
       80.4352,
       13.2828
      ],
      [
       80.43511,
       13.28379
      ],
      [
       80.43546,
       13.28424
      ],
      [
       80.43618,
       13.28406
      ],
      [
       80.43672,
       13.28433
      ],
      [
       80.43636,
       13.28487
      ],
      [
       80.43564,
       13.28523
      ],
      [
       80.43564,
       13.28577
      ],
      [
       80.43511,
       13.28514
      ],
      [
       80.4343,
       13.28523
      ],
      [
       80.43421,
       13.28451
      ],
      [
       80.43484,
       13.28415
      ],
      [
       80.43484,
       13.28379
      ],
      [
       80.43412,
       13.28307
      ],
      [
       80.43295,
       13.28325
      ],
      [
       80.43259,
       13.28236
      ],
      [
       80.43313,
       13.282
      ],
      [
       80.43313,
       13.28137
      ],
      [
       80.43268,
       13.28065
      ],
      [
       80.43187,
       13.28092
      ],
      [
       80.43196,
       13.28191
      ],
      [
       80.43097,
       13.28137
      ],
      [
       80.43008,
       13.282
      ],
      [
       80.43008,
       13.28316
      ],
      [
       80.43079,
       13.28496
      ],
      [
       80.43187,
       13.2855
      ],
      [
       80.43331,
       13.28541
      ],
      [
       80.43241,
       13.28577
      ],
      [
       80.43178,
       13.2855
      ],
      [
       80.43061,
       13.28631
      ],
      [
       80.43061,
       13.28667
      ],
      [
       80.43142,
       13.28712
      ],
      [
       80.43169,
       13.28792
      ],
      [
       80.43133,
       13.28837
      ],
      [
       80.43133,
       13.28927
      ],
      [
       80.4316,
       13.28954
      ],
      [
       80.43268,
       13.28927
      ],
      [
       80.43331,
       13.28837
      ],
      [
       80.43412,
       13.28882
      ],
      [
       80.43475,
       13.2881
      ],
      [
       80.43564,
       13.28837
      ],
      [
       80.43591,
       13.2881
      ],
      [
       80.43591,
       13.28739
      ],
      [
       80.43681,
       13.28783
      ],
      [
       80.43735,
       13.2873
      ],
      [
       80.43798,
       13.28837
      ],
      [
       80.43852,
       13.28837
      ],
      [
       80.43897,
       13.28792
      ],
      [
       80.43879,
       13.28721
      ],
      [
       80.43924,
       13.28694
      ],
      [
       80.43924,
       13.28658
      ],
      [
       80.43879,
       13.28631
      ],
      [
       80.43861,
       13.28523
      ],
      [
       80.43816,
       13.28496
      ],
      [
       80.43816,
       13.28406
      ],
      [
       80.43843,
       13.2837
      ],
      [
       80.43915,
       13.28379
      ],
      [
       80.43978,
       13.2828
      ],
      [
       80.43996,
       13.28379
      ],
      [
       80.43888,
       13.28478
      ],
      [
       80.43861,
       13.2855
      ],
      [
       80.43951,
       13.28613
      ],
      [
       80.44041,
       13.2855
      ],
      [
       80.4405,
       13.28496
      ],
      [
       80.44121,
       13.28586
      ],
      [
       80.44032,
       13.28658
      ],
      [
       80.44032,
       13.28748
      ],
      [
       80.43951,
       13.28774
      ],
      [
       80.43987,
       13.28873
      ],
      [
       80.4396,
       13.289
      ],
      [
       80.43978,
       13.28981
      ],
      [
       80.43942,
       13.29017
      ],
      [
       80.43816,
       13.29035
      ],
      [
       80.43699,
       13.28945
      ],
      [
       80.43654,
       13.28954
      ],
      [
       80.43618,
       13.29008
      ],
      [
       80.43555,
       13.28909
      ],
      [
       80.43484,
       13.28882
      ],
      [
       80.4343,
       13.28918
      ],
      [
       80.4343,
       13.28972
      ],
      [
       80.43493,
       13.29017
      ],
      [
       80.43448,
       13.29116
      ],
      [
       80.43403,
       13.29134
      ],
      [
       80.43403,
       13.29107
      ],
      [
       80.4334,
       13.29071
      ],
      [
       80.43187,
       13.2917
      ],
      [
       80.43178,
       13.29287
      ],
      [
       80.43214,
       13.29331
      ],
      [
       80.43151,
       13.29358
      ],
      [
       80.43097,
       13.29313
      ],
      [
       80.43043,
       13.2934
      ],
      [
       80.43052,
       13.29278
      ],
      [
       80.42945,
       13.2917
      ],
      [
       80.42729,
       13.29269
      ],
      [
       80.42756,
       13.2934
      ],
      [
       80.42801,
       13.29349
      ],
      [
       80.42927,
       13.29304
      ],
      [
       80.42954,
       13.29367
      ],
      [
       80.43008,
       13.29367
      ],
      [
       80.429,
       13.29376
      ],
      [
       80.42864,
       13.29412
      ],
      [
       80.42891,
       13.29493
      ],
      [
       80.42828,
       13.29583
      ],
      [
       80.42747,
       13.29547
      ],
      [
       80.42693,
       13.29583
      ],
      [
       80.42756,
       13.297
      ],
      [
       80.42558,
       13.29763
      ],
      [
       80.42522,
       13.29799
      ],
      [
       80.42522,
       13.29843
      ],
      [
       80.42594,
       13.29879
      ],
      [
       80.42666,
       13.29843
      ],
      [
       80.42801,
       13.29861
      ],
      [
       80.42891,
       13.29826
      ],
      [
       80.42855,
       13.29906
      ],
      [
       80.42954,
       13.29978
      ],
      [
       80.43025,
       13.29924
      ],
      [
       80.43025,
       13.29808
      ],
      [
       80.43115,
       13.29852
      ],
      [
       80.43106,
       13.29951
      ],
      [
       80.43196,
       13.29996
      ],
      [
       80.42612,
       13.29996
      ],
      [
       80.42603,
       13.29951
      ],
      [
       80.42504,
       13.29888
      ],
      [
       80.42424,
       13.29951
      ],
      [
       80.42433,
       13.29996
      ],
      [
       80.42289,
       13.29996
      ]
     ]
    ]
   },
   "properties": {
    "id": "det-12",
    "classification": "lookalike",
    "confidence": 0.428,
    "area_km2": 1.417,
    "elongation": 1.4,
    "edge_gradient": 20.8427,
    "contrast_db": -2.14,
    "shape_class": "blob",
    "discharge_class": "acute",
    "centroid": [
     80.42976,
     13.28917
    ],
    "vh_contrast_db": -0.228,
    "vh_mean_depth_db": 5.798,
    "solidity": 0.39,
    "mean_depth_db": 4.88
   }
  },
  {
   "type": "Feature",
   "geometry": {
    "type": "Polygon",
    "coordinates": [
     [
      [
       80.40133,
       13.2546
      ],
      [
       80.39998,
       13.2537
      ],
      [
       80.39926,
       13.2537
      ],
      [
       80.39944,
       13.2528
      ],
      [
       80.39908,
       13.25208
      ],
      [
       80.39738,
       13.25208
      ],
      [
       80.39801,
       13.25118
      ],
      [
       80.39854,
       13.25154
      ],
      [
       80.39908,
       13.25118
      ],
      [
       80.39908,
       13.25046
      ],
      [
       80.39836,
       13.2502
      ],
      [
       80.39818,
       13.24975
      ],
      [
       80.39935,
       13.24903
      ],
      [
       80.39998,
       13.24948
      ],
      [
       80.40052,
       13.24939
      ],
      [
       80.40088,
       13.24966
      ],
      [
       80.40088,
       13.2502
      ],
      [
       80.40178,
       13.25064
      ],
      [
       80.40178,
       13.25136
      ],
      [
       80.40106,
       13.25181
      ],
      [
       80.40133,
       13.2546
      ]
     ]
    ]
   },
   "properties": {
    "id": "det-13",
    "classification": "lookalike",
    "confidence": 0.423,
    "area_km2": 0.144,
    "elongation": 1.28,
    "edge_gradient": 20.3806,
    "contrast_db": -2.07,
    "shape_class": "blob",
    "discharge_class": "acute",
    "centroid": [
     80.39997,
     13.25159
    ],
    "vh_contrast_db": -0.303,
    "vh_mean_depth_db": 5.673,
    "solidity": 0.727,
    "mean_depth_db": 5.015
   }
  },
  {
   "type": "Feature",
   "geometry": {
    "type": "Polygon",
    "coordinates": [
     [
      [
       80.36827,
       13.18695
      ],
      [
       80.36782,
       13.18606
      ],
      [
       80.36728,
       13.18597
      ],
      [
       80.36656,
       13.18641
      ],
      [
       80.36629,
       13.1857
      ],
      [
       80.36531,
       13.18534
      ],
      [
       80.36441,
       13.18543
      ],
      [
       80.36486,
       13.18471
      ],
      [
       80.36531,
       13.18498
      ],
      [
       80.36585,
       13.18453
      ],
      [
       80.36638,
       13.18489
      ],
      [
       80.36692,
       13.1848
      ],
      [
       80.36737,
       13.18435
      ],
      [
       80.36755,
       13.18354
      ],
      [
       80.36683,
       13.18273
      ],
      [
       80.36737,
       13.18246
      ],
      [
       80.36746,
       13.18309
      ],
      [
       80.36827,
       13.1839
      ],
      [
       80.36773,
       13.18426
      ],
      [
       80.36737,
       13.18498
      ],
      [
       80.36764,
       13.18579
      ],
      [
       80.36845,
       13.18615
      ],
      [
       80.36827,
       13.18695
      ]
     ]
    ]
   },
   "properties": {
    "id": "det-14",
    "classification": "lookalike",
    "confidence": 0.422,
    "area_km2": 0.059,
    "elongation": 1.44,
    "edge_gradient": 20.2435,
    "contrast_db": -2.07,
    "shape_class": "blob",
    "discharge_class": "acute",
    "centroid": [
     80.3668,
     13.18496
    ],
    "vh_contrast_db": -0.482,
    "vh_mean_depth_db": 4.921,
    "solidity": 0.458,
    "mean_depth_db": 5.211
   }
  },
  {
   "type": "Feature",
   "geometry": {
    "type": "Polygon",
    "coordinates": [
     [
      [
       80.39495,
       13.26169
      ],
      [
       80.39396,
       13.26205
      ],
      [
       80.39405,
       13.26133
      ],
      [
       80.39369,
       13.26098
      ],
      [
       80.39315,
       13.26098
      ],
      [
       80.39235,
       13.26017
      ],
      [
       80.39118,
       13.26115
      ],
      [
       80.39127,
       13.26035
      ],
      [
       80.39091,
       13.25999
      ],
      [
       80.39028,
       13.25981
      ],
      [
       80.38965,
       13.26026
      ],
      [
       80.38965,
       13.25972
      ],
      [
       80.38893,
       13.25927
      ],
      [
       80.38911,
       13.2581
      ],
      [
       80.38857,
       13.25774
      ],
      [
       80.38785,
       13.25774
      ],
      [
       80.38785,
       13.25747
      ],
      [
       80.38866,
       13.2572
      ],
      [
       80.38839,
       13.25657
      ],
      [
       80.38732,
       13.2563
      ],
      [
       80.38642,
       13.25675
      ],
      [
       80.38669,
       13.25747
      ],
      [
       80.3857,
       13.25738
      ],
      [
       80.38543,
       13.25639
      ],
      [
       80.38606,
       13.25639
      ],
      [
       80.3866,
       13.25603
      ],
      [
       80.38642,
       13.25514
      ],
      [
       80.38741,
       13.25585
      ],
      [
       80.38803,
       13.25576
      ],
      [
       80.38839,
       13.25514
      ],
      [
       80.38839,
       13.25621
      ],
      [
       80.38875,
       13.25657
      ],
      [
       80.38956,
       13.25666
      ],
      [
       80.39028,
       13.25612
      ],
      [
       80.3919,
       13.25639
      ],
      [
       80.39217,
       13.25612
      ],
      [
       80.39199,
       13.25487
      ],
      [
       80.39271,
       13.25442
      ],
      [
       80.39297,
       13.2555
      ],
      [
       80.39351,
       13.25585
      ],
      [
       80.39432,
       13.25541
      ],
      [
       80.39432,
       13.25469
      ],
      [
       80.39486,
       13.25496
      ],
      [
       80.3945,
       13.25559
      ],
      [
       80.39477,
       13.25621
      ],
      [
       80.39459,
       13.25693
      ],
      [
       80.39369,
       13.25648
      ],
      [
       80.39279,
       13.2572
      ],
      [
       80.39306,
       13.25639
      ],
      [
       80.39244,
       13.25603
      ],
      [
       80.3919,
       13.25639
      ],
      [
       80.39208,
       13.25702
      ],
      [
       80.391,
       13.25711
      ],
      [
       80.39064,
       13.25747
      ],
      [
       80.39064,
       13.25792
      ],
      [
       80.39109,
       13.25882
      ],
      [
       80.3919,
       13.25873
      ],
      [
       80.39235,
       13.25945
      ],
      [
       80.39306,
       13.25972
      ],
      [
       80.3936,
       13.25936
      ],
      [
       80.39342,
       13.25855
      ],
      [
       80.39405,
       13.25837
      ],
      [
       80.3945,
       13.25756
      ],
      [
       80.39495,
       13.25801
      ],
      [
       80.39468,
       13.25918
      ],
      [
       80.39531,
       13.25972
      ],
      [
       80.3945,
       13.26035
      ],
      [
       80.3945,
       13.26071
      ],
      [
       80.39495,
       13.26106
      ],
      [
       80.39495,
       13.26169
      ]
     ]
    ]
   },
   "properties": {
    "id": "det-15",
    "classification": "lookalike",
    "confidence": 0.422,
    "area_km2": 0.286,
    "elongation": 1.48,
    "edge_gradient": 18.2776,
    "contrast_db": -2.06,
    "shape_class": "blob",
    "discharge_class": "acute",
    "centroid": [
     80.39133,
     13.25806
    ],
    "vh_contrast_db": -0.36,
    "vh_mean_depth_db": 5.158,
    "solidity": 0.455,
    "mean_depth_db": 5.083
   }
  },
  {
   "type": "Feature",
   "geometry": {
    "type": "Polygon",
    "coordinates": [
     [
      [
       80.43672,
       13.2811
      ],
      [
       80.4369,
       13.27993
      ],
      [
       80.43798,
       13.27975
      ],
      [
       80.43807,
       13.28047
      ],
      [
       80.43861,
       13.28083
      ],
      [
       80.43915,
       13.28029
      ],
      [
       80.43951,
       13.28074
      ],
      [
       80.44023,
       13.28065
      ],
      [
       80.44077,
       13.28101
      ],
      [
       80.4413,
       13.28056
      ],
      [
       80.44202,
       13.28065
      ],
      [
       80.44077,
       13.28119
      ],
      [
       80.43996,
       13.28092
      ],
      [
       80.43888,
       13.28119
      ],
      [
       80.43843,
       13.28227
      ],
      [
       80.43798,
       13.28209
      ],
      [
       80.43771,
       13.28155
      ],
      [
       80.43699,
       13.28155
      ],
      [
       80.43672,
       13.2811
      ]
     ]
    ]
   },
   "properties": {
    "id": "det-16",
    "classification": "lookalike",
    "confidence": 0.418,
    "area_km2": 0.056,
    "elongation": 1.99,
    "edge_gradient": 20.503,
    "contrast_db": -2.02,
    "shape_class": "blob",
    "discharge_class": "acute",
    "centroid": [
     80.43844,
     13.28093
    ],
    "vh_contrast_db": -0.343,
    "vh_mean_depth_db": 6.039,
    "solidity": 0.577,
    "mean_depth_db": 4.63
   }
  },
  {
   "type": "Feature",
   "geometry": {
    "type": "Polygon",
    "coordinates": [
     [
      [
       80.3583,
       13.19971
      ],
      [
       80.3583,
       13.19926
      ],
      [
       80.35785,
       13.19899
      ],
      [
       80.35776,
       13.19854
      ],
      [
       80.35857,
       13.19818
      ],
      [
       80.35884,
       13.19755
      ],
      [
       80.35803,
       13.19719
      ],
      [
       80.35803,
       13.19684
      ],
      [
       80.36019,
       13.19549
      ],
      [
       80.35992,
       13.19477
      ],
      [
       80.36046,
       13.19477
      ],
      [
       80.36099,
       13.19549
      ],
      [
       80.36153,
       13.19549
      ],
      [
       80.36153,
       13.19702
      ],
      [
       80.35956,
       13.19639
      ],
      [
       80.35902,
       13.19746
      ],
      [
       80.36073,
       13.19818
      ],
      [
       80.36001,
       13.1989
      ],
      [
       80.35974,
       13.19971
      ],
      [
       80.3583,
       13.19971
      ]
     ]
    ]
   },
   "properties": {
    "id": "det-17",
    "classification": "lookalike",
    "confidence": 0.416,
    "area_km2": 0.1,
    "elongation": 1.98,
    "edge_gradient": 15.7221,
    "contrast_db": -1.99,
    "shape_class": "blob",
    "discharge_class": "acute",
    "centroid": [
     80.35966,
     13.19748
    ],
    "vh_contrast_db": 0.299,
    "vh_mean_depth_db": 4.632,
    "solidity": 0.626,
    "mean_depth_db": 4.927
   }
  },
  {
   "type": "Feature",
   "geometry": {
    "type": "Polygon",
    "coordinates": [
     [
      [
       80.42316,
       13.25451
      ],
      [
       80.42244,
       13.25334
      ],
      [
       80.42307,
       13.25271
      ],
      [
       80.42307,
       13.25235
      ],
      [
       80.42262,
       13.25181
      ],
      [
       80.42208,
       13.25172
      ],
      [
       80.42208,
       13.25145
      ],
      [
       80.4228,
       13.25073
      ],
      [
       80.42271,
       13.24984
      ],
      [
       80.42325,
       13.24948
      ],
      [
       80.42325,
       13.24912
      ],
      [
       80.42388,
       13.24912
      ],
      [
       80.42424,
       13.24822
      ],
      [
       80.4246,
       13.24813
      ],
      [
       80.42469,
       13.25109
      ],
      [
       80.42495,
       13.25145
      ],
      [
       80.42343,
       13.25289
      ],
      [
       80.42325,
       13.25415
      ],
      [
       80.42352,
       13.25442
      ],
      [
       80.42316,
       13.25451
      ]
     ]
    ]
   },
   "properties": {
    "id": "det-18",
    "classification": "lookalike",
    "confidence": 0.415,
    "area_km2": 0.105,
    "elongation": 2.47,
    "edge_gradient": 17.4423,
    "contrast_db": -1.97,
    "shape_class": "blob",
    "discharge_class": "acute",
    "centroid": [
     80.42364,
     13.25103
    ],
    "vh_contrast_db": -0.164,
    "vh_mean_depth_db": 6.703,
    "solidity": 0.745,
    "mean_depth_db": 5.446
   }
  },
  {
   "type": "Feature",
   "geometry": {
    "type": "Polygon",
    "coordinates": [
     [
      [
       80.3963,
       13.2519
      ],
      [
       80.39486,
       13.25055
      ],
      [
       80.39495,
       13.24957
      ],
      [
       80.39351,
       13.2484
      ],
      [
       80.39351,
       13.24804
      ],
      [
       80.3945,
       13.24831
      ],
      [
       80.39504,
       13.24795
      ],
      [
       80.39504,
       13.24759
      ],
      [
       80.3945,
       13.24714
      ],
      [
       80.39441,
       13.24642
      ],
      [
       80.39351,
       13.24588
      ],
      [
       80.39226,
       13.24606
      ],
      [
       80.39279,
       13.24472
      ],
      [
       80.39306,
       13.24463
      ],
      [
       80.3936,
       13.24543
      ],
      [
       80.39423,
       13.2457
      ],
      [
       80.39567,
       13.24552
      ],
      [
       80.39594,
       13.2449
      ],
      [
       80.39621,
       13.24499
      ],
      [
       80.39504,
       13.24642
      ],
      [
       80.39504,
       13.24678
      ],
      [
       80.3954,
       13.24723
      ],
      [
       80.39612,
       13.24714
      ],
      [
       80.39558,
       13.24786
      ],
      [
       80.39558,
       13.24876
      ],
      [
       80.39648,
       13.24957
      ],
      [
       80.39693,
       13.25046
      ],
      [
       80.39594,
       13.25082
      ],
      [
       80.3963,
       13.2519
      ]
     ]
    ]
   },
   "properties": {
    "id": "det-19",
    "classification": "lookalike",
    "confidence": 0.413,
    "area_km2": 0.113,
    "elongation": 2.01,
    "edge_gradient": 19.035,
    "contrast_db": -1.95,
    "shape_class": "blob",
    "discharge_class": "acute",
    "centroid": [
     80.39491,
     13.24805
    ],
    "vh_contrast_db": 0.952,
    "vh_mean_depth_db": 5.042,
    "solidity": 0.456,
    "mean_depth_db": 4.933
   }
  },
  {
   "type": "Feature",
   "geometry": {
    "type": "Polygon",
    "coordinates": [
     [
      [
       80.35713,
       13.2219
      ],
      [
       80.35668,
       13.22163
      ],
      [
       80.3574,
       13.22082
      ],
      [
       80.35749,
       13.22001
      ],
      [
       80.35713,
       13.21893
      ],
      [
       80.35677,
       13.21857
      ],
      [
       80.35614,
       13.21857
      ],
      [
       80.3565,
       13.21831
      ],
      [
       80.35668,
       13.2175
      ],
      [
       80.3556,
       13.21588
      ],
      [
       80.35453,
       13.21615
      ],
      [
       80.35435,
       13.21579
      ],
      [
       80.35471,
       13.21543
      ],
      [
       80.35569,
       13.21597
      ],
      [
       80.3565,
       13.21561
      ],
      [
       80.35632,
       13.21651
      ],
      [
       80.35659,
       13.21678
      ],
      [
       80.35722,
       13.21678
      ],
      [
       80.35758,
       13.21642
      ],
      [
       80.35812,
       13.21516
      ],
      [
       80.35758,
       13.2148
      ],
      [
       80.35659,
       13.21498
      ],
      [
       80.35632,
       13.21426
      ],
      [
       80.35641,
       13.2139
      ],
      [
       80.35713,
       13.21399
      ],
      [
       80.35821,
       13.21301
      ],
      [
       80.35794,
       13.21238
      ],
      [
       80.35686,
       13.21193
      ],
      [
       80.35695,
       13.21166
      ],
      [
       80.35785,
       13.21193
      ],
      [
       80.35812,
       13.21112
      ],
      [
       80.35668,
       13.21004
      ],
      [
       80.35596,
       13.21049
      ],
      [
       80.35596,
       13.20959
      ],
      [
       80.3556,
       13.20923
      ],
      [
       80.35695,
       13.21004
      ],
      [
       80.3583,
       13.20995
      ],
      [
       80.35974,
       13.21058
      ],
      [
       80.35983,
       13.21139
      ],
      [
       80.36037,
       13.21175
      ],
      [
       80.36117,
       13.21094
      ],
      [
       80.36126,
       13.20995
      ],
      [
       80.36099,
       13.20959
      ],
      [
       80.36144,
       13.20959
      ],
      [
       80.3618,
       13.21004
      ],
      [
       80.36243,
       13.21022
      ],
      [
       80.36207,
       13.21058
      ],
      [
       80.36207,
       13.21112
      ],
      [
       80.36099,
       13.2122
      ],
      [
       80.36108,
       13.21274
      ],
      [
       80.36064,
       13.21301
      ],
      [
       80.36064,
       13.21345
      ],
      [
       80.36153,
       13.21417
      ],
      [
       80.36243,
       13.21426
      ],
      [
       80.36297,
       13.2139
      ],
      [
       80.36306,
       13.21283
      ],
      [
       80.36378,
       13.21336
      ],
      [
       80.36432,
       13.21301
      ],
      [
       80.36441,
       13.21238
      ],
      [
       80.36495,
       13.21229
      ],
      [
       80.36459,
       13.21274
      ],
      [
       80.36486,
       13.21345
      ],
      [
       80.3645,
       13.21381
      ],
      [
       80.36414,
       13.21345
      ],
      [
       80.3636,
       13.21345
      ],
      [
       80.36333,
       13.21408
      ],
      [
       80.3627,
       13.21444
      ],
      [
       80.36261,
       13.21525
      ],
      [
       80.36198,
       13.21444
      ],
      [
       80.36144,
       13.21444
      ],
      [
       80.36099,
       13.21534
      ],
      [
       80.35974,
       13.2166
      ],
      [
       80.35983,
       13.21741
      ],
      [
       80.35938,
       13.21741
      ],
      [
       80.35893,
       13.21786
      ],
      [
       80.35902,
       13.21723
      ],
      [
       80.35839,
       13.21678
      ],
      [
       80.35785,
       13.21678
      ],
      [
       80.35713,
       13.21723
      ],
      [
       80.35704,
       13.21813
      ],
      [
       80.3574,
       13.21848
      ],
      [
       80.35812,
       13.21857
      ],
      [
       80.35884,
       13.21804
      ],
      [
       80.35866,
       13.21902
      ],
      [
       80.35758,
       13.21947
      ],
      [
       80.35749,
       13.22019
      ],
      [
       80.35785,
       13.22055
      ],
      [
       80.35749,
       13.221
      ],
      [
       80.3574,
       13.22181
      ],
      [
       80.35713,
       13.2219
      ]
     ]
    ]
   },
   "properties": {
    "id": "det-20",
    "classification": "lookalike",
    "confidence": 0.411,
    "area_km2": 0.34,
    "elongation": 1.38,
    "edge_gradient": 16.6041,
    "contrast_db": -1.94,
    "shape_class": "blob",
    "discharge_class": "acute",
    "centroid": [
     80.35912,
     13.21419
    ],
    "vh_contrast_db": -0.158,
    "vh_mean_depth_db": 5.187,
    "solidity": 0.334,
    "mean_depth_db": 5.079
   }
  },
  {
   "type": "Feature",
   "geometry": {
    "type": "Polygon",
    "coordinates": [
     [
      [
       80.34662,
       13.24822
      ],
      [
       80.34653,
       13.24732
      ],
      [
       80.34599,
       13.24696
      ],
      [
       80.34545,
       13.24705
      ],
      [
       80.34563,
       13.24642
      ],
      [
       80.34626,
       13.24633
      ],
      [
       80.34653,
       13.24588
      ],
      [
       80.3477,
       13.24579
      ],
      [
       80.34842,
       13.2449
      ],
      [
       80.34842,
       13.24445
      ],
      [
       80.34806,
       13.24418
      ],
      [
       80.34932,
       13.24454
      ],
      [
       80.34959,
       13.24427
      ],
      [
       80.34959,
       13.24319
      ],
      [
       80.34923,
       13.24283
      ],
      [
       80.34869,
       13.24274
      ],
      [
       80.34761,
       13.24319
      ],
      [
       80.34734,
       13.24391
      ],
      [
       80.3477,
       13.24418
      ],
      [
       80.34536,
       13.24418
      ],
      [
       80.34474,
       13.24463
      ],
      [
       80.34474,
       13.24499
      ],
      [
       80.34411,
       13.24472
      ],
      [
       80.34348,
       13.24499
      ],
      [
       80.34231,
       13.24472
      ],
      [
       80.34177,
       13.244
      ],
      [
       80.34231,
       13.24364
      ],
      [
       80.34267,
       13.24256
      ],
      [
       80.34213,
       13.2422
      ],
      [
       80.34078,
       13.2431
      ],
      [
       80.34078,
       13.24391
      ],
      [
       80.34024,
       13.24418
      ],
      [
       80.3397,
       13.244
      ],
      [
       80.33917,
       13.24436
      ],
      [
       80.3389,
       13.24418
      ],
      [
       80.33935,
       13.24382
      ],
      [
       80.33961,
       13.24292
      ],
      [
       80.33917,
       13.24265
      ],
      [
       80.33952,
       13.24175
      ],
      [
       80.33872,
       13.24112
      ],
      [
       80.33917,
       13.24121
      ],
      [
       80.3397,
       13.24085
      ],
      [
       80.33961,
       13.23986
      ],
      [
       80.34006,
       13.24004
      ],
      [
       80.34123,
       13.23942
      ],
      [
       80.34096,
       13.23861
      ],
      [
       80.33917,
       13.23843
      ],
      [
       80.33988,
       13.23753
      ],
      [
       80.33935,
       13.23609
      ],
      [
       80.33988,
       13.23564
      ],
      [
       80.33979,
       13.23501
      ],
      [
       80.3406,
       13.2343
      ],
      [
       80.34042,
       13.23546
      ],
      [
       80.34087,
       13.23591
      ],
      [
       80.34141,
       13.23591
      ],
      [
       80.34168,
       13.2351
      ],
      [
       80.34231,
       13.23483
      ],
      [
       80.34204,
       13.23385
      ],
      [
       80.34294,
       13.23358
      ],
      [
       80.34321,
       13.23277
      ],
      [
       80.34474,
       13.23286
      ],
      [
       80.34545,
       13.23205
      ],
      [
       80.34545,
       13.23142
      ],
      [
       80.34581,
       13.23106
      ],
      [
       80.34572,
       13.23043
      ],
      [
       80.34509,
       13.2298
      ],
      [
       80.34402,
       13.22953
      ],
      [
       80.34465,
       13.22908
      ],
      [
       80.34465,
       13.22873
      ],
      [
       80.34375,
       13.22819
      ],
      [
       80.34366,
       13.22693
      ],
      [
       80.34447,
       13.22702
      ],
      [
       80.34482,
       13.22666
      ],
      [
       80.34482,
       13.22621
      ],
      [
       80.34411,
       13.22585
      ],
      [
       80.34411,
       13.22405
      ],
      [
       80.34339,
       13.22334
      ],
      [
       80.34312,
       13.22244
      ],
      [
       80.34258,
       13.22208
      ],
      [
       80.3433,
       13.2219
      ],
      [
       80.34393,
       13.22127
      ],
      [
       80.34447,
       13.22127
      ],
      [
       80.34491,
       13.22046
      ],
      [
       80.34339,
       13.21992
      ],
      [
       80.34249,
       13.22037
      ],
      [
       80.34204,
       13.22109
      ],
      [
       80.3415,
       13.21974
      ],
      [
       80.34195,
       13.21911
      ],
      [
       80.34195,
       13.21848
      ],
      [
       80.34267,
       13.21965
      ],
      [
       80.34348,
       13.21938
      ],
      [
       80.34357,
       13.21759
      ],
      [
       80.3442,
       13.21687
      ],
      [
       80.3442,
       13.21651
      ],
      [
       80.34375,
       13.2157
      ],
      [
       80.34258,
       13.21552
      ],
      [
       80.34312,
       13.21498
      ],
      [
       80.34357,
       13.2157
      ],
      [
       80.34411,
       13.2157
      ],
      [
       80.34491,
       13.21633
      ],
      [
       80.3468,
       13.21561
      ],
      [
       80.34761,
       13.21381
      ],
      [
       80.34752,
       13.21534
      ],
      [
       80.34698,
       13.21579
      ],
      [
       80.34698,
       13.21615
      ],
      [
       80.34779,
       13.21696
      ],
      [
       80.34869,
       13.21633
      ],
      [
       80.34869,
       13.21696
      ],
      [
       80.34797,
       13.21741
      ],
      [
       80.34797,
       13.21777
      ],
      [
       80.34914,
       13.21848
      ],
      [
       80.34995,
       13.21804
      ],
      [
       80.34986,
       13.21696
      ],
      [
       80.35048,
       13.21696
      ],
      [
       80.35129,
       13.21642
      ],
      [
       80.35129,
       13.21597
      ],
      [
       80.35057,
       13.2157
      ],
      [
       80.35021,
       13.21516
      ],
      [
       80.34851,
       13.21462
      ],
      [
       80.34878,
       13.21399
      ],
      [
       80.3495,
       13.21363
      ],
      [
       80.3495,
       13.21283
      ],
      [
       80.34986,
       13.21247
      ],
      [
       80.34986,
       13.21193
      ],
      [
       80.34923,
       13.21148
      ],
      [
       80.3495,
       13.2113
      ],
      [
       80.34995,
       13.21157
      ],
      [
       80.35048,
       13.21121
      ],
      [
       80.35039,
       13.21067
      ],
      [
       80.3495,
       13.21022
      ],
      [
       80.35048,
       13.20986
      ],
      [
       80.35147,
       13.20842
      ],
      [
       80.3521,
       13.20815
      ],
      [
       80.35183,
       13.20744
      ],
      [
       80.35219,
       13.20681
      ],
      [
       80.35102,
       13.206
      ],
      [
       80.35174,
       13.20555
      ],
      [
       80.35237,
       13.20582
      ],
      [
       80.35291,
       13.20546
      ],
      [
       80.35354,
       13.20708
      ],
      [
       80.35435,
       13.20779
      ],
      [
       80.35426,
       13.20941
      ],
      [
       80.35381,
       13.20923
      ],
      [
       80.35327,
       13.20959
      ],
      [
       80.35327,
       13.21094
      ],
      [
       80.35399,
       13.21166
      ],
      [
       80.35354,
       13.21184
      ],
      [
       80.35336,
       13.21112
      ],
      [
       80.35291,
       13.21067
      ],
      [
       80.35147,
       13.21022
      ],
      [
       80.35084,
       13.21067
      ],
      [
       80.35102,
       13.21121
      ],
      [
       80.35012,
       13.21166
      ],
      [
       80.35012,
       13.2122
      ],
      [
       80.35084,
       13.21265
      ],
      [
       80.35075,
       13.21318
      ],
      [
       80.35102,
       13.21345
      ],
      [
       80.35165,
       13.21345
      ],
      [
       80.3521,
       13.21543
      ],
      [
       80.353,
       13.21633
      ],
      [
       80.35381,
       13.21651
      ],
      [
       80.3539,
       13.21696
      ],
      [
       80.35354,
       13.21768
      ],
      [
       80.35453,
       13.21884
      ],
      [
       80.35246,
       13.21839
      ],
      [
       80.35165,
       13.21893
      ],
      [
       80.35165,
       13.21938
      ],
      [
       80.35219,
       13.22001
      ],
      [
       80.353,
       13.21992
      ],
      [
       80.35327,
       13.22028
      ],
      [
       80.35408,
       13.22046
      ],
      [
       80.35498,
       13.21974
      ],
      [
       80.3548,
       13.21893
      ],
      [
       80.35596,
       13.21866
      ],
      [
       80.35543,
       13.21938
      ],
      [
       80.35569,
       13.22091
      ],
      [
       80.35444,
       13.22163
      ],
      [
       80.35408,
       13.22316
      ],
      [
       80.35327,
       13.22361
      ],
      [
       80.35363,
       13.22423
      ],
      [
       80.35336,
       13.22549
      ],
      [
       80.35408,
       13.22594
      ],
      [
       80.35471,
       13.22567
      ],
      [
       80.35489,
       13.22657
      ],
      [
       80.35534,
       13.22702
      ],
      [
       80.35507,
       13.2272
      ],
      [
       80.353,
       13.22639
      ],
      [
       80.35327,
       13.22558
      ],
      [
       80.35246,
       13.22513
      ],
      [
       80.35201,
       13.22522
      ],
      [
       80.35174,
       13.22585
      ],
      [
       80.35255,
       13.22648
      ],
      [
       80.35219,
       13.22648
      ],
      [
       80.35165,
       13.22711
      ],
      [
       80.35219,
       13.22765
      ],
      [
       80.35228,
       13.22855
      ],
      [
       80.35327,
       13.22908
      ],
      [
       80.35435,
       13.22855
      ],
      [
       80.35462,
       13.22891
      ],
      [
       80.35453,
       13.22935
      ],
      [
       80.35498,
       13.2298
      ],
      [
       80.35596,
       13.22989
      ],
      [
       80.3565,
       13.22953
      ],
      [
       80.35623,
       13.22855
      ],
      [
       80.35686,
       13.22738
      ],
      [
       80.35686,
       13.22801
      ],
      [
       80.35731,
       13.22846
      ],
      [
       80.35821,
       13.22819
      ],
      [
       80.35893,
       13.22846
      ],
      [
       80.35929,
       13.22908
      ],
      [
       80.35983,
       13.22908
      ],
      [
       80.36019,
       13.22873
      ],
      [
       80.36019,
       13.22828
      ],
      [
       80.35983,
       13.22792
      ],
      [
       80.35929,
       13.22792
      ],
      [
       80.35893,
       13.2272
      ],
      [
       80.35749,
       13.22693
      ],
      [
       80.35749,
       13.22621
      ],
      [
       80.35704,
       13.22576
      ],
      [
       80.35623,
       13.22576
      ],
      [
       80.3565,
       13.22531
      ],
      [
       80.35686,
       13.2254
      ],
      [
       80.3574,
       13.22504
      ],
      [
       80.3574,
       13.22468
      ],
      [
       80.35677,
       13.22441
      ],
      [
       80.35641,
       13.2237
      ],
      [
       80.35857,
       13.2237
      ],
      [
       80.35893,
       13.22432
      ],
      [
       80.35884,
       13.22522
      ],
      [
       80.35947,
       13.22585
      ],
      [
       80.35947,
       13.22657
      ],
      [
       80.36028,
       13.22711
      ],
      [
       80.36144,
       13.22693
      ],
      [
       80.36189,
       13.2272
      ],
      [
       80.36243,
       13.22684
      ],
      [
       80.36243,
       13.22621
      ],
      [
       80.36162,
       13.22576
      ],
      [
       80.3609,
       13.22594
      ],
      [
       80.3609,
       13.22558
      ],
      [
       80.3618,
       13.22504
      ],
      [
       80.36171,
       13.22405
      ],
      [
       80.36252,
       13.22396
      ],
      [
       80.36297,
       13.2245
      ],
      [
       80.36351,
       13.2245
      ],
      [
       80.36378,
       13.22423
      ],
      [
       80.36378,
       13.22334
      ],
      [
       80.36342,
       13.2228
      ],
      [
       80.36369,
       13.22244
      ],
      [
       80.36468,
       13.22217
      ],
      [
       80.36468,
       13.22361
      ],
      [
       80.36531,
       13.22387
      ],
      [
       80.36522,
       13.22477
      ],
      [
       80.3645,
       13.22477
      ],
      [
       80.36396,
       13.22513
      ],
      [
       80.36387,
       13.22639
      ],
      [
       80.36423,
       13.22675
      ],
      [
       80.36477,
       13.22675
      ],
      [
       80.36468,
       13.22819
      ],
      [
       80.36522,
       13.22873
      ],
      [
       80.36495,
       13.229
      ],
      [
       80.3645,
       13.22882
      ],
      [
       80.36396,
       13.22926
      ],
      [
       80.36333,
       13.22926
      ],
      [
       80.36306,
       13.22989
      ],
      [
       80.36234,
       13.2298
      ],
      [
       80.3618,
       13.23016
      ],
      [
       80.3618,
       13.23079
      ],
      [
       80.36207,
       13.23106
      ],
      [
       80.36315,
       13.23097
      ],
      [
       80.36261,
       13.23133
      ],
      [
       80.36234,
       13.23223
      ],
      [
       80.36198,
       13.2325
      ],
      [
       80.36225,
       13.23349
      ],
      [
       80.36198,
       13.23358
      ],
      [
       80.36144,
       13.23313
      ],
      [
       80.36064,
       13.23349
      ],
      [
       80.35974,
       13.23456
      ],
      [
       80.35965,
       13.23564
      ],
      [
       80.35893,
       13.23564
      ],
      [
       80.35686,
       13.23717
      ],
      [
       80.35498,
       13.23636
      ],
      [
       80.35399,
       13.23663
      ],
      [
       80.35399,
       13.23627
      ],
      [
       80.35578,
       13.23618
      ],
      [
       80.35668,
       13.23555
      ],
      [
       80.35686,
       13.23456
      ],
      [
       80.35641,
       13.2343
      ],
      [
       80.3556,
       13.23286
      ],
      [
       80.3548,
       13.23259
      ],
      [
       80.35435,
       13.23331
      ],
      [
       80.3539,
       13.23331
      ],
      [
       80.35354,
       13.23367
      ],
      [
       80.35354,
       13.236
      ],
      [
       80.35255,
       13.236
      ],
      [
       80.35147,
       13.2369
      ],
      [
       80.35147,
       13.23762
      ],
      [
       80.35228,
       13.23816
      ],
      [
       80.35255,
       13.23924
      ],
      [
       80.35237,
       13.24094
      ],
      [
       80.35318,
       13.24157
      ],
      [
       80.3539,
       13.24094
      ],
      [
       80.35426,
       13.24103
      ],
      [
       80.3548,
       13.24067
      ],
      [
       80.35534,
       13.23942
      ],
      [
       80.35543,
       13.23798
      ],
      [
       80.35516,
       13.23771
      ],
      [
       80.35551,
       13.23771
      ],
      [
       80.35587,
       13.23825
      ],
      [
       80.35668,
       13.23861
      ],
      [
       80.3574,
       13.23798
      ],
      [
       80.35767,
       13.23879
      ],
      [
       80.35722,
       13.2387
      ],
      [
       80.35605,
       13.23924
      ],
      [
       80.35587,
       13.24031
      ],
      [
       80.35632,
       13.24058
      ],
      [
       80.3556,
       13.24112
      ],
      [
       80.35551,
       13.24202
      ],
      [
       80.35543,
       13.24148
      ],
      [
       80.35462,
       13.24094
      ],
      [
       80.35372,
       13.24193
      ],
      [
       80.35309,
       13.24184
      ],
      [
       80.35255,
       13.2422
      ],
      [
       80.35255,
       13.24274
      ],
      [
       80.35291,
       13.24319
      ],
      [
       80.35219,
       13.244
      ],
      [
       80.35228,
       13.24481
      ],
      [
       80.35183,
       13.24472
      ],
      [
       80.35129,
       13.24364
      ],
      [
       80.34995,
       13.24382
      ],
      [
       80.34968,
       13.24445
      ],
      [
       80.35004,
       13.24481
      ],
      [
       80.35004,
       13.24597
      ],
      [
       80.3503,
       13.24633
      ],
      [
       80.35012,
       13.24642
      ],
      [
       80.34959,
       13.24525
      ],
      [
       80.34869,
       13.24516
      ],
      [
       80.3477,
       13.24624
      ],
      [
       80.34689,
       13.24669
      ],
      [
       80.34698,
       13.24723
      ],
      [
       80.34662,
       13.24822
      ]
     ]
    ]
   },
   "properties": {
    "id": "det-21",
    "classification": "lookalike",
    "confidence": 0.41,
    "area_km2": 4.272,
    "elongation": 1.72,
    "edge_gradient": 16.5379,
    "contrast_db": -1.92,
    "shape_class": "blob",
    "discharge_class": "acute",
    "centroid": [
     80.35048,
     13.2302
    ],
    "vh_contrast_db": -0.039,
    "vh_mean_depth_db": 4.762,
    "solidity": 0.48,
    "mean_depth_db": 5.075
   }
  },
  {
   "type": "Feature",
   "geometry": {
    "type": "Polygon",
    "coordinates": [
     [
      [
       80.40528,
       13.25073
      ],
      [
       80.40528,
       13.25038
      ],
      [
       80.40465,
       13.24966
      ],
      [
       80.40537,
       13.24939
      ],
      [
       80.40537,
       13.24867
      ],
      [
       80.40573,
       13.2484
      ],
      [
       80.40573,
       13.24687
      ],
      [
       80.40492,
       13.24642
      ],
      [
       80.40555,
       13.24642
      ],
      [
       80.40636,
       13.24597
      ],
      [
       80.40663,
       13.24463
      ],
      [
       80.40609,
       13.24427
      ],
      [
       80.40483,
       13.244
      ],
      [
       80.40537,
       13.24319
      ],
      [
       80.40618,
       13.24355
      ],
      [
       80.40717,
       13.24337
      ],
      [
       80.40762,
       13.24238
      ],
      [
       80.40807,
       13.24337
      ],
      [
       80.40986,
       13.24409
      ],
      [
       80.41085,
       13.24355
      ],
      [
       80.41067,
       13.24274
      ],
      [
       80.41013,
       13.2422
      ],
      [
       80.40861,
       13.24148
      ],
      [
       80.40861,
       13.24094
      ],
      [
       80.40905,
       13.24058
      ],
      [
       80.4095,
       13.24094
      ],
      [
       80.40986,
       13.24202
      ],
      [
       80.41076,
       13.24211
      ],
      [
       80.4113,
       13.24175
      ],
      [
       80.4113,
       13.24139
      ],
      [
       80.41076,
       13.24103
      ],
      [
       80.41058,
       13.24031
      ],
      [
       80.41121,
       13.24067
      ],
      [
       80.41193,
       13.24004
      ],
      [
       80.41238,
       13.2404
      ],
      [
       80.41301,
       13.2404
      ],
      [
       80.41355,
       13.24112
      ],
      [
       80.41355,
       13.24139
      ],
      [
       80.41283,
       13.24184
      ],
      [
       80.41301,
       13.24292
      ],
      [
       80.41355,
       13.24328
      ],
      [
       80.414,
       13.2431
      ],
      [
       80.41373,
       13.24409
      ],
      [
       80.41417,
       13.24588
      ],
      [
       80.41516,
       13.24714
      ],
      [
       80.41409,
       13.24678
      ],
      [
       80.41364,
       13.24723
      ],
      [
       80.41355,
       13.24831
      ],
      [
       80.41337,
       13.2475
      ],
      [
       80.41364,
       13.24687
      ],
      [
       80.41292,
       13.2466
      ],
      [
       80.41229,
       13.24427
      ],
      [
       80.41175,
       13.24391
      ],
      [
       80.41094,
       13.24391
      ],
      [
       80.41004,
       13.24481
      ],
      [
       80.40941,
       13.24481
      ],
      [
       80.40905,
       13.24516
      ],
      [
       80.40905,
       13.24579
      ],
      [
       80.41139,
       13.24714
      ],
      [
       80.41148,
       13.24804
      ],
      [
       80.41211,
       13.24858
      ],
      [
       80.41166,
       13.24966
      ],
      [
       80.41103,
       13.24903
      ],
      [
       80.41031,
       13.24894
      ],
      [
       80.41049,
       13.24804
      ],
      [
       80.40986,
       13.24768
      ],
      [
       80.40887,
       13.24822
      ],
      [
       80.40816,
       13.24768
      ],
      [
       80.40762,
       13.24804
      ],
      [
       80.40771,
       13.24867
      ],
      [
       80.4069,
       13.24912
      ],
      [
       80.4069,
       13.24966
      ],
      [
       80.40609,
       13.24912
      ],
      [
       80.40546,
       13.24957
      ],
      [
       80.40528,
       13.25073
      ]
     ]
    ]
   },
   "properties": {
    "id": "det-22",
    "classification": "lookalike",
    "confidence": 0.405,
    "area_km2": 0.491,
    "elongation": 1.38,
    "edge_gradient": 18.0217,
    "contrast_db": -1.86,
    "shape_class": "blob",
    "discharge_class": "acute",
    "centroid": [
     80.40967,
     13.24525
    ],
    "vh_contrast_db": -0.462,
    "vh_mean_depth_db": 5.989,
    "solidity": 0.491,
    "mean_depth_db": 4.816
   }
  },
  {
   "type": "Feature",
   "geometry": {
    "type": "Polygon",
    "coordinates": [
     [
      [
       80.41974,
       13.25244
      ],
      [
       80.41956,
       13.25199
      ],
      [
       80.41983,
       13.25118
      ],
      [
       80.42046,
       13.25091
      ],
      [
       80.42046,
       13.25038
      ],
      [
       80.41983,
       13.24993
      ],
      [
       80.41903,
       13.25064
      ],
      [
       80.41813,
       13.25064
      ],
      [
       80.41759,
       13.25029
      ],
      [
       80.41795,
       13.24939
      ],
      [
       80.41867,
       13.24894
      ],
      [
       80.41912,
       13.24786
      ],
      [
       80.41956,
       13.24813
      ],
      [
       80.4201,
       13.24786
      ],
      [
       80.42037,
       13.24804
      ],
      [
       80.42019,
       13.24948
      ],
      [
       80.42073,
       13.25011
      ],
      [
       80.42046,
       13.25082
      ],
      [
       80.42064,
       13.25199
      ],
      [
       80.41974,
       13.25244
      ]
     ]
    ]
   },
   "properties": {
    "id": "det-23",
    "classification": "lookalike",
    "confidence": 0.404,
    "area_km2": 0.076,
    "elongation": 1.53,
    "edge_gradient": 17.5946,
    "contrast_db": -1.85,
    "shape_class": "blob",
    "discharge_class": "acute",
    "centroid": [
     80.4194,
     13.24976
    ],
    "vh_contrast_db": 0.301,
    "vh_mean_depth_db": 6.43,
    "solidity": 0.651,
    "mean_depth_db": 5.137
   }
  },
  {
   "type": "Feature",
   "geometry": {
    "type": "Polygon",
    "coordinates": [
     [
      [
       80.37851,
       13.19252
      ],
      [
       80.3777,
       13.19198
      ],
      [
       80.37698,
       13.19243
      ],
      [
       80.37716,
       13.19145
      ],
      [
       80.37627,
       13.19082
      ],
      [
       80.37636,
       13.19055
      ],
      [
       80.37734,
       13.19019
      ],
      [
       80.37797,
       13.19028
      ],
      [
       80.37824,
       13.19001
      ],
      [
       80.37797,
       13.18929
      ],
      [
       80.37716,
       13.18911
      ],
      [
       80.37636,
       13.18938
      ],
      [
       80.37582,
       13.18893
      ],
      [
       80.3751,
       13.18938
      ],
      [
       80.37474,
       13.19028
      ],
      [
       80.37393,
       13.19019
      ],
      [
       80.37348,
       13.19073
      ],
      [
       80.37213,
       13.19028
      ],
      [
       80.37213,
       13.18893
      ],
      [
       80.37285,
       13.18839
      ],
      [
       80.37249,
       13.18641
      ],
      [
       80.37303,
       13.18552
      ],
      [
       80.37303,
       13.18507
      ],
      [
       80.3724,
       13.18471
      ],
      [
       80.37249,
       13.1839
      ],
      [
       80.37222,
       13.18345
      ],
      [
       80.37258,
       13.18309
      ],
      [
       80.37258,
       13.18264
      ],
      [
       80.37222,
       13.18228
      ],
      [
       80.37168,
       13.18228
      ],
      [
       80.3707,
       13.18318
      ],
      [
       80.3707,
       13.18354
      ],
      [
       80.37124,
       13.1839
      ],
      [
       80.37159,
       13.18498
      ],
      [
       80.37142,
       13.18516
      ],
      [
       80.37079,
       13.18471
      ],
      [
       80.37016,
       13.1848
      ],
      [
       80.36989,
       13.18417
      ],
      [
       80.36881,
       13.18417
      ],
      [
       80.3698,
       13.18363
      ],
      [
       80.3698,
       13.18309
      ],
      [
       80.36899,
       13.18282
      ],
      [
       80.36854,
       13.18219
      ],
      [
       80.37034,
       13.183
      ],
      [
       80.3715,
       13.1821
      ],
      [
       80.3715,
       13.18058
      ],
      [
       80.37097,
       13.18004
      ],
      [
       80.37177,
       13.18022
      ],
      [
       80.37222,
       13.17986
      ],
      [
       80.37222,
       13.1795
      ],
      [
       80.3715,
       13.17896
      ],
      [
       80.37097,
       13.17896
      ],
      [
       80.37106,
       13.17833
      ],
      [
       80.37249,
       13.17851
      ],
      [
       80.37222,
       13.17941
      ],
      [
       80.37258,
       13.18067
      ],
      [
       80.37204,
       13.18085
      ],
      [
       80.37177,
       13.18147
      ],
      [
       80.37249,
       13.18174
      ],
      [
       80.37285,
       13.18228
      ],
      [
       80.37384,
       13.18255
      ],
      [
       80.37474,
       13.18174
      ],
      [
       80.37555,
       13.18237
      ],
      [
       80.37663,
       13.18174
      ],
      [
       80.37663,
       13.18129
      ],
      [
       80.37564,
       13.18076
      ],
      [
       80.37573,
       13.18004
      ],
      [
       80.37501,
       13.1795
      ],
      [
       80.37411,
       13.17977
      ],
      [
       80.37384,
       13.18004
      ],
      [
       80.37402,
       13.18058
      ],
      [
       80.37375,
       13.18094
      ],
      [
       80.37348,
       13.18085
      ],
      [
       80.37357,
       13.18004
      ],
      [
       80.37411,
       13.17968
      ],
      [
       80.37411,
       13.17914
      ],
      [
       80.37492,
       13.17923
      ],
      [
       80.37519,
       13.17869
      ],
      [
       80.37618,
       13.17905
      ],
      [
       80.37698,
       13.17869
      ],
      [
       80.37716,
       13.17959
      ],
      [
       80.37672,
       13.17995
      ],
      [
       80.37672,
       13.18031
      ],
      [
       80.37725,
       13.18085
      ],
      [
       80.37698,
       13.18192
      ],
      [
       80.37743,
       13.18237
      ],
      [
       80.37743,
       13.18318
      ],
      [
       80.37797,
       13.18363
      ],
      [
       80.37752,
       13.18399
      ],
      [
       80.37645,
       13.18408
      ],
      [
       80.37591,
       13.18462
      ],
      [
       80.37582,
       13.18552
      ],
      [
       80.37501,
       13.18507
      ],
      [
       80.37438,
       13.18534
      ],
      [
       80.37411,
       13.18597
      ],
      [
       80.3742,
       13.18641
      ],
      [
       80.37474,
       13.18677
      ],
      [
       80.37609,
       13.1865
      ],
      [
       80.37645,
       13.18704
      ],
      [
       80.37716,
       13.18695
      ],
      [
       80.37824,
       13.18767
      ],
      [
       80.37887,
       13.1874
      ],
      [
       80.37896,
       13.18803
      ],
      [
       80.37815,
       13.18839
      ],
      [
       80.37842,
       13.18983
      ],
      [
       80.37815,
       13.19091
      ],
      [
       80.37878,
       13.1918
      ],
      [
       80.37851,
       13.19252
      ]
     ]
    ]
   },
   "properties": {
    "id": "det-24",
    "classification": "lookalike",
    "confidence": 0.401,
    "area_km2": 0.586,
    "elongation": 1.53,
    "edge_gradient": 16.8301,
    "contrast_db": -1.81,
    "shape_class": "blob",
    "discharge_class": "acute",
    "centroid": [
     80.37463,
     13.18534
    ],
    "vh_contrast_db": 0.096,
    "vh_mean_depth_db": 5.212,
    "solidity": 0.456,
    "mean_depth_db": 4.858
   }
  },
  {
   "type": "Feature",
   "geometry": {
    "type": "Polygon",
    "coordinates": [
     [
      [
       80.42936,
       13.2581
      ],
      [
       80.42864,
       13.2581
      ],
      [
       80.42828,
       13.25738
      ],
      [
       80.42729,
       13.25756
      ],
      [
       80.42666,
       13.25711
      ],
      [
       80.42594,
       13.25765
      ],
      [
       80.42576,
       13.25675
      ],
      [
       80.4254,
       13.25648
      ],
      [
       80.42549,
       13.2563
      ],
      [
       80.42648,
       13.25702
      ],
      [
       80.42783,
       13.25603
      ],
      [
       80.42765,
       13.25379
      ],
      [
       80.42675,
       13.25343
      ],
      [
       80.42702,
       13.25271
      ],
      [
       80.42666,
       13.25235
      ],
      [
       80.42594,
       13.25235
      ],
      [
       80.42612,
       13.25154
      ],
      [
       80.42585,
       13.25127
      ],
      [
       80.42585,
       13.25082
      ],
      [
       80.42648,
       13.25073
      ],
      [
       80.42675,
       13.25011
      ],
      [
       80.42729,
       13.24975
      ],
      [
       80.42729,
       13.24894
      ],
      [
       80.42675,
       13.24858
      ],
      [
       80.42603,
       13.24939
      ],
      [
       80.42585,
       13.2493
      ],
      [
       80.42567,
       13.24858
      ],
      [
       80.4263,
       13.24858
      ],
      [
       80.42657,
       13.24777
      ],
      [
       80.42585,
       13.24723
      ],
      [
       80.42513,
       13.24723
      ],
      [
       80.42522,
       13.24588
      ],
      [
       80.42442,
       13.24561
      ],
      [
       80.42451,
       13.24516
      ],
      [
       80.42558,
       13.24507
      ],
      [
       80.42603,
       13.24454
      ],
      [
       80.42603,
       13.24409
      ],
      [
       80.4263,
       13.24409
      ],
      [
       80.42603,
       13.24561
      ],
      [
       80.4254,
       13.24588
      ],
      [
       80.42567,
       13.24651
      ],
      [
       80.42711,
       13.24615
      ],
      [
       80.42747,
       13.24579
      ],
      [
       80.42738,
       13.2449
      ],
      [
       80.42783,
       13.2449
      ],
      [
       80.42855,
       13.24552
      ],
      [
       80.42945,
       13.24499
      ],
      [
       80.42882,
       13.24624
      ],
      [
       80.42963,
       13.24678
      ],
      [
       80.42882,
       13.24759
      ],
      [
       80.42882,
       13.24813
      ],
      [
       80.42936,
       13.24849
      ],
      [
       80.43008,
       13.24822
      ],
      [
       80.43052,
       13.24867
      ],
      [
       80.43106,
       13.24867
      ],
      [
       80.43106,
       13.24912
      ],
      [
       80.43052,
       13.24912
      ],
      [
       80.42981,
       13.24849
      ],
      [
       80.42873,
       13.24885
      ],
      [
       80.42828,
       13.24831
      ],
      [
       80.42774,
       13.24831
      ],
      [
       80.42747,
       13.24858
      ],
      [
       80.42756,
       13.24948
      ],
      [
       80.42846,
       13.24984
      ],
      [
       80.42837,
       13.25038
      ],
      [
       80.42864,
       13.25064
      ],
      [
       80.42981,
       13.25082
      ],
      [
       80.43008,
       13.25055
      ],
      [
       80.42981,
       13.24975
      ],
      [
       80.43008,
       13.24957
      ],
      [
       80.43016,
       13.25002
      ],
      [
       80.4307,
       13.25038
      ],
      [
       80.4316,
       13.25002
      ],
      [
       80.4325,
       13.25029
      ],
      [
       80.4325,
       13.25064
      ],
      [
       80.43187,
       13.25109
      ],
      [
       80.43187,
       13.25163
      ],
      [
       80.43232,
       13.25199
      ],
      [
       80.43187,
       13.25244
      ],
      [
       80.43196,
       13.25289
      ],
      [
       80.4316,
       13.25307
      ],
      [
       80.43034,
       13.2519
      ],
      [
       80.42972,
       13.25235
      ],
      [
       80.42972,
       13.25271
      ],
      [
       80.43016,
       13.25307
      ],
      [
       80.42999,
       13.25334
      ],
      [
       80.42891,
       13.25289
      ],
      [
       80.42801,
       13.25208
      ],
      [
       80.42864,
       13.25127
      ],
      [
       80.42801,
       13.25064
      ],
      [
       80.42675,
       13.25064
      ],
      [
       80.42621,
       13.251
      ],
      [
       80.42621,
       13.25199
      ],
      [
       80.42657,
       13.25235
      ],
      [
       80.42729,
       13.25244
      ],
      [
       80.42738,
       13.25307
      ],
      [
       80.42792,
       13.25343
      ],
      [
       80.42792,
       13.25469
      ],
      [
       80.42891,
       13.25523
      ],
      [
       80.42981,
       13.25523
      ],
      [
       80.42963,
       13.25585
      ],
      [
       80.42882,
       13.25639
      ],
      [
       80.42936,
       13.2581
      ]
     ]
    ]
   },
   "properties": {
    "id": "det-25",
    "classification": "lookalike",
    "confidence": 0.4,
    "area_km2": 0.337,
    "elongation": 1.86,
    "edge_gradient": 17.5381,
    "contrast_db": -1.81,
    "shape_class": "blob",
    "discharge_class": "acute",
    "centroid": [
     80.42834,
     13.25071
    ],
    "vh_contrast_db": -0.519,
    "vh_mean_depth_db": 6.622,
    "solidity": 0.341,
    "mean_depth_db": 4.917
   }
  },
  {
   "type": "Feature",
   "geometry": {
    "type": "Polygon",
    "coordinates": [
     [
      [
       80.4007,
       13.2484
      ],
      [
       80.39989,
       13.24813
      ],
      [
       80.39935,
       13.2475
      ],
      [
       80.39881,
       13.24804
      ],
      [
       80.39836,
       13.24795
      ],
      [
       80.3981,
       13.24669
      ],
      [
       80.39747,
       13.24633
      ],
      [
       80.39738,
       13.24481
      ],
      [
       80.39783,
       13.24481
      ],
      [
       80.39818,
       13.24436
      ],
      [
       80.3981,
       13.2431
      ],
      [
       80.39899,
       13.24427
      ],
      [
       80.39944,
       13.24436
      ],
      [
       80.39926,
       13.2449
      ],
      [
       80.40007,
       13.24561
      ],
      [
       80.39944,
       13.24606
      ],
      [
       80.39944,
       13.24642
      ],
      [
       80.39998,
       13.24741
      ],
      [
       80.40088,
       13.24813
      ],
      [
       80.4007,
       13.2484
      ]
     ]
    ]
   },
   "properties": {
    "id": "det-26",
    "classification": "lookalike",
    "confidence": 0.393,
    "area_km2": 0.098,
    "elongation": 2.25,
    "edge_gradient": 22.7305,
    "contrast_db": -1.71,
    "shape_class": "blob",
    "discharge_class": "acute",
    "centroid": [
     80.39879,
     13.24597
    ],
    "vh_contrast_db": 0.915,
    "vh_mean_depth_db": 4.588,
    "solidity": 0.724,
    "mean_depth_db": 4.745
   }
  },
  {
   "type": "Feature",
   "geometry": {
    "type": "Polygon",
    "coordinates": [
     [
      [
       80.34348,
       13.2316
      ],
      [
       80.34258,
       13.23115
      ],
      [
       80.34177,
       13.23169
      ],
      [
       80.34168,
       13.23097
      ],
      [
       80.34249,
       13.23106
      ],
      [
       80.34303,
       13.23034
      ],
      [
       80.34276,
       13.22971
      ],
      [
       80.33988,
       13.23043
      ],
      [
       80.33935,
       13.22989
      ],
      [
       80.33961,
       13.22953
      ],
      [
       80.34033,
       13.23007
      ],
      [
       80.34114,
       13.22944
      ],
      [
       80.34114,
       13.22855
      ],
      [
       80.34159,
       13.22828
      ],
      [
       80.3415,
       13.22765
      ],
      [
       80.34195,
       13.22738
      ],
      [
       80.34195,
       13.22693
      ],
      [
       80.34267,
       13.22882
      ],
      [
       80.34258,
       13.22926
      ],
      [
       80.34339,
       13.23007
      ],
      [
       80.34321,
       13.23061
      ],
      [
       80.34357,
       13.23088
      ],
      [
       80.34348,
       13.2316
      ]
     ]
    ]
   },
   "properties": {
    "id": "det-27",
    "classification": "lookalike",
    "confidence": 0.382,
    "area_km2": 0.068,
    "elongation": 1.66,
    "edge_gradient": 19.6831,
    "contrast_db": -1.58,
    "shape_class": "blob",
    "discharge_class": "acute",
    "centroid": [
     80.34188,
     13.22959
    ],
    "vh_contrast_db": 0.499,
    "vh_mean_depth_db": 3.417,
    "solidity": 0.485,
    "mean_depth_db": 4.662
   }
  },
  {
   "type": "Feature",
   "geometry": {
    "type": "Polygon",
    "coordinates": [
     [
      [
       80.35498,
       13.20726
      ],
      [
       80.35534,
       13.20654
      ],
      [
       80.35614,
       13.20672
      ],
      [
       80.35659,
       13.20744
      ],
      [
       80.35722,
       13.20744
      ],
      [
       80.35758,
       13.20708
      ],
      [
       80.3574,
       13.20618
      ],
      [
       80.35812,
       13.20573
      ],
      [
       80.35848,
       13.20447
      ],
      [
       80.35893,
       13.20447
      ],
      [
       80.3601,
       13.20375
      ],
      [
       80.36099,
       13.20411
      ],
      [
       80.36081,
       13.20456
      ],
      [
       80.35992,
       13.20438
      ],
      [
       80.35965,
       13.20465
      ],
      [
       80.35965,
       13.20537
      ],
      [
       80.36001,
       13.20573
      ],
      [
       80.36064,
       13.20573
      ],
      [
       80.36108,
       13.20618
      ],
      [
       80.36108,
       13.20681
      ],
      [
       80.36064,
       13.20627
      ],
      [
       80.35992,
       13.20627
      ],
      [
       80.35929,
       13.20582
      ],
      [
       80.35839,
       13.20636
      ],
      [
       80.35839,
       13.20717
      ],
      [
       80.35884,
       13.20753
      ],
      [
       80.35884,
       13.20806
      ],
      [
       80.3583,
       13.20869
      ],
      [
       80.35785,
       13.20788
      ],
      [
       80.35578,
       13.20788
      ],
      [
       80.35498,
       13.20726
      ]
     ]
    ]
   },
   "properties": {
    "id": "det-28",
    "classification": "lookalike",
    "confidence": 0.38,
    "area_km2": 0.105,
    "elongation": 1.67,
    "edge_gradient": 17.2627,
    "contrast_db": -1.56,
    "shape_class": "blob",
    "discharge_class": "acute",
    "centroid": [
     80.35838,
     13.20625
    ],
    "vh_contrast_db": 0.407,
    "vh_mean_depth_db": 4.679,
    "solidity": 0.473,
    "mean_depth_db": 4.679
   }
  },
  {
   "type": "Feature",
   "geometry": {
    "type": "Polygon",
    "coordinates": [
     [
      [
       80.39693,
       13.26897
      ],
      [
       80.39603,
       13.26852
      ],
      [
       80.39648,
       13.26825
      ],
      [
       80.39648,
       13.26789
      ],
      [
       80.39585,
       13.26735
      ],
      [
       80.39522,
       13.2678
      ],
      [
       80.39522,
       13.26816
      ],
      [
       80.39585,
       13.26861
      ],
      [
       80.39558,
       13.2687
      ],
      [
       80.39495,
       13.26825
      ],
      [
       80.39396,
       13.26825
      ],
      [
       80.39342,
       13.26789
      ],
      [
       80.39279,
       13.26825
      ],
      [
       80.39226,
       13.26789
      ],
      [
       80.39154,
       13.26825
      ],
      [
       80.39145,
       13.26798
      ],
      [
       80.3919,
       13.26771
      ],
      [
       80.39154,
       13.26663
      ],
      [
       80.39208,
       13.26672
      ],
      [
       80.39262,
       13.26637
      ],
      [
       80.39262,
       13.26601
      ],
      [
       80.39217,
       13.26574
      ],
      [
       80.39235,
       13.26547
      ],
      [
       80.39306,
       13.26547
      ],
      [
       80.3936,
       13.26645
      ],
      [
       80.39423,
       13.26645
      ],
      [
       80.3945,
       13.26565
      ],
      [
       80.39369,
       13.26484
      ],
      [
       80.39477,
       13.26403
      ],
      [
       80.39504,
       13.26475
      ],
      [
       80.39558,
       13.26475
      ],
      [
       80.39522,
       13.26601
      ],
      [
       80.39567,
       13.26699
      ],
      [
       80.39675,
       13.2678
      ],
      [
       80.39693,
       13.26897
      ]
     ]
    ]
   },
   "properties": {
    "id": "det-29",
    "classification": "lookalike",
    "confidence": 0.374,
    "area_km2": 0.133,
    "elongation": 1.11,
    "edge_gradient": 17.0342,
    "contrast_db": -1.49,
    "shape_class": "blob",
    "discharge_class": "acute",
    "centroid": [
     80.3941,
     13.26683
    ],
    "vh_contrast_db": 0.949,
    "vh_mean_depth_db": 4.67,
    "solidity": 0.614,
    "mean_depth_db": 4.632
   }
  }
 ]
}