{
 "type": "FeatureCollection",
 "ship_detections": [
  {
   "lon": -79.6346,
   "lat": 30.35297,
   "px_area": 13,
   "peak_db": -7.34
  },
  {
   "lon": -79.59244,
   "lat": 30.3918,
   "px_area": 4,
   "peak_db": -8.13
  }
 ],
 "features": [
  {
   "type": "Feature",
   "geometry": {
    "type": "Polygon",
    "coordinates": [
     [
      [
       -79.63111,
       30.37541
      ],
      [
       -79.63264,
       30.37397
      ],
      [
       -79.63201,
       30.37415
      ],
      [
       -79.63147,
       30.37379
      ],
      [
       -79.63093,
       30.37083
      ],
      [
       -79.63255,
       30.36984
      ],
      [
       -79.63246,
       30.36957
      ],
      [
       -79.63192,
       30.36993
      ],
      [
       -79.63138,
       30.36975
      ],
      [
       -79.63093,
       30.36921
      ],
      [
       -79.63102,
       30.36831
      ],
      [
       -79.63201,
       30.36786
      ],
      [
       -79.63084,
       30.36777
      ],
      [
       -79.63013,
       30.3666
      ],
      [
       -79.63013,
       30.36562
      ],
      [
       -79.63066,
       30.36499
      ],
      [
       -79.63111,
       30.36499
      ],
      [
       -79.63093,
       30.36409
      ],
      [
       -79.63013,
       30.36418
      ],
      [
       -79.62977,
       30.36382
      ],
      [
       -79.62986,
       30.36211
      ],
      [
       -79.63093,
       30.36175
      ],
      [
       -79.63013,
       30.3613
      ],
      [
       -79.63039,
       30.35978
      ],
      [
       -79.63129,
       30.35942
      ],
      [
       -79.63165,
       30.35897
      ],
      [
       -79.63264,
       30.35879
      ],
      [
       -79.63219,
       30.35825
      ],
      [
       -79.63237,
       30.35762
      ],
      [
       -79.63201,
       30.35726
      ],
      [
       -79.63201,
       30.35681
      ],
      [
       -79.63147,
       30.35726
      ],
      [
       -79.63201,
       30.35762
      ],
      [
       -79.6321,
       30.35843
      ],
      [
       -79.63138,
       30.35897
      ],
      [
       -79.63084,
       30.35897
      ],
      [
       -79.63048,
       30.35798
      ],
      [
       -79.62995,
       30.35762
      ],
      [
       -79.62995,
       30.35726
      ],
      [
       -79.63066,
       30.3569
      ],
      [
       -79.63066,
       30.35645
      ],
      [
       -79.63102,
       30.35609
      ],
      [
       -79.63066,
       30.35484
      ],
      [
       -79.6312,
       30.35412
      ],
      [
       -79.63111,
       30.35286
      ],
      [
       -79.63156,
       30.3525
      ],
      [
       -79.6312,
       30.35214
      ],
      [
       -79.63147,
       30.34981
      ],
      [
       -79.63075,
       30.34945
      ],
      [
       -79.63075,
       30.349
      ],
      [
       -79.63039,
       30.34864
      ],
      [
       -79.63039,
       30.34819
      ],
      [
       -79.63102,
       30.34774
      ],
      [
       -79.63075,
       30.34738
      ],
      [
       -79.63075,
       30.34657
      ],
      [
       -79.63129,
       30.34612
      ],
      [
       -79.63066,
       30.34558
      ],
      [
       -79.63057,
       30.34424
      ],
      [
       -79.63093,
       30.34361
      ],
      [
       -79.63039,
       30.34235
      ],
      [
       -79.63129,
       30.34199
      ],
      [
       -79.63147,
       30.34154
      ],
      [
       -79.63075,
       30.34163
      ],
      [
       -79.63013,
       30.34118
      ],
      [
       -79.62968,
       30.33948
      ],
      [
       -79.62995,
       30.33867
      ],
      [
       -79.6295,
       30.3384
      ],
      [
       -79.62923,
       30.33777
      ],
      [
       -79.62959,
       30.33687
      ],
      [
       -79.63022,
       30.33642
      ],
      [
       -79.63004,
       30.3357
      ],
      [
       -79.63057,
       30.33525
      ],
      [
       -79.62959,
       30.33462
      ],
      [
       -79.62977,
       30.33355
      ],
      [
       -79.62932,
       30.33328
      ],
      [
       -79.62941,
       30.3322
      ],
      [
       -79.62896,
       30.33112
      ],
      [
       -79.62932,
       30.32924
      ],
      [
       -79.62896,
       30.32843
      ],
      [
       -79.62896,
       30.32699
      ],
      [
       -79.6286,
       30.32672
      ],
      [
       -79.62887,
       30.32573
      ],
      [
       -79.62851,
       30.32546
      ],
      [
       -79.62851,
       30.32322
      ],
      [
       -79.62878,
       30.32295
      ],
      [
       -79.62824,
       30.32151
      ],
      [
       -79.62851,
       30.32088
      ],
      [
       -79.62833,
       30.32025
      ],
      [
       -79.62869,
       30.31971
      ],
      [
       -79.62851,
       30.31774
      ],
      [
       -79.62896,
       30.31738
      ],
      [
       -79.62878,
       30.31585
      ],
      [
       -79.62842,
       30.3154
      ],
      [
       -79.62806,
       30.31387
      ],
      [
       -79.62887,
       30.31342
      ],
      [
       -79.62968,
       30.31387
      ],
      [
       -79.6303,
       30.31369
      ],
      [
       -79.63004,
       30.31342
      ],
      [
       -79.62923,
       30.31342
      ],
      [
       -79.62842,
       30.3128
      ],
      [
       -79.62869,
       30.31172
      ],
      [
       -79.62959,
       30.31136
      ],
      [
       -79.62842,
       30.31055
      ],
      [
       -79.62869,
       30.30947
      ],
      [
       -79.62824,
       30.30911
      ],
      [
       -79.62824,
       30.3075
      ],
      [
       -79.62788,
       30.30669
      ],
      [
       -79.62797,
       30.30606
      ],
      [
       -79.6286,
       30.3057
      ],
      [
       -79.62815,
       30.30534
      ],
      [
       -79.62815,
       30.30417
      ],
      [
       -79.6286,
       30.30309
      ],
      [
       -79.62842,
       30.30193
      ],
      [
       -79.62869,
       30.30004
      ],
      [
       -79.62914,
       30.29923
      ],
      [
       -79.62887,
       30.29896
      ],
      [
       -79.62887,
       30.29761
      ],
      [
       -79.6286,
       30.29734
      ],
      [
       -79.62887,
       30.29537
      ],
      [
       -79.62842,
       30.29456
      ],
      [
       -79.6286,
       30.29366
      ],
      [
       -79.62833,
       30.2933
      ],
      [
       -79.62833,
       30.29231
      ],
      [
       -79.6286,
       30.29204
      ],
      [
       -79.62797,
       30.28989
      ],
      [
       -79.62833,
       30.2889
      ],
      [
       -79.6277,
       30.28791
      ],
      [
       -79.6277,
       30.28692
      ],
      [
       -79.62932,
       30.28594
      ],
      [
       -79.63022,
       30.28594
      ],
      [
       -79.63048,
       30.28621
      ],
      [
       -79.63048,
       30.28692
      ],
      [
       -79.63075,
       30.28692
      ],
      [
       -79.6312,
       30.28621
      ],
      [
       -79.63039,
       30.28594
      ],
      [
       -79.62986,
       30.28522
      ],
      [
       -79.62905,
       30.28585
      ],
      [
       -79.62779,
       30.28558
      ],
      [
       -79.62725,
       30.28495
      ],
      [
       -79.62698,
       30.28387
      ],
      [
       -79.62743,
       30.28207
      ],
      [
       -79.62644,
       30.28064
      ],
      [
       -79.62653,
       30.27992
      ],
      [
       -79.62617,
       30.27956
      ],
      [
       -79.62644,
       30.27875
      ],
      [
       -79.62617,
       30.27794
      ],
      [
       -79.62662,
       30.27722
      ],
      [
       -79.62752,
       30.27713
      ],
      [
       -79.62653,
       30.27704
      ],
      [
       -79.62617,
       30.27668
      ],
      [
       -79.62617,
       30.27596
      ],
      [
       -79.62761,
       30.27543
      ],
      [
       -79.62815,
       30.27579
      ],
      [
       -79.62842,
       30.27641
      ],
      [
       -79.62905,
       30.27659
      ],
      [
       -79.62932,
       30.27614
      ],
      [
       -79.6286,
       30.27561
      ],
      [
       -79.6286,
       30.27462
      ],
      [
       -79.62806,
       30.27408
      ],
      [
       -79.62752,
       30.27435
      ],
      [
       -79.62671,
       30.27408
      ],
      [
       -79.62626,
       30.27354
      ],
      [
       -79.62626,
       30.27147
      ],
      [
       -79.62653,
       30.27102
      ],
      [
       -79.62635,
       30.27022
      ],
      [
       -79.6268,
       30.26986
      ],
      [
       -79.6259,
       30.26905
      ],
      [
       -79.62545,
       30.26761
      ],
      [
       -79.62527,
       30.2659
      ],
      [
       -79.62581,
       30.26501
      ],
      [
       -79.62492,
       30.26447
      ],
      [
       -79.62483,
       30.26195
      ],
      [
       -79.62509,
       30.2606
      ],
      [
       -79.62474,
       30.26024
      ],
      [
       -79.625,
       30.25944
      ],
      [
       -79.62456,
       30.25836
      ],
      [
       -79.62483,
       30.25755
      ],
      [
       -79.62554,
       30.25719
      ],
      [
       -79.6268,
       30.25782
      ],
      [
       -79.62662,
       30.25845
      ],
      [
       -79.62752,
       30.25944
      ],
      [
       -79.6286,
       30.2589
      ],
      [
       -79.62923,
       30.25953
      ],
      [
       -79.62959,
       30.25953
      ],
      [
       -79.62851,
       30.25863
      ],
      [
       -79.62842,
       30.25818
      ],
      [
       -79.6277,
       30.25818
      ],
      [
       -79.62734,
       30.25755
      ],
      [
       -79.62662,
       30.25764
      ],
      [
       -79.62635,
       30.25701
      ],
      [
       -79.62707,
       30.25656
      ],
      [
       -79.62752,
       30.25665
      ],
      [
       -79.62743,
       30.25602
      ],
      [
       -79.62797,
       30.25539
      ],
      [
       -79.62752,
       30.25485
      ],
      [
       -79.62752,
       30.25441
      ],
      [
       -79.62815,
       30.25306
      ],
      [
       -79.62869,
       30.25306
      ],
      [
       -79.62905,
       30.25342
      ],
      [
       -79.62905,
       30.25459
      ],
      [
       -79.6295,
       30.25494
      ],
      [
       -79.63004,
       30.25441
      ],
      [
       -79.62932,
       30.25396
      ],
      [
       -79.62932,
       30.25342
      ],
      [
       -79.62968,
       30.25315
      ],
      [
       -79.6295,
       30.25297
      ],
      [
       -79.62824,
       30.25297
      ],
      [
       -79.62734,
       30.25207
      ],
      [
       -79.6277,
       30.25099
      ],
      [
       -79.62707,
       30.25036
      ],
      [
       -79.62689,
       30.25081
      ],
      [
       -79.62716,
       30.25144
      ],
      [
       -79.62635,
       30.25189
      ],
      [
       -79.62689,
       30.25225
      ],
      [
       -79.62707,
       30.25306
      ],
      [
       -79.62662,
       30.25414
      ],
      [
       -79.6268,
       30.25485
      ],
      [
       -79.62626,
       30.25521
      ],
      [
       -79.62518,
       30.25494
      ],
      [
       -79.62447,
       30.25423
      ],
      [
       -79.62456,
       30.25306
      ],
      [
       -79.62483,
       30.2527
      ],
      [
       -79.62438,
       30.25153
      ],
      [
       -79.62447,
       30.25018
      ],
      [
       -79.62509,
       30.24973
      ],
      [
       -79.62563,
       30.25
      ],
      [
       -79.6259,
       30.24973
      ],
      [
       -79.62492,
       30.24973
      ],
      [
       -79.6242,
       30.24928
      ],
      [
       -79.62429,
       30.24839
      ],
      [
       -79.62366,
       30.24785
      ],
      [
       -79.62366,
       30.2474
      ],
      [
       -79.6242,
       30.24704
      ],
      [
       -79.62465,
       30.24722
      ],
      [
       -79.62483,
       30.24677
      ],
      [
       -79.62447,
       30.24605
      ],
      [
       -79.62366,
       30.24569
      ],
      [
       -79.62366,
       30.24533
      ],
      [
       -79.62429,
       30.24488
      ],
      [
       -79.62483,
       30.24524
      ],
      [
       -79.62554,
       30.24497
      ],
      [
       -79.62608,
       30.24533
      ],
      [
       -79.62617,
       30.24587
      ],
      [
       -79.6268,
       30.24524
      ],
      [
       -79.6268,
       30.24452
      ],
      [
       -79.62635,
       30.24425
      ],
      [
       -79.62608,
       30.24488
      ],
      [
       -79.62438,
       30.24497
      ],
      [
       -79.6233,
       30.24443
      ],
      [
       -79.6233,
       30.2439
      ],
      [
       -79.62366,
       30.24354
      ],
      [
       -79.6233,
       30.24318
      ],
      [
       -79.62303,
       30.24192
      ],
      [
       -79.62294,
       30.23877
      ],
      [
       -79.62258,
       30.23842
      ],
      [
       -79.62285,
       30.23743
      ],
      [
       -79.62231,
       30.23653
      ],
      [
       -79.62249,
       30.23572
      ],
      [
       -79.62222,
       30.235
      ],
      [
       -79.62321,
       30.23455
      ],
      [
       -79.62384,
       30.23473
      ],
      [
       -79.62438,
       30.23581
      ],
      [
       -79.62545,
       30.23473
      ],
      [
       -79.62447,
       30.23518
      ],
      [
       -79.62393,
       30.23482
      ],
      [
       -79.62375,
       30.23419
      ],
      [
       -79.62276,
       30.23446
      ],
      [
       -79.62222,
       30.2341
      ],
      [
       -79.6224,
       30.23347
      ],
      [
       -79.62186,
       30.23312
      ],
      [
       -79.62213,
       30.23213
      ],
      [
       -79.62186,
       30.23141
      ],
      [
       -79.62195,
       30.22934
      ],
      [
       -79.62132,
       30.22889
      ],
      [
       -79.62132,
       30.22853
      ],
      [
       -79.62186,
       30.22817
      ],
      [
       -79.62258,
       30.22817
      ],
      [
       -79.62132,
       30.22701
      ],
      [
       -79.62132,
       30.22602
      ],
      [
       -79.62159,
       30.22566
      ],
      [
       -79.62105,
       30.22512
      ],
      [
       -79.62114,
       30.22431
      ],
      [
       -79.6206,
       30.22234
      ],
      [
       -79.6206,
       30.22018
      ],
      [
       -79.61988,
       30.22018
      ],
      [
       -79.62051,
       30.22216
      ],
      [
       -79.62033,
       30.22332
      ],
      [
       -79.61979,
       30.22368
      ],
      [
       -79.61926,
       30.22332
      ],
      [
       -79.61899,
       30.22269
      ],
      [
       -79.61908,
       30.22144
      ],
      [
       -79.61863,
       30.22108
      ],
      [
       -79.61863,
       30.22072
      ],
      [
       -79.61926,
       30.22009
      ],
      [
       -79.61881,
       30.21964
      ],
      [
       -79.61872,
       30.22054
      ],
      [
       -79.61818,
       30.2209
      ],
      [
       -79.61872,
       30.22135
      ],
      [
       -79.61845,
       30.22198
      ],
      [
       -79.61656,
       30.22144
      ],
      [
       -79.61575,
       30.22189
      ],
      [
       -79.6144,
       30.22153
      ],
      [
       -79.61423,
       30.2218
      ],
      [
       -79.61458,
       30.22216
      ],
      [
       -79.61458,
       30.22261
      ],
      [
       -79.61423,
       30.22296
      ],
      [
       -79.61423,
       30.22341
      ],
      [
       -79.61333,
       30.22377
      ],
      [
       -79.61243,
       30.22296
      ],
      [
       -79.61243,
       30.22386
      ],
      [
       -79.6118,
       30.22431
      ],
      [
       -79.61126,
       30.22395
      ],
      [
       -79.61117,
       30.22341
      ],
      [
       -79.61063,
       30.22359
      ],
      [
       -79.60991,
       30.22314
      ],
      [
       -79.60919,
       30.22332
      ],
      [
       -79.60866,
       30.22296
      ],
      [
       -79.60866,
       30.22216
      ],
      [
       -79.60893,
       30.22189
      ],
      [
       -79.61,
       30.22225
      ],
      [
       -79.61,
       30.22189
      ],
      [
       -79.60946,
       30.22153
      ],
      [
       -79.60812,
       30.22162
      ],
      [
       -79.6074,
       30.22207
      ],
      [
       -79.60686,
       30.22189
      ],
      [
       -79.60686,
       30.22243
      ],
      [
       -79.60767,
       30.22252
      ],
      [
       -79.60857,
       30.22341
      ],
      [
       -79.60928,
       30.2235
      ],
      [
       -79.61072,
       30.22458
      ],
      [
       -79.61153,
       30.22449
      ],
      [
       -79.61225,
       30.2253
      ],
      [
       -79.61225,
       30.22584
      ],
      [
       -79.61153,
       30.22638
      ],
      [
       -79.61162,
       30.22737
      ],
      [
       -79.61072,
       30.22799
      ],
      [
       -79.61126,
       30.22782
      ],
      [
       -79.61189,
       30.22826
      ],
      [
       -79.61198,
       30.22916
      ],
      [
       -79.61117,
       30.22952
      ],
      [
       -79.61153,
       30.22979
      ],
      [
       -79.61207,
       30.22952
      ],
      [
       -79.61288,
       30.23006
      ],
      [
       -79.61315,
       30.22961
      ],
      [
       -79.6136,
       30.22952
      ],
      [
       -79.61414,
       30.22988
      ],
      [
       -79.61414,
       30.23042
      ],
      [
       -79.61342,
       30.23078
      ],
      [
       -79.61342,
       30.23132
      ],
      [
       -79.61297,
       30.23159
      ],
      [
       -79.61279,
       30.23231
      ],
      [
       -79.61378,
       30.23329
      ],
      [
       -79.61387,
       30.23491
      ],
      [
       -79.61458,
       30.23482
      ],
      [
       -79.61521,
       30.23545
      ],
      [
       -79.61548,
       30.23518
      ],
      [
       -79.61503,
       30.23491
      ],
      [
       -79.61485,
       30.23419
      ],
      [
       -79.61566,
       30.23374
      ],
      [
       -79.61602,
       30.23383
      ],
      [
       -79.61719,
       30.23276
      ],
      [
       -79.61629,
       30.23267
      ],
      [
       -79.61584,
       30.23213
      ],
      [
       -79.61539,
       30.23231
      ],
      [
       -79.61566,
       30.23321
      ],
      [
       -79.61512,
       30.23356
      ],
      [
       -79.61396,
       30.2324
      ],
      [
       -79.61387,
       30.23159
      ],
      [
       -79.61485,
       30.23123
      ],
      [
       -79.61458,
       30.23096
      ],
      [
       -79.61476,
       30.22943
      ],
      [
       -79.61414,
       30.22943
      ],
      [
       -79.61378,
       30.22907
      ],
      [
       -79.61396,
       30.2271
      ],
      [
       -79.61315,
       30.22638
      ],
      [
       -79.61315,
       30.22566
      ],
      [
       -79.61261,
       30.22512
      ],
      [
       -79.61261,
       30.22458
      ],
      [
       -79.61431,
       30.22359
      ],
      [
       -79.61512,
       30.22413
      ],
      [
       -79.61584,
       30.22368
      ],
      [
       -79.61674,
       30.2244
      ],
      [
       -79.61728,
       30.22395
      ],
      [
       -79.61728,
       30.22261
      ],
      [
       -79.61818,
       30.22207
      ],
      [
       -79.61872,
       30.22243
      ],
      [
       -79.6189,
       30.22296
      ],
      [
       -79.61872,
       30.22404
      ],
      [
       -79.61935,
       30.2244
      ],
      [
       -79.6197,
       30.22368
      ],
      [
       -79.62024,
       30.22368
      ],
      [
       -79.6206,
       30.22404
      ],
      [
       -79.62051,
       30.22503
      ],
      [
       -79.62096,
       30.22557
      ],
      [
       -79.62096,
       30.22656
      ],
      [
       -79.62042,
       30.22692
      ],
      [
       -79.61854,
       30.22584
      ],
      [
       -79.61899,
       30.22692
      ],
      [
       -79.61953,
       30.22728
      ],
      [
       -79.61953,
       30.22773
      ],
      [
       -79.6189,
       30.22826
      ],
      [
       -79.61791,
       30.22755
      ],
      [
       -79.61854,
       30.22808
      ],
      [
       -79.61872,
       30.22898
      ],
      [
       -79.61827,
       30.23015
      ],
      [
       -79.61764,
       30.23069
      ],
      [
       -79.61764,
       30.23141
      ],
      [
       -79.618,
       30.23204
      ],
      [
       -79.61836,
       30.2315
      ],
      [
       -79.61917,
       30.23159
      ],
      [
       -79.6197,
       30.23231
      ],
      [
       -79.6197,
       30.23347
      ],
      [
       -79.61899,
       30.2341
      ],
      [
       -79.62069,
       30.23536
      ],
      [
       -79.62051,
       30.23626
      ],
      [
       -79.62123,
       30.23707
      ],
      [
       -79.62123,
       30.23743
      ],
      [
       -79.62069,
       30.23779
      ],
      [
       -79.62096,
       30.23851
      ],
      [
       -79.62051,
       30.23931
      ],
      [
       -79.62087,
       30.2394
      ],
      [
       -79.62159,
       30.23886
      ],
      [
       -79.62231,
       30.23931
      ],
      [
       -79.62231,
       30.23967
      ],
      [
       -79.62132,
       30.24066
      ],
      [
       -79.62123,
       30.24192
      ],
      [
       -79.61997,
       30.24246
      ],
      [
       -79.62006,
       30.24291
      ],
      [
       -79.62069,
       30.24264
      ],
      [
       -79.62123,
       30.243
      ],
      [
       -79.62123,
       30.24345
      ],
      [
       -79.62024,
       30.24416
      ],
      [
       -79.6215,
       30.24416
      ],
      [
       -79.62231,
       30.24479
      ],
      [
       -79.62231,
       30.2456
      ],
      [
       -79.62195,
       30.24596
      ],
      [
       -79.62132,
       30.24596
      ],
      [
       -79.62141,
       30.24659
      ],
      [
       -79.62186,
       30.24695
      ],
      [
       -79.62132,
       30.24839
      ],
      [
       -79.62168,
       30.24875
      ],
      [
       -79.62168,
       30.24964
      ],
      [
       -79.62078,
       30.25
      ],
      [
       -79.61979,
       30.24946
      ],
      [
       -79.61997,
       30.24991
      ],
      [
       -79.62033,
       30.24982
      ],
      [
       -79.62087,
       30.25018
      ],
      [
       -79.62087,
       30.25054
      ],
      [
       -79.62033,
       30.2509
      ],
      [
       -79.62051,
       30.25153
      ],
      [
       -79.62006,
       30.25189
      ],
      [
       -79.62096,
       30.2518
      ],
      [
       -79.6215,
       30.25144
      ],
      [
       -79.62204,
       30.2518
      ],
      [
       -79.62177,
       30.2545
      ],
      [
       -79.62213,
       30.25521
      ],
      [
       -79.62105,
       30.25638
      ],
      [
       -79.62213,
       30.25719
      ],
      [
       -79.62213,
       30.25818
      ],
      [
       -79.6215,
       30.25872
      ],
      [
       -79.62204,
       30.25872
      ],
      [
       -79.6224,
       30.25908
      ],
      [
       -79.62222,
       30.26006
      ],
      [
       -79.62258,
       30.26042
      ],
      [
       -79.62222,
       30.26123
      ],
      [
       -79.62222,
       30.26276
      ],
      [
       -79.62303,
       30.26483
      ],
      [
       -79.62168,
       30.26581
      ],
      [
       -79.62222,
       30.2659
      ],
      [
       -79.62294,
       30.26662
      ],
      [
       -79.62294,
       30.26788
      ],
      [
       -79.62258,
       30.26851
      ],
      [
       -79.62303,
       30.2686
      ],
      [
       -79.6233,
       30.26923
      ],
      [
       -79.62276,
       30.26959
      ],
      [
       -79.6224,
       30.2695
      ],
      [
       -79.62222,
       30.27022
      ],
      [
       -79.62267,
       30.27013
      ],
      [
       -79.62321,
       30.27049
      ],
      [
       -79.62276,
       30.27129
      ],
      [
       -79.6233,
       30.27165
      ],
      [
       -79.62303,
       30.27228
      ],
      [
       -79.62348,
       30.27273
      ],
      [
       -79.62348,
       30.27327
      ],
      [
       -79.62312,
       30.27399
      ],
      [
       -79.62348,
       30.27444
      ],
      [
       -79.62348,
       30.27498
      ],
      [
       -79.62285,
       30.27543
      ],
      [
       -79.62222,
       30.27507
      ],
      [
       -79.62231,
       30.27444
      ],
      [
       -79.62186,
       30.27408
      ],
      [
       -79.62213,
       30.27309
      ],
      [
       -79.62168,
       30.273
      ],
      [
       -79.62096,
       30.27372
      ],
      [
       -79.62024,
       30.27318
      ],
      [
       -79.62024,
       30.27282
      ],
      [
       -79.61979,
       30.27318
      ],
      [
       -79.62069,
       30.27372
      ],
      [
       -79.62078,
       30.27435
      ],
      [
       -79.62033,
       30.2748
      ],
      [
       -79.62096,
       30.2748
      ],
      [
       -79.62123,
       30.27543
      ],
      [
       -79.62204,
       30.27525
      ],
      [
       -79.62276,
       30.27605
      ],
      [
       -79.62276,
       30.27686
      ],
      [
       -79.62168,
       30.2774
      ],
      [
       -79.6233,
       30.27749
      ],
      [
       -79.62447,
       30.27866
      ],
      [
       -79.62447,
       30.27938
      ],
      [
       -79.62384,
       30.27983
      ],
      [
       -79.62348,
       30.27965
      ],
      [
       -79.62411,
       30.28019
      ],
      [
       -79.62402,
       30.28333
      ],
      [
       -79.62483,
       30.28342
      ],
      [
       -79.62509,
       30.28261
      ],
      [
       -79.62599,
       30.28243
      ],
      [
       -79.62662,
       30.28297
      ],
      [
       -79.6268,
       30.2845
      ],
      [
       -79.62626,
       30.28486
      ],
      [
       -79.62563,
       30.28441
      ],
      [
       -79.62545,
       30.28378
      ],
      [
       -79.62536,
       30.2845
      ],
      [
       -79.625,
       30.28486
      ],
      [
       -79.62384,
       30.28522
      ],
      [
       -79.62249,
       30.28522
      ],
      [
       -79.62267,
       30.28576
      ],
      [
       -79.62339,
       30.28558
      ],
      [
       -79.62393,
       30.28639
      ],
      [
       -79.62438,
       30.28648
      ],
      [
       -79.62536,
       30.28809
      ],
      [
       -79.62536,
       30.28863
      ],
      [
       -79.62465,
       30.2889
      ],
      [
       -79.62456,
       30.28926
      ],
      [
       -79.62509,
       30.28917
      ],
      [
       -79.62563,
       30.28953
      ],
      [
       -79.62545,
       30.29043
      ],
      [
       -79.6259,
       30.29106
      ],
      [
       -79.62554,
       30.2924
      ],
      [
       -79.6259,
       30.29267
      ],
      [
       -79.62599,
       30.29357
      ],
      [
       -79.62536,
       30.29411
      ],
      [
       -79.62554,
       30.29474
      ],
      [
       -79.62527,
       30.29528
      ],
      [
       -79.62608,
       30.29555
      ],
      [
       -79.62599,
       30.296
      ],
      [
       -79.6268,
       30.29699
      ],
      [
       -79.62626,
       30.29932
      ],
      [
       -79.62635,
       30.30112
      ],
      [
       -79.62581,
       30.30193
      ],
      [
       -79.62635,
       30.30229
      ],
      [
       -79.62671,
       30.30309
      ],
      [
       -79.62644,
       30.3039
      ],
      [
       -79.62644,
       30.30606
      ],
      [
       -79.62617,
       30.30633
      ],
      [
       -79.62644,
       30.30696
      ],
      [
       -79.62626,
       30.30947
      ],
      [
       -79.62581,
       30.30974
      ],
      [
       -79.62635,
       30.31037
      ],
      [
       -79.62635,
       30.311
      ],
      [
       -79.62599,
       30.31154
      ],
      [
       -79.62644,
       30.31226
      ],
      [
       -79.62644,
       30.31307
      ],
      [
       -79.62617,
       30.31342
      ],
      [
       -79.62644,
       30.31378
      ],
      [
       -79.62626,
       30.31585
      ],
      [
       -79.62653,
       30.31612
      ],
      [
       -79.62653,
       30.31774
      ],
      [
       -79.62617,
       30.3181
      ],
      [
       -79.62662,
       30.31917
      ],
      [
       -79.62617,
       30.32034
      ],
      [
       -79.62635,
       30.32151
      ],
      [
       -79.62671,
       30.32187
      ],
      [
       -79.62689,
       30.32385
      ],
      [
       -79.62662,
       30.32456
      ],
      [
       -79.6268,
       30.32564
      ],
      [
       -79.62644,
       30.32609
      ],
      [
       -79.62671,
       30.32636
      ],
      [
       -79.6268,
       30.32771
      ],
      [
       -79.62608,
       30.32897
      ],
      [
       -79.62707,
       30.33004
      ],
      [
       -79.62662,
       30.33139
      ],
      [
       -79.62734,
       30.33193
      ],
      [
       -79.62734,
       30.33229
      ],
      [
       -79.62662,
       30.33274
      ],
      [
       -79.62671,
       30.33346
      ],
      [
       -79.62617,
       30.33382
      ],
      [
       -79.62527,
       30.33319
      ],
      [
       -79.62518,
       30.33265
      ],
      [
       -79.625,
       30.33274
      ],
      [
       -79.62599,
       30.334
      ],
      [
       -79.62599,
       30.33489
      ],
      [
       -79.62644,
       30.33588
      ],
      [
       -79.62563,
       30.33615
      ],
      [
       -79.62518,
       30.3357
      ],
      [
       -79.62518,
       30.33516
      ],
      [
       -79.62474,
       30.33561
      ],
      [
       -79.62554,
       30.33633
      ],
      [
       -79.62536,
       30.33714
      ],
      [
       -79.62626,
       30.33741
      ],
      [
       -79.62761,
       30.33885
      ],
      [
       -79.62725,
       30.33984
      ],
      [
       -79.62671,
       30.34019
      ],
      [
       -79.62653,
       30.34109
      ],
      [
       -79.62725,
       30.34154
      ],
      [
       -79.62725,
       30.3419
      ],
      [
       -79.6268,
       30.34226
      ],
      [
       -79.62761,
       30.34289
      ],
      [
       -79.62752,
       30.3437
      ],
      [
       -79.62815,
       30.34451
      ],
      [
       -79.62797,
       30.34585
      ],
      [
       -79.62734,
       30.34612
      ],
      [
       -79.62761,
       30.3472
      ],
      [
       -79.62842,
       30.34801
      ],
      [
       -79.62806,
       30.34927
      ],
      [
       -79.62806,
       30.35151
      ],
      [
       -79.62878,
       30.35178
      ],
      [
       -79.62959,
       30.35169
      ],
      [
       -79.63066,
       30.35295
      ],
      [
       -79.63066,
       30.35331
      ],
      [
       -79.63013,
       30.35367
      ],
      [
       -79.62923,
       30.35322
      ],
      [
       -79.62878,
       30.35439
      ],
      [
       -79.62914,
       30.35493
      ],
      [
       -79.62914,
       30.35672
      ],
      [
       -79.6295,
       30.35699
      ],
      [
       -79.6295,
       30.35798
      ],
      [
       -79.62905,
       30.35852
      ],
      [
       -79.62968,
       30.35915
      ],
      [
       -79.62995,
       30.3605
      ],
      [
       -79.62932,
       30.36139
      ],
      [
       -79.6295,
       30.36247
      ],
      [
       -79.62914,
       30.36283
      ],
      [
       -79.6295,
       30.3631
      ],
      [
       -79.62968,
       30.36669
      ],
      [
       -79.63013,
       30.36741
      ],
      [
       -79.62995,
       30.36885
      ],
      [
       -79.62941,
       30.36921
      ],
      [
       -79.62887,
       30.36903
      ],
      [
       -79.6303,
       30.3702
      ],
      [
       -79.63039,
       30.3711
      ],
      [
       -79.62995,
       30.37146
      ],
      [
       -79.6303,
       30.37155
      ],
      [
       -79.63075,
       30.37226
      ],
      [
       -79.63093,
       30.37379
      ],
      [
       -79.63048,
       30.37424
      ],
      [
       -79.63093,
       30.37451
      ],
      [
       -79.63084,
       30.37523
      ],
      [
       -79.63111,
       30.37541
      ]
     ]
    ]
   },
   "properties": {
    "id": "det-01",
    "classification": "oil",
    "confidence": 0.671,
    "area_km2": 4.479,
    "elongation": 7.93,
    "edge_gradient": 23.5551,
    "contrast_db": -5.05,
    "shape_class": "linear",
    "discharge_class": "unknown",
    "centroid": [
     -79.62503,
     30.28747
    ],
    "vh_contrast_db": 0.143,
    "vh_mean_depth_db": 6.68,
    "solidity": 0.223,
    "mean_depth_db": 7.93
   }
  },
  {
   "type": "Feature",
   "geometry": {
    "type": "Polygon",
    "coordinates": [
     [
      [
       -79.64818,
       30.5292
      ],
      [
       -79.64863,
       30.52821
      ],
      [
       -79.64845,
       30.52543
      ],
      [
       -79.64926,
       30.52516
      ],
      [
       -79.64854,
       30.52453
      ],
      [
       -79.64854,
       30.52408
      ],
      [
       -79.64953,
       30.52372
      ],
      [
       -79.64872,
       30.52363
      ],
      [
       -79.64836,
       30.52327
      ],
      [
       -79.64836,
       30.52192
      ],
      [
       -79.648,
       30.52094
      ],
      [
       -79.64809,
       30.51968
      ],
      [
       -79.64773,
       30.51941
      ],
      [
       -79.64791,
       30.51779
      ],
      [
       -79.64764,
       30.51599
      ],
      [
       -79.648,
       30.5151
      ],
      [
       -79.64764,
       30.51465
      ],
      [
       -79.64764,
       30.51384
      ],
      [
       -79.64791,
       30.51357
      ],
      [
       -79.64719,
       30.51204
      ],
      [
       -79.64746,
       30.51069
      ],
      [
       -79.6471,
       30.51043
      ],
      [
       -79.64719,
       30.50989
      ],
      [
       -79.64656,
       30.50944
      ],
      [
       -79.64656,
       30.50854
      ],
      [
       -79.64692,
       30.508
      ],
      [
       -79.64638,
       30.508
      ],
      [
       -79.64603,
       30.50764
      ],
      [
       -79.64612,
       30.50701
      ],
      [
       -79.64567,
       30.50665
      ],
      [
       -79.64567,
       30.5053
      ],
      [
       -79.6454,
       30.50504
      ],
      [
       -79.64567,
       30.50432
      ],
      [
       -79.64432,
       30.50279
      ],
      [
       -79.64369,
       30.50018
      ],
      [
       -79.64333,
       30.49991
      ],
      [
       -79.64333,
       30.49947
      ],
      [
       -79.64369,
       30.49911
      ],
      [
       -79.64324,
       30.49875
      ],
      [
       -79.64342,
       30.49812
      ],
      [
       -79.64315,
       30.49767
      ],
      [
       -79.64387,
       30.49533
      ],
      [
       -79.64342,
       30.49399
      ],
      [
       -79.64351,
       30.49183
      ],
      [
       -79.64414,
       30.49102
      ],
      [
       -79.64378,
       30.49066
      ],
      [
       -79.64378,
       30.49012
      ],
      [
       -79.64468,
       30.48958
      ],
      [
       -79.64414,
       30.48967
      ],
      [
       -79.6436,
       30.48931
      ],
      [
       -79.64342,
       30.48806
      ],
      [
       -79.64387,
       30.48725
      ],
      [
       -79.64513,
       30.48734
      ],
      [
       -79.64495,
       30.4868
      ],
      [
       -79.64441,
       30.48689
      ],
      [
       -79.64387,
       30.48653
      ],
      [
       -79.64378,
       30.48375
      ],
      [
       -79.64423,
       30.48339
      ],
      [
       -79.64405,
       30.48231
      ],
      [
       -79.64486,
       30.48186
      ],
      [
       -79.64531,
       30.48195
      ],
      [
       -79.64603,
       30.4833
      ],
      [
       -79.64603,
       30.48285
      ],
      [
       -79.64683,
       30.48213
      ],
      [
       -79.64638,
       30.48159
      ],
      [
       -79.64612,
       30.48222
      ],
      [
       -79.64558,
       30.48222
      ],
      [
       -79.64522,
       30.48123
      ],
      [
       -79.64468,
       30.48087
      ],
      [
       -79.64468,
       30.48042
      ],
      [
       -79.64504,
       30.48006
      ],
      [
       -79.6445,
       30.48033
      ],
      [
       -79.64396,
       30.47997
      ],
      [
       -79.64441,
       30.47898
      ],
      [
       -79.64423,
       30.47827
      ],
      [
       -79.64378,
       30.478
      ],
      [
       -79.64396,
       30.47674
      ],
      [
       -79.64351,
       30.47638
      ],
      [
       -79.64351,
       30.47584
      ],
      [
       -79.64414,
       30.4753
      ],
      [
       -79.64324,
       30.47377
      ],
      [
       -79.64324,
       30.47341
      ],
      [
       -79.64396,
       30.47279
      ],
      [
       -79.64333,
       30.47297
      ],
      [
       -79.64279,
       30.47261
      ],
      [
       -79.6427,
       30.4718
      ],
      [
       -79.64306,
       30.47153
      ],
      [
       -79.64306,
       30.4709
      ],
      [
       -79.64243,
       30.47027
      ],
      [
       -79.64243,
       30.46964
      ],
      [
       -79.64288,
       30.4691
      ],
      [
       -79.64288,
       30.46847
      ],
      [
       -79.64189,
       30.46785
      ],
      [
       -79.64234,
       30.4665
      ],
      [
       -79.64198,
       30.46614
      ],
      [
       -79.64216,
       30.46533
      ],
      [
       -79.6418,
       30.46506
      ],
      [
       -79.64216,
       30.46416
      ],
      [
       -79.64162,
       30.46353
      ],
      [
       -79.6418,
       30.46237
      ],
      [
       -79.64234,
       30.46201
      ],
      [
       -79.64144,
       30.46075
      ],
      [
       -79.64126,
       30.45895
      ],
      [
       -79.64153,
       30.45868
      ],
      [
       -79.64153,
       30.45778
      ],
      [
       -79.64117,
       30.45707
      ],
      [
       -79.64144,
       30.45545
      ],
      [
       -79.64099,
       30.45437
      ],
      [
       -79.64162,
       30.45365
      ],
      [
       -79.64135,
       30.45311
      ],
      [
       -79.64153,
       30.45177
      ],
      [
       -79.64117,
       30.44898
      ],
      [
       -79.64082,
       30.44862
      ],
      [
       -79.64099,
       30.44799
      ],
      [
       -79.64055,
       30.44772
      ],
      [
       -79.64082,
       30.44709
      ],
      [
       -79.64153,
       30.44691
      ],
      [
       -79.64099,
       30.447
      ],
      [
       -79.64046,
       30.44664
      ],
      [
       -79.64046,
       30.44575
      ],
      [
       -79.64099,
       30.44539
      ],
      [
       -79.64171,
       30.44593
      ],
      [
       -79.64234,
       30.44593
      ],
      [
       -79.6418,
       30.44548
      ],
      [
       -79.64162,
       30.44458
      ],
      [
       -79.64117,
       30.44476
      ],
      [
       -79.64064,
       30.4444
      ],
      [
       -79.64064,
       30.44386
      ],
      [
       -79.64135,
       30.44341
      ],
      [
       -79.64073,
       30.44296
      ],
      [
       -79.64064,
       30.44206
      ],
      [
       -79.64117,
       30.4417
      ],
      [
       -79.64189,
       30.44224
      ],
      [
       -79.64234,
       30.44188
      ],
      [
       -79.64216,
       30.44143
      ],
      [
       -79.64162,
       30.44143
      ],
      [
       -79.64082,
       30.4409
      ],
      [
       -79.64019,
       30.44
      ],
      [
       -79.64019,
       30.43829
      ],
      [
       -79.64055,
       30.43793
      ],
      [
       -79.64055,
       30.43739
      ],
      [
       -79.64001,
       30.43649
      ],
      [
       -79.63983,
       30.43452
      ],
      [
       -79.63911,
       30.43389
      ],
      [
       -79.63947,
       30.43317
      ],
      [
       -79.63902,
       30.43281
      ],
      [
       -79.63947,
       30.43128
      ],
      [
       -79.64091,
       30.43021
      ],
      [
       -79.63974,
       30.43048
      ],
      [
       -79.6392,
       30.43101
      ],
      [
       -79.6383,
       30.43039
      ],
      [
       -79.63839,
       30.42877
      ],
      [
       -79.63776,
       30.42733
      ],
      [
       -79.63812,
       30.42598
      ],
      [
       -79.6374,
       30.42535
      ],
      [
       -79.6374,
       30.425
      ],
      [
       -79.63785,
       30.42473
      ],
      [
       -79.63731,
       30.42437
      ],
      [
       -79.6374,
       30.4232
      ],
      [
       -79.63803,
       30.42293
      ],
      [
       -79.63848,
       30.42212
      ],
      [
       -79.63767,
       30.42248
      ],
      [
       -79.63695,
       30.42203
      ],
      [
       -79.63695,
       30.42167
      ],
      [
       -79.63767,
       30.42131
      ],
      [
       -79.63659,
       30.42077
      ],
      [
       -79.63659,
       30.42023
      ],
      [
       -79.63722,
       30.41979
      ],
      [
       -79.63605,
       30.41871
      ],
      [
       -79.63605,
       30.41817
      ],
      [
       -79.63641,
       30.41781
      ],
      [
       -79.63794,
       30.41736
      ],
      [
       -79.63803,
       30.41691
      ],
      [
       -79.63767,
       30.41628
      ],
      [
       -79.6383,
       30.41547
      ],
      [
       -79.63947,
       30.41484
      ],
      [
       -79.6401,
       30.41404
      ],
      [
       -79.64144,
       30.41413
      ],
      [
       -79.64216,
       30.41341
      ],
      [
       -79.64144,
       30.4135
      ],
      [
       -79.64064,
       30.41296
      ],
      [
       -79.64001,
       30.41359
      ],
      [
       -79.63983,
       30.41422
      ],
      [
       -79.63884,
       30.41466
      ],
      [
       -79.63848,
       30.41538
      ],
      [
       -79.63767,
       30.41511
      ],
      [
       -79.6374,
       30.41161
      ],
      [
       -79.63596,
       30.4108
      ],
      [
       -79.63605,
       30.41008
      ],
      [
       -79.63641,
       30.40972
      ],
      [
       -79.63605,
       30.40945
      ],
      [
       -79.63614,
       30.40883
      ],
      [
       -79.63561,
       30.4082
      ],
      [
       -79.63534,
       30.40712
      ],
      [
       -79.63543,
       30.40604
      ],
      [
       -79.63596,
       30.40568
      ],
      [
       -79.63632,
       30.40577
      ],
      [
       -79.63659,
       30.40505
      ],
      [
       -79.63632,
       30.40487
      ],
      [
       -79.63543,
       30.40514
      ],
      [
       -79.6348,
       30.40469
      ],
      [
       -79.63507,
       30.40406
      ],
      [
       -79.63507,
       30.4011
      ],
      [
       -79.63435,
       30.39993
      ],
      [
       -79.63471,
       30.39903
      ],
      [
       -79.6339,
       30.39787
      ],
      [
       -79.63408,
       30.39688
      ],
      [
       -79.633,
       30.39652
      ],
      [
       -79.63291,
       30.39391
      ],
      [
       -79.63237,
       30.39409
      ],
      [
       -79.63147,
       30.39355
      ],
      [
       -79.63147,
       30.39391
      ],
      [
       -79.6321,
       30.39454
      ],
      [
       -79.63201,
       30.39526
      ],
      [
       -79.63264,
       30.3958
      ],
      [
       -79.63336,
       30.39912
      ],
      [
       -79.6339,
       30.39957
      ],
      [
       -79.63381,
       30.4002
      ],
      [
       -79.63408,
       30.40056
      ],
      [
       -79.63408,
       30.40164
      ],
      [
       -79.63345,
       30.40236
      ],
      [
       -79.6339,
       30.40272
      ],
      [
       -79.63381,
       30.40335
      ],
      [
       -79.63417,
       30.40389
      ],
      [
       -79.63408,
       30.40478
      ],
      [
       -79.63435,
       30.40541
      ],
      [
       -79.63381,
       30.40577
      ],
      [
       -79.63291,
       30.40559
      ],
      [
       -79.63318,
       30.40595
      ],
      [
       -79.63399,
       30.40595
      ],
      [
       -79.63453,
       30.40631
      ],
      [
       -79.63525,
       30.40838
      ],
      [
       -79.63534,
       30.40999
      ],
      [
       -79.6348,
       30.41035
      ],
      [
       -79.63408,
       30.40999
      ],
      [
       -79.63363,
       30.41008
      ],
      [
       -79.63462,
       30.4108
      ],
      [
       -79.63462,
       30.41116
      ],
      [
       -79.63408,
       30.41152
      ],
      [
       -79.63282,
       30.41143
      ],
      [
       -79.63219,
       30.41071
      ],
      [
       -79.63201,
       30.41089
      ],
      [
       -79.63291,
       30.41179
      ],
      [
       -79.63291,
       30.41215
      ],
      [
       -79.63219,
       30.41314
      ],
      [
       -79.63138,
       30.41296
      ],
      [
       -79.63138,
       30.41359
      ],
      [
       -79.63201,
       30.41484
      ],
      [
       -79.63165,
       30.41556
      ],
      [
       -79.63174,
       30.41646
      ],
      [
       -79.63129,
       30.417
      ],
      [
       -79.63183,
       30.417
      ],
      [
       -79.63228,
       30.41628
      ],
      [
       -79.63309,
       30.4161
      ],
      [
       -79.63363,
       30.41502
      ],
      [
       -79.63435,
       30.41449
      ],
      [
       -79.63498,
       30.41431
      ],
      [
       -79.63552,
       30.41466
      ],
      [
       -79.63552,
       30.41502
      ],
      [
       -79.63471,
       30.41601
      ],
      [
       -79.63525,
       30.41664
      ],
      [
       -79.63525,
       30.41709
      ],
      [
       -79.63471,
       30.41772
      ],
      [
       -79.63543,
       30.41799
      ],
      [
       -79.63543,
       30.41862
      ],
      [
       -79.63489,
       30.41916
      ],
      [
       -79.63561,
       30.41943
      ],
      [
       -79.63534,
       30.4205
      ],
      [
       -79.63605,
       30.42113
      ],
      [
       -79.63605,
       30.42167
      ],
      [
       -79.63552,
       30.42203
      ],
      [
       -79.63516,
       30.42194
      ],
      [
       -79.63516,
       30.42401
      ],
      [
       -79.63614,
       30.42446
      ],
      [
       -79.63605,
       30.42526
      ],
      [
       -79.63659,
       30.42571
      ],
      [
       -79.63686,
       30.42688
      ],
      [
       -79.63722,
       30.42715
      ],
      [
       -79.63713,
       30.42805
      ],
      [
       -79.63749,
       30.42868
      ],
      [
       -79.63767,
       30.43003
      ],
      [
       -79.63749,
       30.43164
      ],
      [
       -79.63803,
       30.43209
      ],
      [
       -79.63803,
       30.43245
      ],
      [
       -79.63722,
       30.43281
      ],
      [
       -79.63704,
       30.43317
      ],
      [
       -79.63776,
       30.4329
      ],
      [
       -79.6383,
       30.43326
      ],
      [
       -79.6383,
       30.43452
      ],
      [
       -79.63875,
       30.43506
      ],
      [
       -79.63884,
       30.4364
      ],
      [
       -79.63974,
       30.4382
      ],
      [
       -79.63974,
       30.43856
      ],
      [
       -79.63875,
       30.43946
      ],
      [
       -79.63929,
       30.44018
      ],
      [
       -79.63929,
       30.44179
      ],
      [
       -79.63974,
       30.44206
      ],
      [
       -79.63974,
       30.44278
      ],
      [
       -79.63857,
       30.44395
      ],
      [
       -79.63938,
       30.44395
      ],
      [
       -79.63965,
       30.44422
      ],
      [
       -79.63965,
       30.44485
      ],
      [
       -79.63911,
       30.44521
      ],
      [
       -79.63848,
       30.44521
      ],
      [
       -79.6383,
       30.44593
      ],
      [
       -79.63866,
       30.4462
      ],
      [
       -79.63848,
       30.44691
      ],
      [
       -79.63974,
       30.44772
      ],
      [
       -79.64001,
       30.44853
      ],
      [
       -79.63965,
       30.4497
      ],
      [
       -79.64019,
       30.45006
      ],
      [
       -79.64019,
       30.45159
      ],
      [
       -79.63983,
       30.45203
      ],
      [
       -79.64037,
       30.45275
      ],
      [
       -79.64001,
       30.45338
      ],
      [
       -79.63992,
       30.45473
      ],
      [
       -79.64028,
       30.45509
      ],
      [
       -79.64037,
       30.45581
      ],
      [
       -79.63965,
       30.45626
      ],
      [
       -79.63956,
       30.45662
      ],
      [
       -79.64055,
       30.45698
      ],
      [
       -79.64064,
       30.45769
      ],
      [
       -79.64037,
       30.45796
      ],
      [
       -79.64064,
       30.45823
      ],
      [
       -79.64064,
       30.45886
      ],
      [
       -79.64028,
       30.45922
      ],
      [
       -79.64082,
       30.45976
      ],
      [
       -79.64046,
       30.46048
      ],
      [
       -79.64064,
       30.46111
      ],
      [
       -79.63983,
       30.46138
      ],
      [
       -79.63974,
       30.46165
      ],
      [
       -79.64019,
       30.4621
      ],
      [
       -79.64019,
       30.46326
      ],
      [
       -79.64055,
       30.46398
      ],
      [
       -79.63983,
       30.46524
      ],
      [
       -79.64037,
       30.46686
      ],
      [
       -79.63965,
       30.46731
      ],
      [
       -79.64037,
       30.46776
      ],
      [
       -79.64001,
       30.46883
      ],
      [
       -79.64055,
       30.46919
      ],
      [
       -79.64046,
       30.46964
      ],
      [
       -79.64108,
       30.47036
      ],
      [
       -79.64117,
       30.47126
      ],
      [
       -79.64082,
       30.47171
      ],
      [
       -79.64117,
       30.4735
      ],
      [
       -79.64091,
       30.47395
      ],
      [
       -79.64099,
       30.47449
      ],
      [
       -79.64055,
       30.47485
      ],
      [
       -79.64046,
       30.47629
      ],
      [
       -79.63983,
       30.47656
      ],
      [
       -79.6401,
       30.47719
      ],
      [
       -79.64064,
       30.47683
      ],
      [
       -79.64126,
       30.47728
      ],
      [
       -79.64126,
       30.47773
      ],
      [
       -79.64064,
       30.47809
      ],
      [
       -79.64153,
       30.47898
      ],
      [
       -79.64171,
       30.48042
      ],
      [
       -79.64198,
       30.48069
      ],
      [
       -79.64171,
       30.48132
      ],
      [
       -79.64108,
       30.48141
      ],
      [
       -79.64153,
       30.48177
      ],
      [
       -79.64153,
       30.48213
      ],
      [
       -79.64046,
       30.48285
      ],
      [
       -79.64019,
       30.48339
      ],
      [
       -79.64135,
       30.48258
      ],
      [
       -79.64198,
       30.48294
      ],
      [
       -79.64189,
       30.48473
      ],
      [
       -79.64162,
       30.485
      ],
      [
       -79.63965,
       30.48527
      ],
      [
       -79.64117,
       30.48527
      ],
      [
       -79.64171,
       30.48563
      ],
      [
       -79.64153,
       30.48635
      ],
      [
       -79.64189,
       30.48662
      ],
      [
       -79.6427,
       30.48896
      ],
      [
       -79.64243,
       30.48967
      ],
      [
       -79.64261,
       30.4903
      ],
      [
       -79.64189,
       30.49084
      ],
      [
       -79.64243,
       30.49093
      ],
      [
       -79.64279,
       30.49147
      ],
      [
       -79.64279,
       30.49192
      ],
      [
       -79.64198,
       30.49246
      ],
      [
       -79.6427,
       30.4939
      ],
      [
       -79.64252,
       30.49551
      ],
      [
       -79.64198,
       30.49587
      ],
      [
       -79.64135,
       30.49587
      ],
      [
       -79.64171,
       30.49623
      ],
      [
       -79.64162,
       30.49695
      ],
      [
       -79.64216,
       30.4974
      ],
      [
       -79.64189,
       30.49893
      ],
      [
       -79.64144,
       30.49956
      ],
      [
       -79.64055,
       30.49965
      ],
      [
       -79.64144,
       30.49974
      ],
      [
       -79.64225,
       30.50054
      ],
      [
       -79.64234,
       30.50153
      ],
      [
       -79.64198,
       30.50207
      ],
      [
       -79.64306,
       30.50279
      ],
      [
       -79.64288,
       30.50342
      ],
      [
       -79.64342,
       30.50351
      ],
      [
       -79.64405,
       30.50432
      ],
      [
       -79.64414,
       30.50504
      ],
      [
       -79.64369,
       30.50557
      ],
      [
       -79.64315,
       30.50566
      ],
      [
       -79.64315,
       30.5062
      ],
      [
       -79.64396,
       30.50629
      ],
      [
       -79.64423,
       30.50656
      ],
      [
       -79.64396,
       30.50719
      ],
      [
       -79.64432,
       30.50719
      ],
      [
       -79.64495,
       30.50782
      ],
      [
       -79.64495,
       30.50827
      ],
      [
       -79.64405,
       30.50953
      ],
      [
       -79.64468,
       30.51016
      ],
      [
       -79.64468,
       30.51105
      ],
      [
       -79.64549,
       30.51132
      ],
      [
       -79.64629,
       30.51366
      ],
      [
       -79.64603,
       30.51447
      ],
      [
       -79.64665,
       30.51608
      ],
      [
       -79.64674,
       30.51734
      ],
      [
       -79.64594,
       30.51788
      ],
      [
       -79.64531,
       30.51734
      ],
      [
       -79.64522,
       30.51806
      ],
      [
       -79.64612,
       30.51779
      ],
      [
       -79.64674,
       30.51824
      ],
      [
       -79.64665,
       30.51878
      ],
      [
       -79.64612,
       30.51914
      ],
      [
       -79.64576,
       30.51905
      ],
      [
       -79.64567,
       30.51941
      ],
      [
       -79.64638,
       30.51914
      ],
      [
       -79.64692,
       30.5195
      ],
      [
       -79.64692,
       30.52058
      ],
      [
       -79.64773,
       30.52183
      ],
      [
       -79.64773,
       30.52228
      ],
      [
       -79.64701,
       30.52282
      ],
      [
       -79.64728,
       30.52318
      ],
      [
       -79.64728,
       30.52426
      ],
      [
       -79.64701,
       30.52453
      ],
      [
       -79.648,
       30.52489
      ],
      [
       -79.64764,
       30.52597
      ],
      [
       -79.64791,
       30.52624
      ],
      [
       -79.64791,
       30.5274
      ],
      [
       -79.64746,
       30.52794
      ],
      [
       -79.64791,
       30.52821
      ],
      [
       -79.64818,
       30.5292
      ]
     ]
    ]
   },
   "properties": {
    "id": "det-02",
    "classification": "oil",
    "confidence": 0.659,
    "area_km2": 2.504,
    "elongation": 11.78,
    "edge_gradient": 25.2759,
    "contrast_db": -4.91,
    "shape_class": "linear",
    "discharge_class": "chronic",
    "centroid": [
     -79.64078,
     30.46135
    ],
    "vh_contrast_db": -0.63,
    "vh_mean_depth_db": 7.015,
    "solidity": 0.22,
    "mean_depth_db": 7.667
   }
  },
  {
   "type": "Feature",
   "geometry": {
    "type": "Polygon",
    "coordinates": [
     [
      [
       -79.63228,
       30.39203
      ],
      [
       -79.63282,
       30.39167
      ],
      [
       -79.63327,
       30.39185
      ],
      [
       -79.63336,
       30.39158
      ],
      [
       -79.63237,
       30.39122
      ],
      [
       -79.63237,
       30.39059
      ],
      [
       -79.63273,
       30.39023
      ],
      [
       -79.63219,
       30.38987
      ],
      [
       -79.63165,
       30.38888
      ],
      [
       -79.63183,
       30.38798
      ],
      [
       -79.63237,
       30.38763
      ],
      [
       -79.63237,
       30.38727
      ],
      [
       -79.63174,
       30.38691
      ],
      [
       -79.63129,
       30.38592
      ],
      [
       -79.63129,
       30.3852
      ],
      [
       -79.63093,
       30.38484
      ],
      [
       -79.63129,
       30.38412
      ],
      [
       -79.63093,
       30.38376
      ],
      [
       -79.63102,
       30.3808
      ],
      [
       -79.63075,
       30.38017
      ],
      [
       -79.63084,
       30.37927
      ],
      [
       -79.63129,
       30.379
      ],
      [
       -79.6312,
       30.37846
      ],
      [
       -79.6321,
       30.37774
      ],
      [
       -79.63255,
       30.37774
      ],
      [
       -79.63246,
       30.37721
      ],
      [
       -79.63201,
       30.37694
      ],
      [
       -79.63201,
       30.37622
      ],
      [
       -79.63048,
       30.37694
      ],
      [
       -79.63048,
       30.37756
      ],
      [
       -79.63022,
       30.37783
      ],
      [
       -79.63048,
       30.37864
      ],
      [
       -79.63022,
       30.379
      ],
      [
       -79.63066,
       30.37936
      ],
      [
       -79.63066,
       30.38116
      ],
      [
       -79.63039,
       30.3817
      ],
      [
       -79.63057,
       30.38538
      ],
      [
       -79.6312,
       30.38673
      ],
      [
       -79.63111,
       30.38763
      ],
      [
       -79.63075,
       30.38798
      ],
      [
       -79.63111,
       30.38924
      ],
      [
       -79.63048,
       30.38969
      ],
      [
       -79.63174,
       30.39041
      ],
      [
       -79.63174,
       30.3914
      ],
      [
       -79.63228,
       30.39203
      ]
     ]
    ]
   },
   "properties": {
    "id": "det-03",
    "classification": "oil",
    "confidence": 0.616,
    "area_km2": 0.139,
    "elongation": 4.64,
    "edge_gradient": 28.493,
    "contrast_db": -4.39,
    "shape_class": "linear",
    "discharge_class": "unknown",
    "centroid": [
     -79.63132,
     30.38409
    ],
    "vh_contrast_db": 0.072,
    "vh_mean_depth_db": 6.244,
    "solidity": 0.343,
    "mean_depth_db": 6.469
   }
  },
  {
   "type": "Feature",
   "geometry": {
    "type": "Polygon",
    "coordinates": [
     [
      [
       -79.66426,
       30.26141
      ],
      [
       -79.66462,
       30.26123
      ],
      [
       -79.66534,
       30.25953
      ],
      [
       -79.66579,
       30.25908
      ],
      [
       -79.66507,
       30.25827
      ],
      [
       -79.66534,
       30.25755
      ],
      [
       -79.6648,
       30.25746
      ],
      [
       -79.66327,
       30.25611
      ],
      [
       -79.66255,
       30.25575
      ],
      [
       -79.66255,
       30.25494
      ],
      [
       -79.66184,
       30.25593
      ],
      [
       -79.66255,
       30.25593
      ],
      [
       -79.66336,
       30.25719
      ],
      [
       -79.66408,
       30.2571
      ],
      [
       -79.66462,
       30.25773
      ],
      [
       -79.66426,
       30.25836
      ],
      [
       -79.66435,
       30.25881
      ],
      [
       -79.6639,
       30.25908
      ],
      [
       -79.66417,
       30.26015
      ],
      [
       -79.66399,
       30.26114
      ],
      [
       -79.66426,
       30.26141
      ]
     ]
    ]
   },
   "properties": {
    "id": "det-04",
    "classification": "lookalike",
    "confidence": 0.608,
    "area_km2": 0.06,
    "elongation": 1.87,
    "edge_gradient": 23.4525,
    "contrast_db": -4.3,
    "shape_class": "blob",
    "discharge_class": "acute",
    "centroid": [
     -79.66432,
     30.25859
    ],
    "vh_contrast_db": -1.272,
    "vh_mean_depth_db": 7.558,
    "solidity": 0.443,
    "mean_depth_db": 6.276
   }
  },
  {
   "type": "Feature",
   "geometry": {
    "type": "Polygon",
    "coordinates": [
     [
      [
       -79.63965,
       30.22198
      ],
      [
       -79.64073,
       30.22189
      ],
      [
       -79.64099,
       30.22162
      ],
      [
       -79.64073,
       30.22117
      ],
      [
       -79.64099,
       30.22009
      ],
      [
       -79.6401,
       30.21955
      ],
      [
       -79.64001,
       30.21874
      ],
      [
       -79.64055,
       30.21811
      ],
      [
       -79.64126,
       30.21811
      ],
      [
       -79.64144,
       30.21739
      ],
      [
       -79.64073,
       30.21704
      ],
      [
       -79.64037,
       30.21605
      ],
      [
       -79.63983,
       30.21641
      ],
      [
       -79.64001,
       30.21713
      ],
      [
       -79.63938,
       30.21802
      ],
      [
       -79.63866,
       30.21784
      ],
      [
       -79.63866,
       30.2182
      ],
      [
       -79.63776,
       30.21901
      ],
      [
       -79.63641,
       30.21883
      ],
      [
       -79.63704,
       30.21937
      ],
      [
       -79.63767,
       30.2209
      ],
      [
       -79.63938,
       30.22126
      ],
      [
       -79.63965,
       30.22198
      ]
     ]
    ]
   },
   "properties": {
    "id": "det-05",
    "classification": "lookalike",
    "confidence": 0.573,
    "area_km2": 0.136,
    "elongation": 1.19,
    "edge_gradient": 21.8433,
    "contrast_db": -3.88,
    "shape_class": "blob",
    "discharge_class": "acute",
    "centroid": [
     -79.63933,
     30.21944
    ],
    "vh_contrast_db": 0.157,
    "vh_mean_depth_db": 6.459,
    "solidity": 0.67,
    "mean_depth_db": 6.49
   }
  },
  {
   "type": "Feature",
   "geometry": {
    "type": "Polygon",
    "coordinates": [
     [
      [
       -79.61521,
       30.47898
      ],
      [
       -79.61458,
       30.47845
      ],
      [
       -79.61423,
       30.47862
      ],
      [
       -79.61369,
       30.47827
      ],
      [
       -79.61405,
       30.47683
      ],
      [
       -79.6136,
       30.47611
      ],
      [
       -79.61225,
       30.47512
      ],
      [
       -79.61252,
       30.47449
      ],
      [
       -79.61378,
       30.4744
      ],
      [
       -79.61396,
       30.47359
      ],
      [
       -79.61351,
       30.47359
      ],
      [
       -79.61306,
       30.47315
      ],
      [
       -79.61315,
       30.47377
      ],
      [
       -79.61198,
       30.4744
      ],
      [
       -79.61144,
       30.47404
      ],
      [
       -79.61117,
       30.47323
      ],
      [
       -79.61018,
       30.47332
      ],
      [
       -79.60991,
       30.47306
      ],
      [
       -79.61,
       30.47243
      ],
      [
       -79.60919,
       30.47225
      ],
      [
       -79.60964,
       30.47306
      ],
      [
       -79.60964,
       30.47395
      ],
      [
       -79.61018,
       30.47368
      ],
      [
       -79.6109,
       30.47386
      ],
      [
       -79.61153,
       30.4744
      ],
      [
       -79.61135,
       30.47512
      ],
      [
       -79.61225,
       30.47512
      ],
      [
       -79.61252,
       30.47539
      ],
      [
       -79.61243,
       30.47593
      ],
      [
       -79.61297,
       30.47593
      ],
      [
       -79.61369,
       30.47683
      ],
      [
       -79.61369,
       30.47755
      ],
      [
       -79.61306,
       30.478
      ],
      [
       -79.61252,
       30.47791
      ],
      [
       -79.61252,
       30.47854
      ],
      [
       -79.61207,
       30.47889
      ],
      [
       -79.61315,
       30.47889
      ],
      [
       -79.61387,
       30.47845
      ],
      [
       -79.61521,
       30.47898
      ]
     ]
    ]
   },
   "properties": {
    "id": "det-06",
    "classification": "lookalike",
    "confidence": 0.566,
    "area_km2": 0.07,
    "elongation": 1.49,
    "edge_gradient": 22.6308,
    "contrast_db": -3.8,
    "shape_class": "blob",
    "discharge_class": "acute",
    "centroid": [
     -79.61235,
     30.47546
    ],
    "vh_contrast_db": -1.84,
    "vh_mean_depth_db": 7.818,
    "solidity": 0.271,
    "mean_depth_db": 5.776
   }
  },
  {
   "type": "Feature",
   "geometry": {
    "type": "Polygon",
    "coordinates": [
     [
      [
       -79.64225,
       30.28126
      ],
      [
       -79.64306,
       30.28073
      ],
      [
       -79.64306,
       30.28028
      ],
      [
       -79.64216,
       30.27929
      ],
      [
       -79.64243,
       30.27803
      ],
      [
       -79.64135,
       30.27677
      ],
      [
       -79.64117,
       30.27605
      ],
      [
       -79.64019,
       30.27722
      ],
      [
       -79.64099,
       30.27704
      ],
      [
       -79.64162,
       30.27749
      ],
      [
       -79.64189,
       30.27812
      ],
      [
       -79.6418,
       30.27956
      ],
      [
       -79.64126,
       30.27992
      ],
      [
       -79.64046,
       30.27956
      ],
      [
       -79.6401,
       30.27983
      ],
      [
       -79.64108,
       30.28073
      ],
      [
       -79.64198,
       30.28082
      ],
      [
       -79.64225,
       30.28126
      ]
     ]
    ]
   },
   "properties": {
    "id": "det-07",
    "classification": "lookalike",
    "confidence": 0.564,
    "area_km2": 0.057,
    "elongation": 2.01,
    "edge_gradient": 21.6957,
    "contrast_db": -3.77,
    "shape_class": "blob",
    "discharge_class": "acute",
    "centroid": [
     -79.6417,
     30.27913
    ],
    "vh_contrast_db": -0.72,
    "vh_mean_depth_db": 6.354,
    "solidity": 0.519,
    "mean_depth_db": 5.848
   }
  },
  {
   "type": "Feature",
   "geometry": {
    "type": "Polygon",
    "coordinates": [
     [
      [
       -79.663,
       30.22287
      ],
      [
       -79.66363,
       30.22216
      ],
      [
       -79.66462,
       30.22189
      ],
      [
       -79.66516,
       30.22225
      ],
      [
       -79.66624,
       30.22225
      ],
      [
       -79.66633,
       30.22063
      ],
      [
       -79.66588,
       30.22009
      ],
      [
       -79.66597,
       30.21946
      ],
      [
       -79.66516,
       30.21955
      ],
      [
       -79.66489,
       30.21883
      ],
      [
       -79.66651,
       30.21811
      ],
      [
       -79.66588,
       30.21775
      ],
      [
       -79.66516,
       30.2182
      ],
      [
       -79.66417,
       30.21704
      ],
      [
       -79.66363,
       30.21713
      ],
      [
       -79.66381,
       30.21775
      ],
      [
       -79.66336,
       30.21883
      ],
      [
       -79.66426,
       30.21946
      ],
      [
       -79.6648,
       30.21946
      ],
      [
       -79.66507,
       30.22009
      ],
      [
       -79.66345,
       30.22063
      ],
      [
       -79.66211,
       30.21982
      ],
      [
       -79.66202,
       30.22009
      ],
      [
       -79.66282,
       30.22099
      ],
      [
       -79.66255,
       30.22162
      ],
      [
       -79.663,
       30.22198
      ],
      [
       -79.663,
       30.22287
      ]
     ]
    ]
   },
   "properties": {
    "id": "det-08",
    "classification": "lookalike",
    "confidence": 0.541,
    "area_km2": 0.113,
    "elongation": 1.34,
    "edge_gradient": 23.8805,
    "contrast_db": -3.49,
    "shape_class": "blob",
    "discharge_class": "acute",
    "centroid": [
     -79.66458,
     30.22013
    ],
    "vh_contrast_db": -0.413,
    "vh_mean_depth_db": 6.802,
    "solidity": 0.529,
    "mean_depth_db": 5.744
   }
  },
  {
   "type": "Feature",
   "geometry": {
    "type": "Polygon",
    "coordinates": [
     [
      [
       -79.61845,
       30.2871
      ],
      [
       -79.61809,
       30.28657
      ],
      [
       -79.61836,
       30.28576
      ],
      [
       -79.61782,
       30.2854
      ],
      [
       -79.61809,
       30.28468
      ],
      [
       -79.61719,
       30.28387
      ],
      [
       -79.61728,
       30.28324
      ],
      [
       -79.61665,
       30.2827
      ],
      [
       -79.61512,
       30.28315
      ],
      [
       -79.61467,
       30.28414
      ],
      [
       -79.61566,
       30.28324
      ],
      [
       -79.6162,
       30.2836
      ],
      [
       -79.61638,
       30.28414
      ],
      [
       -79.61575,
       30.28603
      ],
      [
       -79.6162,
       30.28576
      ],
      [
       -79.6171,
       30.28639
      ],
      [
       -79.61764,
       30.28639
      ],
      [
       -79.61791,
       30.28665
      ],
      [
       -79.61764,
       30.28737
      ],
      [
       -79.61845,
       30.2871
      ]
     ]
    ]
   },
   "properties": {
    "id": "det-09",
    "classification": "lookalike",
    "confidence": 0.534,
    "area_km2": 0.071,
    "elongation": 1.91,
    "edge_gradient": 22.9589,
    "contrast_db": -3.41,
    "shape_class": "blob",
    "discharge_class": "acute",
    "centroid": [
     -79.61691,
     30.28482
    ],
    "vh_contrast_db": 1.041,
    "vh_mean_depth_db": 6.517,
    "solidity": 0.6,
    "mean_depth_db": 5.493
   }
  },
  {
   "type": "Feature",
   "geometry": {
    "type": "Polygon",
    "coordinates": [
     [
      [
       -79.67109,
       30.28612
      ],
      [
       -79.67136,
       30.28603
      ],
      [
       -79.67127,
       30.28558
      ],
      [
       -79.67154,
       30.28531
      ],
      [
       -79.67226,
       30.28549
      ],
      [
       -79.67181,
       30.2845
      ],
      [
       -79.67208,
       30.28387
      ],
      [
       -79.67181,
       30.2836
      ],
      [
       -79.67181,
       30.28297
      ],
      [
       -79.67271,
       30.28225
      ],
      [
       -79.67253,
       30.28171
      ],
      [
       -79.6728,
       30.281
      ],
      [
       -79.67333,
       30.28064
      ],
      [
       -79.67396,
       30.28082
      ],
      [
       -79.67486,
       30.28162
      ],
      [
       -79.67486,
       30.28198
      ],
      [
       -79.67432,
       30.28252
      ],
      [
       -79.67477,
       30.28261
      ],
      [
       -79.67549,
       30.28162
      ],
      [
       -79.67531,
       30.28109
      ],
      [
       -79.67603,
       30.2801
      ],
      [
       -79.6754,
       30.27938
      ],
      [
       -79.67549,
       30.28001
      ],
      [
       -79.67504,
       30.28037
      ],
      [
       -79.6745,
       30.28037
      ],
      [
       -79.67423,
       30.27974
      ],
      [
       -79.67342,
       30.27947
      ],
      [
       -79.67351,
       30.27875
      ],
      [
       -79.67423,
       30.27848
      ],
      [
       -79.67423,
       30.27821
      ],
      [
       -79.67369,
       30.27785
      ],
      [
       -79.67289,
       30.27785
      ],
      [
       -79.67262,
       30.27749
      ],
      [
       -79.67199,
       30.27803
      ],
      [
       -79.67306,
       30.27812
      ],
      [
       -79.67333,
       30.27875
      ],
      [
       -79.67262,
       30.28001
      ],
      [
       -79.67172,
       30.28073
      ],
      [
       -79.6719,
       30.28198
      ],
      [
       -79.67145,
       30.28261
      ],
      [
       -79.67154,
       30.28423
      ],
      [
       -79.671,
       30.28459
      ],
      [
       -79.66974,
       30.28477
      ],
      [
       -79.67046,
       30.28576
      ],
      [
       -79.67109,
       30.28612
      ]
     ]
    ]
   },
   "properties": {
    "id": "det-10",
    "classification": "lookalike",
    "confidence": 0.532,
    "area_km2": 0.123,
    "elongation": 1.61,
    "edge_gradient": 22.3216,
    "contrast_db": -3.39,
    "shape_class": "blob",
    "discharge_class": "acute",
    "centroid": [
     -79.67291,
     30.2816
    ],
    "vh_contrast_db": -2.411,
    "vh_mean_depth_db": 7.814,
    "solidity": 0.381,
    "mean_depth_db": 5.668
   }
  },
  {
   "type": "Feature",
   "geometry": {
    "type": "Polygon",
    "coordinates": [
     [
      [
       -79.63749,
       30.27875
      ],
      [
       -79.63659,
       30.27848
      ],
      [
       -79.63623,
       30.27794
      ],
      [
       -79.63543,
       30.27758
      ],
      [
       -79.63435,
       30.27776
      ],
      [
       -79.63363,
       30.27704
      ],
      [
       -79.63372,
       30.27659
      ],
      [
       -79.63327,
       30.27632
      ],
      [
       -79.63318,
       30.27507
      ],
      [
       -79.63318,
       30.27561
      ],
      [
       -79.63255,
       30.27605
      ],
      [
       -79.63165,
       30.27507
      ],
      [
       -79.63048,
       30.27561
      ],
      [
       -79.6303,
       30.27623
      ],
      [
       -79.63057,
       30.27677
      ],
      [
       -79.63129,
       30.27677
      ],
      [
       -79.63156,
       30.27722
      ],
      [
       -79.63363,
       30.27749
      ],
      [
       -79.6348,
       30.27866
      ],
      [
       -79.63534,
       30.27965
      ],
      [
       -79.63623,
       30.27902
      ],
      [
       -79.63749,
       30.27875
      ]
     ]
    ]
   },
   "properties": {
    "id": "det-11",
    "classification": "lookalike",
    "confidence": 0.509,
    "area_km2": 0.096,
    "elongation": 2.46,
    "edge_gradient": 24.0477,
    "contrast_db": -3.11,
    "shape_class": "blob",
    "discharge_class": "acute",
    "centroid": [
     -79.6335,
     30.27725
    ],
    "vh_contrast_db": 0.355,
    "vh_mean_depth_db": 6.345,
    "solidity": 0.549,
    "mean_depth_db": 6.041
   }
  },
  {
   "type": "Feature",
   "geometry": {
    "type": "Polygon",
    "coordinates": [
     [
      [
       -79.59285,
       30.25189
      ],
      [
       -79.5932,
       30.25144
      ],
      [
       -79.5932,
       30.24991
      ],
      [
       -79.59374,
       30.24955
      ],
      [
       -79.5941,
       30.24964
      ],
      [
       -79.59437,
       30.2492
      ],
      [
       -79.59383,
       30.24866
      ],
      [
       -79.5941,
       30.24785
      ],
      [
       -79.59365,
       30.24794
      ],
      [
       -79.59374,
       30.24839
      ],
      [
       -79.59311,
       30.24884
      ],
      [
       -79.5924,
       30.2483
      ],
      [
       -79.59195,
       30.24839
      ],
      [
       -79.59204,
       30.2492
      ],
      [
       -79.59141,
       30.24946
      ],
      [
       -79.59141,
       30.25072
      ],
      [
       -79.59213,
       30.25126
      ],
      [
       -79.59258,
       30.25126
      ],
      [
       -79.59285,
       30.25189
      ]
     ]
    ]
   },
   "properties": {
    "id": "det-12",
    "classification": "lookalike",
    "confidence": 0.508,
    "area_km2": 0.063,
    "elongation": 1.59,
    "edge_gradient": 22.7644,
    "contrast_db": -3.1,
    "shape_class": "blob",
    "discharge_class": "acute",
    "centroid": [
     -79.5927,
     30.24979
    ],
    "vh_contrast_db": -1.581,
    "vh_mean_depth_db": 6.863,
    "solidity": 0.737,
    "mean_depth_db": 5.521
   }
  },
  {
   "type": "Feature",
   "geometry": {
    "type": "Polygon",
    "coordinates": [
     [
      [
       -79.67621,
       30.4038
      ],
      [
       -79.67693,
       30.40326
      ],
      [
       -79.67819,
       30.40317
      ],
      [
       -79.6781,
       30.40245
      ],
      [
       -79.67765,
       30.40308
      ],
      [
       -79.6772,
       30.40317
      ],
      [
       -79.67612,
       30.402
      ],
      [
       -79.67639,
       30.40137
      ],
      [
       -79.67738,
       30.40146
      ],
      [
       -79.67819,
       30.40092
      ],
      [
       -79.67819,
       30.39993
      ],
      [
       -79.67747,
       30.39957
      ],
      [
       -79.67729,
       30.39894
      ],
      [
       -79.67684,
       30.39921
      ],
      [
       -79.67738,
       30.39966
      ],
      [
       -79.67711,
       30.40029
      ],
      [
       -79.67594,
       30.40011
      ],
      [
       -79.67567,
       30.39939
      ],
      [
       -79.67531,
       30.39966
      ],
      [
       -79.67585,
       30.40011
      ],
      [
       -79.67621,
       30.40137
      ],
      [
       -79.67513,
       30.40245
      ],
      [
       -79.67621,
       30.40308
      ],
      [
       -79.67621,
       30.4038
      ]
     ]
    ]
   },
   "properties": {
    "id": "det-13",
    "classification": "lookalike",
    "confidence": 0.506,
    "area_km2": 0.062,
    "elongation": 1.36,
    "edge_gradient": 19.1543,
    "contrast_db": -3.07,
    "shape_class": "blob",
    "discharge_class": "acute",
    "centroid": [
     -79.67682,
     30.40137
    ],
    "vh_contrast_db": -1.79,
    "vh_mean_depth_db": 7.443,
    "solidity": 0.476,
    "mean_depth_db": 5.252
   }
  },
  {
   "type": "Feature",
   "geometry": {
    "type": "Polygon",
    "coordinates": [
     [
      [
       -79.66642,
       30.55408
      ],
      [
       -79.66588,
       30.55345
      ],
      [
       -79.66606,
       30.55274
      ],
      [
       -79.6657,
       30.55247
      ],
      [
       -79.6657,
       30.55211
      ],
      [
       -79.66633,
       30.55157
      ],
      [
       -79.66561,
       30.55184
      ],
      [
       -79.66471,
       30.55139
      ],
      [
       -79.6639,
       30.5504
      ],
      [
       -79.6639,
       30.54995
      ],
      [
       -79.66471,
       30.5495
      ],
      [
       -79.66435,
       30.54941
      ],
      [
       -79.6639,
       30.54869
      ],
      [
       -79.66345,
       30.54869
      ],
      [
       -79.66372,
       30.5495
      ],
      [
       -79.66327,
       30.5504
      ],
      [
       -79.66363,
       30.5513
      ],
      [
       -79.66489,
       30.55202
      ],
      [
       -79.66489,
       30.55265
      ],
      [
       -79.66417,
       30.55327
      ],
      [
       -79.66498,
       30.55408
      ],
      [
       -79.66642,
       30.55408
      ]
     ]
    ]
   },
   "properties": {
    "id": "det-14",
    "classification": "lookalike",
    "confidence": 0.504,
    "area_km2": 0.063,
    "elongation": 2.34,
    "edge_gradient": 19.6313,
    "contrast_db": -3.05,
    "shape_class": "blob",
    "discharge_class": "acute",
    "centroid": [
     -79.66479,
     30.55187
    ],
    "vh_contrast_db": -2.431,
    "vh_mean_depth_db": 7.196,
    "solidity": 0.545,
    "mean_depth_db": 5.434
   }
  },
  {
   "type": "Feature",
   "geometry": {
    "type": "Polygon",
    "coordinates": [
     [
      [
       -79.6144,
       30.40469
      ],
      [
       -79.61378,
       30.40424
      ],
      [
       -79.61378,
       30.40389
      ],
      [
       -79.6153,
       30.40317
      ],
      [
       -79.61521,
       30.40263
      ],
      [
       -79.61557,
       30.40227
      ],
      [
       -79.61494,
       30.40155
      ],
      [
       -79.61494,
       30.40119
      ],
      [
       -79.61575,
       30.40065
      ],
      [
       -79.61503,
       30.40065
      ],
      [
       -79.61449,
       30.40029
      ],
      [
       -79.61449,
       30.39957
      ],
      [
       -79.61512,
       30.39921
      ],
      [
       -79.61503,
       30.39858
      ],
      [
       -79.61405,
       30.39858
      ],
      [
       -79.61369,
       30.39823
      ],
      [
       -79.61387,
       30.39769
      ],
      [
       -79.61351,
       30.3976
      ],
      [
       -79.61351,
       30.39858
      ],
      [
       -79.61414,
       30.39903
      ],
      [
       -79.61405,
       30.39957
      ],
      [
       -79.61449,
       30.40038
      ],
      [
       -79.61342,
       30.40119
      ],
      [
       -79.61449,
       30.40119
      ],
      [
       -79.61503,
       30.40191
      ],
      [
       -79.61503,
       30.40227
      ],
      [
       -79.61414,
       30.40263
      ],
      [
       -79.61369,
       30.40344
      ],
      [
       -79.61279,
       30.40344
      ],
      [
       -79.61378,
       30.40415
      ],
      [
       -79.6136,
       30.40478
      ],
      [
       -79.6144,
       30.40469
      ]
     ]
    ]
   },
   "properties": {
    "id": "det-15",
    "classification": "lookalike",
    "confidence": 0.497,
    "area_km2": 0.058,
    "elongation": 2.44,
    "edge_gradient": 18.991,
    "contrast_db": -2.97,
    "shape_class": "blob",
    "discharge_class": "acute",
    "centroid": [
     -79.61441,
     30.4014
    ],
    "vh_contrast_db": -0.331,
    "vh_mean_depth_db": 6.865,
    "solidity": 0.36,
    "mean_depth_db": 5.281
   }
  },
  {
   "type": "Feature",
   "geometry": {
    "type": "Polygon",
    "coordinates": [
     [
      [
       -79.62447,
       30.45626
      ],
      [
       -79.62447,
       30.45509
      ],
      [
       -79.62393,
       30.45464
      ],
      [
       -79.62402,
       30.45392
      ],
      [
       -79.62339,
       30.45356
      ],
      [
       -79.62312,
       30.45266
      ],
      [
       -79.62222,
       30.4523
      ],
      [
       -79.62186,
       30.45177
      ],
      [
       -79.62087,
       30.45239
      ],
      [
       -79.62141,
       30.45257
      ],
      [
       -79.62222,
       30.4523
      ],
      [
       -79.62294,
       30.4532
      ],
      [
       -79.62267,
       30.4541
      ],
      [
       -79.62177,
       30.45455
      ],
      [
       -79.62204,
       30.455
      ],
      [
       -79.62276,
       30.45482
      ],
      [
       -79.62303,
       30.45554
      ],
      [
       -79.62249,
       30.4559
      ],
      [
       -79.62186,
       30.45554
      ],
      [
       -79.62168,
       30.45572
      ],
      [
       -79.62258,
       30.45626
      ],
      [
       -79.62447,
       30.45626
      ]
     ]
    ]
   },
   "properties": {
    "id": "det-16",
    "classification": "lookalike",
    "confidence": 0.495,
    "area_km2": 0.061,
    "elongation": 1.9,
    "edge_gradient": 21.6137,
    "contrast_db": -2.94,
    "shape_class": "blob",
    "discharge_class": "acute",
    "centroid": [
     -79.62312,
     30.45458
    ],
    "vh_contrast_db": -1.557,
    "vh_mean_depth_db": 7.37,
    "solidity": 0.526,
    "mean_depth_db": 5.171
   }
  },
  {
   "type": "Feature",
   "geometry": {
    "type": "Polygon",
    "coordinates": [
     [
      [
       -79.60964,
       30.22081
      ],
      [
       -79.60982,
       30.21964
      ],
      [
       -79.60884,
       30.2191
      ],
      [
       -79.60839,
       30.2182
      ],
      [
       -79.60785,
       30.21802
      ],
      [
       -79.60731,
       30.2173
      ],
      [
       -79.6074,
       30.21802
      ],
      [
       -79.60632,
       30.21919
      ],
      [
       -79.60722,
       30.21955
      ],
      [
       -79.60722,
       30.22036
      ],
      [
       -79.60857,
       30.21991
      ],
      [
       -79.60919,
       30.22018
      ],
      [
       -79.60964,
       30.22081
      ]
     ]
    ]
   },
   "properties": {
    "id": "det-17",
    "classification": "lookalike",
    "confidence": 0.48,
    "area_km2": 0.054,
    "elongation": 1.95,
    "edge_gradient": 23.1111,
    "contrast_db": -2.76,
    "shape_class": "blob",
    "discharge_class": "acute",
    "centroid": [
     -79.60808,
     30.21919
    ],
    "vh_contrast_db": 0.609,
    "vh_mean_depth_db": 5.842,
    "solidity": 0.706,
    "mean_depth_db": 5.066
   }
  },
  {
   "type": "Feature",
   "geometry": {
    "type": "Polygon",
    "coordinates": [
     [
      [
       -79.60264,
       30.43551
      ],
      [
       -79.60336,
       30.43497
      ],
      [
       -79.60371,
       30.43425
      ],
      [
       -79.60452,
       30.43389
      ],
      [
       -79.60362,
       30.43335
      ],
      [
       -79.60345,
       30.43263
      ],
      [
       -79.60416,
       30.43227
      ],
      [
       -79.60515,
       30.43281
      ],
      [
       -79.60569,
       30.43272
      ],
      [
       -79.60632,
       30.43317
      ],
      [
       -79.60749,
       30.43155
      ],
      [
       -79.60776,
       30.43083
      ],
      [
       -79.60695,
       30.43012
      ],
      [
       -79.6065,
       30.43003
      ],
      [
       -79.60596,
       30.43065
      ],
      [
       -79.60524,
       30.4303
      ],
      [
       -79.60551,
       30.42967
      ],
      [
       -79.60614,
       30.42967
      ],
      [
       -79.60587,
       30.4285
      ],
      [
       -79.60587,
       30.42913
      ],
      [
       -79.60542,
       30.42976
      ],
      [
       -79.60461,
       30.42967
      ],
      [
       -79.60434,
       30.42904
      ],
      [
       -79.60398,
       30.42895
      ],
      [
       -79.60282,
       30.42994
      ],
      [
       -79.60318,
       30.43048
      ],
      [
       -79.60291,
       30.43146
      ],
      [
       -79.60309,
       30.43209
      ],
      [
       -79.60183,
       30.43272
      ],
      [
       -79.60084,
       30.43182
      ],
      [
       -79.60147,
       30.43281
      ],
      [
       -79.60228,
       30.43308
      ],
      [
       -79.60192,
       30.4338
      ],
      [
       -79.60246,
       30.4338
      ],
      [
       -79.60282,
       30.43416
      ],
      [
       -79.60282,
       30.4347
      ],
      [
       -79.60237,
       30.43506
      ],
      [
       -79.60264,
       30.43551
      ]
     ]
    ]
   },
   "properties": {
    "id": "det-18",
    "classification": "lookalike",
    "confidence": 0.475,
    "area_km2": 0.17,
    "elongation": 1.42,
    "edge_gradient": 21.8466,
    "contrast_db": -2.7,
    "shape_class": "blob",
    "discharge_class": "acute",
    "centroid": [
     -79.60459,
     30.43174
    ],
    "vh_contrast_db": 0.015,
    "vh_mean_depth_db": 6.247,
    "solidity": 0.569,
    "mean_depth_db": 5.317
   }
  },
  {
   "type": "Feature",
   "geometry": {
    "type": "Polygon",
    "coordinates": [
     [
      [
       -79.6569,
       30.51743
      ],
      [
       -79.65698,
       30.51662
      ],
      [
       -79.65654,
       30.51644
      ],
      [
       -79.65591,
       30.5168
      ],
      [
       -79.65528,
       30.51635
      ],
      [
       -79.6551,
       30.5151
      ],
      [
       -79.65564,
       30.51474
      ],
      [
       -79.65627,
       30.5151
      ],
      [
       -79.65707,
       30.51474
      ],
      [
       -79.65788,
       30.51546
      ],
      [
       -79.65752,
       30.5142
      ],
      [
       -79.65842,
       30.51357
      ],
      [
       -79.65788,
       30.51339
      ],
      [
       -79.65734,
       30.51366
      ],
      [
       -79.65654,
       30.5133
      ],
      [
       -79.65546,
       30.51375
      ],
      [
       -79.65474,
       30.51321
      ],
      [
       -79.65501,
       30.5124
      ],
      [
       -79.65438,
       30.51231
      ],
      [
       -79.65402,
       30.51195
      ],
      [
       -79.65402,
       30.5115
      ],
      [
       -79.65447,
       30.51069
      ],
      [
       -79.6551,
       30.51052
      ],
      [
       -79.65357,
       30.50971
      ],
      [
       -79.65375,
       30.5089
      ],
      [
       -79.65348,
       30.50809
      ],
      [
       -79.65321,
       30.508
      ],
      [
       -79.65267,
       30.50845
      ],
      [
       -79.65195,
       30.508
      ],
      [
       -79.65222,
       30.50737
      ],
      [
       -79.65303,
       30.50755
      ],
      [
       -79.65384,
       30.50638
      ],
      [
       -79.65465,
       30.5062
      ],
      [
       -79.65393,
       30.50593
      ],
      [
       -79.6533,
       30.5062
      ],
      [
       -79.65204,
       30.50575
      ],
      [
       -79.65213,
       30.50683
      ],
      [
       -79.65142,
       30.50728
      ],
      [
       -79.65061,
       30.50701
      ],
      [
       -79.65007,
       30.50845
      ],
      [
       -79.65106,
       30.50881
      ],
      [
       -79.65097,
       30.51016
      ],
      [
       -79.65258,
       30.50989
      ],
      [
       -79.65366,
       30.5106
      ],
      [
       -79.65357,
       30.51132
      ],
      [
       -79.6524,
       30.51186
      ],
      [
       -79.65321,
       30.51186
      ],
      [
       -79.65384,
       30.51294
      ],
      [
       -79.65375,
       30.51366
      ],
      [
       -79.65465,
       30.51402
      ],
      [
       -79.65438,
       30.51474
      ],
      [
       -79.65456,
       30.51546
      ],
      [
       -79.65429,
       30.51573
      ],
      [
       -79.65537,
       30.51644
      ],
      [
       -79.65519,
       30.51716
      ],
      [
       -79.656,
       30.5168
      ],
      [
       -79.6569,
       30.51743
      ]
     ]
    ]
   },
   "properties": {
    "id": "det-19",
    "classification": "lookalike",
    "confidence": 0.463,
    "area_km2": 0.223,
    "elongation": 2.11,
    "edge_gradient": 21.7587,
    "contrast_db": -2.56,
    "shape_class": "blob",
    "discharge_class": "acute",
    "centroid": [
     -79.65385,
     30.5111
    ],
    "vh_contrast_db": -0.854,
    "vh_mean_depth_db": 7.099,
    "solidity": 0.386,
    "mean_depth_db": 4.85
   }
  },
  {
   "type": "Feature",
   "geometry": {
    "type": "Polygon",
    "coordinates": [
     [
      [
       -79.67513,
       30.51851
      ],
      [
       -79.67531,
       30.51707
      ],
      [
       -79.67486,
       30.51707
      ],
      [
       -79.67387,
       30.51644
      ],
      [
       -79.67324,
       30.51707
      ],
      [
       -79.67262,
       30.51707
      ],
      [
       -79.67226,
       30.51671
      ],
      [
       -79.67235,
       30.51626
      ],
      [
       -79.67163,
       30.51555
      ],
      [
       -79.67091,
       30.51555
      ],
      [
       -79.67109,
       30.51608
      ],
      [
       -79.67163,
       30.51644
      ],
      [
       -79.67127,
       30.51743
      ],
      [
       -79.67226,
       30.51716
      ],
      [
       -79.67289,
       30.51788
      ],
      [
       -79.67414,
       30.51851
      ],
      [
       -79.67396,
       30.51959
      ],
      [
       -79.67513,
       30.51851
      ]
     ]
    ]
   },
   "properties": {
    "id": "det-20",
    "classification": "lookalike",
    "confidence": 0.455,
    "area_km2": 0.067,
    "elongation": 1.77,
    "edge_gradient": 19.7816,
    "contrast_db": -2.46,
    "shape_class": "blob",
    "discharge_class": "acute",
    "centroid": [
     -79.67347,
     30.51737
    ],
    "vh_contrast_db": 0.884,
    "vh_mean_depth_db": 6.317,
    "solidity": 0.608,
    "mean_depth_db": 5.233
   }
  },
  {
   "type": "Feature",
   "geometry": {
    "type": "Polygon",
    "coordinates": [
     [
      [
       -79.67585,
       30.55408
      ],
      [
       -79.67576,
       30.55372
      ],
      [
       -79.6745,
       30.55301
      ],
      [
       -79.6745,
       30.55265
      ],
      [
       -79.67513,
       30.5522
      ],
      [
       -79.67612,
       30.55247
      ],
      [
       -79.67612,
       30.5513
      ],
      [
       -79.67702,
       30.55067
      ],
      [
       -79.67639,
       30.54986
      ],
      [
       -79.67648,
       30.54941
      ],
      [
       -79.67594,
       30.54905
      ],
      [
       -79.67576,
       30.54815
      ],
      [
       -79.67513,
       30.5486
      ],
      [
       -79.6736,
       30.54771
      ],
      [
       -79.67387,
       30.54663
      ],
      [
       -79.67253,
       30.54546
      ],
      [
       -79.67262,
       30.54501
      ],
      [
       -79.67154,
       30.54402
      ],
      [
       -79.6719,
       30.54187
      ],
      [
       -79.67145,
       30.54187
      ],
      [
       -79.67118,
       30.5425
      ],
      [
       -79.6701,
       30.54285
      ],
      [
       -79.66938,
       30.54223
      ],
      [
       -79.66857,
       30.54214
      ],
      [
       -79.66821,
       30.54178
      ],
      [
       -79.66848,
       30.54088
      ],
      [
       -79.66893,
       30.54061
      ],
      [
       -79.66857,
       30.54034
      ],
      [
       -79.66866,
       30.5398
      ],
      [
       -79.6683,
       30.5398
      ],
      [
       -79.66785,
       30.53926
      ],
      [
       -79.66821,
       30.53854
      ],
      [
       -79.66866,
       30.53854
      ],
      [
       -79.66857,
       30.538
      ],
      [
       -79.6675,
       30.53693
      ],
      [
       -79.66803,
       30.53504
      ],
      [
       -79.66642,
       30.53657
      ],
      [
       -79.66561,
       30.5363
      ],
      [
       -79.6657,
       30.53522
      ],
      [
       -79.66534,
       30.5345
      ],
      [
       -79.66444,
       30.53396
      ],
      [
       -79.66444,
       30.5336
      ],
      [
       -79.66507,
       30.53297
      ],
      [
       -79.66471,
       30.53261
      ],
      [
       -79.66471,
       30.53207
      ],
      [
       -79.66534,
       30.53154
      ],
      [
       -79.66417,
       30.5301
      ],
      [
       -79.66363,
       30.53037
      ],
      [
       -79.66291,
       30.52983
      ],
      [
       -79.66291,
       30.52938
      ],
      [
       -79.66372,
       30.52893
      ],
      [
       -79.66291,
       30.52866
      ],
      [
       -79.66255,
       30.52785
      ],
      [
       -79.66184,
       30.52902
      ],
      [
       -79.66103,
       30.5292
      ],
      [
       -79.66067,
       30.53109
      ],
      [
       -79.66013,
       30.53163
      ],
      [
       -79.66121,
       30.53154
      ],
      [
       -79.66157,
       30.53261
      ],
      [
       -79.66193,
       30.53288
      ],
      [
       -79.66166,
       30.53378
      ],
      [
       -79.66264,
       30.53369
      ],
      [
       -79.66363,
       30.53441
      ],
      [
       -79.66309,
       30.5354
      ],
      [
       -79.66327,
       30.53603
      ],
      [
       -79.66408,
       30.53639
      ],
      [
       -79.66408,
       30.53746
      ],
      [
       -79.66336,
       30.53809
      ],
      [
       -79.66435,
       30.53872
      ],
      [
       -79.66462,
       30.53944
      ],
      [
       -79.66498,
       30.53935
      ],
      [
       -79.66552,
       30.53971
      ],
      [
       -79.6657,
       30.54106
      ],
      [
       -79.66633,
       30.54088
      ],
      [
       -79.66687,
       30.54124
      ],
      [
       -79.66669,
       30.54196
      ],
      [
       -79.66741,
       30.54169
      ],
      [
       -79.66839,
       30.54241
      ],
      [
       -79.66839,
       30.54276
      ],
      [
       -79.66759,
       30.5433
      ],
      [
       -79.66696,
       30.54276
      ],
      [
       -79.66669,
       30.54294
      ],
      [
       -79.66794,
       30.54465
      ],
      [
       -79.66794,
       30.54501
      ],
      [
       -79.66857,
       30.54483
      ],
      [
       -79.66911,
       30.54519
      ],
      [
       -79.6692,
       30.54627
      ],
      [
       -79.66866,
       30.5469
      ],
      [
       -79.6692,
       30.54726
      ],
      [
       -79.66938,
       30.5478
      ],
      [
       -79.66911,
       30.54869
      ],
      [
       -79.66857,
       30.54905
      ],
      [
       -79.66705,
       30.54887
      ],
      [
       -79.6675,
       30.54923
      ],
      [
       -79.6675,
       30.54959
      ],
      [
       -79.6666,
       30.55004
      ],
      [
       -79.66794,
       30.55022
      ],
      [
       -79.66839,
       30.54968
      ],
      [
       -79.66929,
       30.54977
      ],
      [
       -79.66938,
       30.54878
      ],
      [
       -79.67019,
       30.54851
      ],
      [
       -79.67055,
       30.54923
      ],
      [
       -79.67037,
       30.54995
      ],
      [
       -79.66956,
       30.55022
      ],
      [
       -79.67001,
       30.55076
      ],
      [
       -79.66965,
       30.55157
      ],
      [
       -79.67082,
       30.55121
      ],
      [
       -79.67127,
       30.55157
      ],
      [
       -79.671,
       30.55256
      ],
      [
       -79.67163,
       30.55211
      ],
      [
       -79.67217,
       30.55256
      ],
      [
       -79.6728,
       30.55256
      ],
      [
       -79.67315,
       30.55301
      ],
      [
       -79.67378,
       30.55301
      ],
      [
       -79.67414,
       30.55336
      ],
      [
       -79.67405,
       30.55408
      ],
      [
       -79.67585,
       30.55408
      ]
     ]
    ]
   },
   "properties": {
    "id": "det-21",
    "classification": "lookalike",
    "confidence": 0.451,
    "area_km2": 0.949,
    "elongation": 3.42,
    "edge_gradient": 19.0314,
    "contrast_db": -2.41,
    "shape_class": "linear",
    "discharge_class": "unknown",
    "centroid": [
     -79.66873,
     30.5426
    ],
    "vh_contrast_db": -0.046,
    "vh_mean_depth_db": 6.508,
    "solidity": 0.477,
    "mean_depth_db": 5.209
   }
  },
  {
   "type": "Feature",
   "geometry": {
    "type": "Polygon",
    "coordinates": [
     [
      [
       -79.63596,
       30.50809
      ],
      [
       -79.63543,
       30.50764
      ],
      [
       -79.63444,
       30.50809
      ],
      [
       -79.63381,
       30.50764
      ],
      [
       -79.63381,
       30.50728
      ],
      [
       -79.6348,
       30.50638
      ],
      [
       -79.63417,
       30.5062
      ],
      [
       -79.63426,
       30.50665
      ],
      [
       -79.63372,
       30.50701
      ],
      [
       -79.63318,
       30.50665
      ],
      [
       -79.63318,
       30.50629
      ],
      [
       -79.63381,
       30.50602
      ],
      [
       -79.63345,
       30.50566
      ],
      [
       -79.63345,
       30.50521
      ],
      [
       -79.63435,
       30.5045
      ],
      [
       -79.6339,
       30.50432
      ],
      [
       -79.63282,
       30.50459
      ],
      [
       -79.63201,
       30.50288
      ],
      [
       -79.63093,
       30.50243
      ],
      [
       -79.63066,
       30.50297
      ],
      [
       -79.63111,
       30.50351
      ],
      [
       -79.63102,
       30.50423
      ],
      [
       -79.63174,
       30.50387
      ],
      [
       -79.63237,
       30.50432
      ],
      [
       -79.63237,
       30.50486
      ],
      [
       -79.63318,
       30.50566
      ],
      [
       -79.63282,
       30.50656
      ],
      [
       -79.63372,
       30.50728
      ],
      [
       -79.63372,
       30.50836
      ],
      [
       -79.63408,
       30.50845
      ],
      [
       -79.6348,
       30.50791
      ],
      [
       -79.63596,
       30.50809
      ]
     ]
    ]
   },
   "properties": {
    "id": "det-22",
    "classification": "lookalike",
    "confidence": 0.45,
    "area_km2": 0.059,
    "elongation": 2.64,
    "edge_gradient": 23.0446,
    "contrast_db": -3.4,
    "shape_class": "blob",
    "discharge_class": "acute",
    "centroid": [
     -79.63296,
     30.50516
    ],
    "vh_contrast_db": 1.075,
    "vh_mean_depth_db": 6.124,
    "solidity": 0.376,
    "mean_depth_db": 5.31
   }
  },
  {
   "type": "Feature",
   "geometry": {
    "type": "Polygon",
    "coordinates": [
     [
      [
       -79.64881,
       30.23024
      ],
      [
       -79.64899,
       30.22988
      ],
      [
       -79.64836,
       30.22943
      ],
      [
       -79.64845,
       30.22898
      ],
      [
       -79.64737,
       30.2288
      ],
      [
       -79.64701,
       30.22844
      ],
      [
       -79.64737,
       30.22719
      ],
      [
       -79.64656,
       30.22737
      ],
      [
       -79.64576,
       30.22683
      ],
      [
       -79.64567,
       30.22602
      ],
      [
       -79.64486,
       30.2253
      ],
      [
       -79.6445,
       30.22413
      ],
      [
       -79.64387,
       30.22368
      ],
      [
       -79.64387,
       30.22314
      ],
      [
       -79.64333,
       30.22261
      ],
      [
       -79.64279,
       30.22341
      ],
      [
       -79.64306,
       30.22377
      ],
      [
       -79.64369,
       30.22386
      ],
      [
       -79.64396,
       30.22449
      ],
      [
       -79.64306,
       30.22539
      ],
      [
       -79.64387,
       30.22485
      ],
      [
       -79.64513,
       30.22557
      ],
      [
       -79.64504,
       30.22638
      ],
      [
       -79.64567,
       30.22665
      ],
      [
       -79.64558,
       30.2271
      ],
      [
       -79.64603,
       30.22755
      ],
      [
       -79.64674,
       30.22782
      ],
      [
       -79.64647,
       30.22925
      ],
      [
       -79.64746,
       30.22988
      ],
      [
       -79.64755,
       30.2306
      ],
      [
       -79.64881,
       30.23024
      ]
     ]
    ]
   },
   "properties": {
    "id": "det-23",
    "classification": "lookalike",
    "confidence": 0.45,
    "area_km2": 0.073,
    "elongation": 3.97,
    "edge_gradient": 19.3749,
    "contrast_db": -3.65,
    "shape_class": "linear",
    "discharge_class": "unknown",
    "centroid": [
     -79.64604,
     30.2271
    ],
    "vh_contrast_db": -1.972,
    "vh_mean_depth_db": 7.338,
    "solidity": 0.402,
    "mean_depth_db": 5.978
   }
  }
 ]
}